file,writer_id,split,page
F:\PycharmProjects\DeepWriterID-v2\\data\raw\WPTT2.0-Train\015-P17.wptt,15,Train,015-P17
F:\PycharmProjects\DeepWriterID-v2\\data\raw\WPTT2.0-Train\015-P18.wptt,15,Train,015-P18
F:\PycharmProjects\DeepWriterID-v2\\data\raw\WPTT2.0-Train\015-P19.wptt,15,Train,015-P19
F:\PycharmProjects\DeepWriterID-v2\\data\raw\WPTT2.0-Train\015-P20.wptt,15,Train,015-P20
F:\PycharmProjects\DeepWriterID-v2\\data\raw\WPTT2.0-Train\015-P16.wptt,15,Test,015-P16
F:\PycharmProjects\DeepWriterID-v2\\data\raw\WPTT2.0-Train\001-P16.wptt,1,Train,001-P16
F:\PycharmProjects\DeepWriterID-v2\\data\raw\WPTT2.0-Train\001-P17.wptt,1,Train,001-P17
F:\PycharmProjects\DeepWriterID-v2\\data\raw\WPTT2.0-Train\001-P18.wptt,1,Test,001-P18
F:\PycharmProjects\DeepWriterID-v2\\data\raw\WPTT2.0-Train\001-P19.wptt,1,Train,001-P19
F:\PycharmProjects\DeepWriterID-v2\\data\raw\WPTT2.0-Train\001-P20.wptt,1,Train,001-P20
F:\PycharmProjects\DeepWriterID-v2\\data\raw\WPTT2.0-Train\016-P17.wptt,16,Test,016-P17
F:\PycharmProjects\DeepWriterID-v2\\data\raw\WPTT2.0-Train\016-P16.wptt,16,Train,016-P16
F:\PycharmProjects\DeepWriterID-v2\\data\raw\WPTT2.0-Train\016-P18.wptt,16,Train,016-P18
F:\PycharmProjects\DeepWriterID-v2\\data\raw\WPTT2.0-Train\016-P19.wptt,16,Train,016-P19
F:\PycharmProjects\DeepWriterID-v2\\data\raw\WPTT2.0-Train\016-P20.wptt,16,Train,016-P20
F:\PycharmProjects\DeepWriterID-v2\\data\raw\WPTT2.0-Train\002-P16.wptt,2,Train,002-P16
F:\PycharmProjects\DeepWriterID-v2\\data\raw\WPTT2.0-Train\002-P17.wptt,2,Train,002-P17
F:\PycharmProjects\DeepWriterID-v2\\data\raw\WPTT2.0-Train\002-P18.wptt,2,Train,002-P18
F:\PycharmProjects\DeepWriterID-v2\\data\raw\WPTT2.0-Train\002-P19.wptt,2,Test,002-P19
F:\PycharmProjects\DeepWriterID-v2\\data\raw\WPTT2.0-Train\002-P20.wptt,2,Train,002-P20
F:\PycharmProjects\DeepWriterID-v2\\data\raw\WPTT2.0-Train\018-P20.wptt,18,Train,018-P20
F:\PycharmProjects\DeepWriterID-v2\\data\raw\WPTT2.0-Train\018-P16.wptt,18,Train,018-P16
F:\PycharmProjects\DeepWriterID-v2\\data\raw\WPTT2.0-Train\018-P17.wptt,18,Test,018-P17
F:\PycharmProjects\DeepWriterID-v2\\data\raw\WPTT2.0-Train\018-P18.wptt,18,Train,018-P18
F:\PycharmProjects\DeepWriterID-v2\\data\raw\WPTT2.0-Train\018-P19.wptt,18,Train,018-P19
F:\PycharmProjects\DeepWriterID-v2\\data\raw\WPTT2.0-Train\019-P16.wptt,19,Train,019-P16
F:\PycharmProjects\DeepWriterID-v2\\data\raw\WPTT2.0-Train\019-P17.wptt,19,Train,019-P17
F:\PycharmProjects\DeepWriterID-v2\\data\raw\WPTT2.0-Train\019-P18.wptt,19,Test,019-P18
F:\PycharmProjects\DeepWriterID-v2\\data\raw\WPTT2.0-Train\019-P19.wptt,19,Train,019-P19
F:\PycharmProjects\DeepWriterID-v2\\data\raw\WPTT2.0-Train\019-P20.wptt,19,Train,019-P20
F:\PycharmProjects\DeepWriterID-v2\\data\raw\WPTT2.0-Train\003-P16.wptt,3,Train,003-P16
F:\PycharmProjects\DeepWriterID-v2\\data\raw\WPTT2.0-Train\003-P17.wptt,3,Test,003-P17
F:\PycharmProjects\DeepWriterID-v2\\data\raw\WPTT2.0-Train\003-P18.wptt,3,Train,003-P18
F:\PycharmProjects\DeepWriterID-v2\\data\raw\WPTT2.0-Train\003-P19.wptt,3,Train,003-P19
F:\PycharmProjects\DeepWriterID-v2\\data\raw\WPTT2.0-Train\003-P20.wptt,3,Train,003-P20
F:\PycharmProjects\DeepWriterID-v2\\data\raw\WPTT2.0-Train\021-P16.wptt,21,Train,021-P16
F:\PycharmProjects\DeepWriterID-v2\\data\raw\WPTT2.0-Train\021-P17.wptt,21,Train,021-P17
F:\PycharmProjects\DeepWriterID-v2\\data\raw\WPTT2.0-Train\021-P18.wptt,21,Test,021-P18
F:\PycharmProjects\DeepWriterID-v2\\data\raw\WPTT2.0-Train\021-P19.wptt,21,Train,021-P19
F:\PycharmProjects\DeepWriterID-v2\\data\raw\WPTT2.0-Train\021-P20.wptt,21,Train,021-P20
F:\PycharmProjects\DeepWriterID-v2\\data\raw\WPTT2.0-Train\004-P16.wptt,4,Test,004-P16
F:\PycharmProjects\DeepWriterID-v2\\data\raw\WPTT2.0-Train\004-P17.wptt,4,Train,004-P17
F:\PycharmProjects\DeepWriterID-v2\\data\raw\WPTT2.0-Train\004-P18.wptt,4,Train,004-P18
F:\PycharmProjects\DeepWriterID-v2\\data\raw\WPTT2.0-Train\004-P19.wptt,4,Train,004-P19
F:\PycharmProjects\DeepWriterID-v2\\data\raw\WPTT2.0-Train\004-P20.wptt,4,Train,004-P20
F:\PycharmProjects\DeepWriterID-v2\\data\raw\WPTT2.0-Train\022-P16.wptt,22,Test,022-P16
F:\PycharmProjects\DeepWriterID-v2\\data\raw\WPTT2.0-Train\022-P17.wptt,22,Train,022-P17
F:\PycharmProjects\DeepWriterID-v2\\data\raw\WPTT2.0-Train\022-P18.wptt,22,Train,022-P18
F:\PycharmProjects\DeepWriterID-v2\\data\raw\WPTT2.0-Train\022-P19.wptt,22,Train,022-P19
F:\PycharmProjects\DeepWriterID-v2\\data\raw\WPTT2.0-Train\022-P20.wptt,22,Train,022-P20
F:\PycharmProjects\DeepWriterID-v2\\data\raw\WPTT2.0-Train\005-P16.wptt,5,Train,005-P16
F:\PycharmProjects\DeepWriterID-v2\\data\raw\WPTT2.0-Train\005-P17.wptt,5,Train,005-P17
F:\PycharmProjects\DeepWriterID-v2\\data\raw\WPTT2.0-Train\005-P18.wptt,5,Train,005-P18
F:\PycharmProjects\DeepWriterID-v2\\data\raw\WPTT2.0-Train\005-P19.wptt,5,Test,005-P19
F:\PycharmProjects\DeepWriterID-v2\\data\raw\WPTT2.0-Train\005-P20.wptt,5,Train,005-P20
F:\PycharmProjects\DeepWriterID-v2\\data\raw\WPTT2.0-Train\023-P16.wptt,23,Test,023-P16
F:\PycharmProjects\DeepWriterID-v2\\data\raw\WPTT2.0-Train\023-P17.wptt,23,Train,023-P17
F:\PycharmProjects\DeepWriterID-v2\\data\raw\WPTT2.0-Train\023-P18.wptt,23,Train,023-P18
F:\PycharmProjects\DeepWriterID-v2\\data\raw\WPTT2.0-Train\023-P19.wptt,23,Train,023-P19
F:\PycharmProjects\DeepWriterID-v2\\data\raw\WPTT2.0-Train\023-P20.wptt,23,Train,023-P20
F:\PycharmProjects\DeepWriterID-v2\\data\raw\WPTT2.0-Train\007-P16.wptt,7,Test,007-P16
F:\PycharmProjects\DeepWriterID-v2\\data\raw\WPTT2.0-Train\007-P17.wptt,7,Train,007-P17
F:\PycharmProjects\DeepWriterID-v2\\data\raw\WPTT2.0-Train\007-P18.wptt,7,Train,007-P18
F:\PycharmProjects\DeepWriterID-v2\\data\raw\WPTT2.0-Train\007-P19.wptt,7,Train,007-P19
F:\PycharmProjects\DeepWriterID-v2\\data\raw\WPTT2.0-Train\007-P20.wptt,7,Train,007-P20
F:\PycharmProjects\DeepWriterID-v2\\data\raw\WPTT2.0-Train\024-P16.wptt,24,Test,024-P16
F:\PycharmProjects\DeepWriterID-v2\\data\raw\WPTT2.0-Train\024-P17.wptt,24,Train,024-P17
F:\PycharmProjects\DeepWriterID-v2\\data\raw\WPTT2.0-Train\024-P18.wptt,24,Train,024-P18
F:\PycharmProjects\DeepWriterID-v2\\data\raw\WPTT2.0-Train\024-P19.wptt,24,Train,024-P19
F:\PycharmProjects\DeepWriterID-v2\\data\raw\WPTT2.0-Train\024-P20.wptt,24,Train,024-P20
F:\PycharmProjects\DeepWriterID-v2\\data\raw\WPTT2.0-Train\008-P16.wptt,8,Train,008-P16
F:\PycharmProjects\DeepWriterID-v2\\data\raw\WPTT2.0-Train\008-P17.wptt,8,Train,008-P17
F:\PycharmProjects\DeepWriterID-v2\\data\raw\WPTT2.0-Train\008-P18.wptt,8,Train,008-P18
F:\PycharmProjects\DeepWriterID-v2\\data\raw\WPTT2.0-Train\008-P19.wptt,8,Train,008-P19
F:\PycharmProjects\DeepWriterID-v2\\data\raw\WPTT2.0-Train\008-P20.wptt,8,Test,008-P20
F:\PycharmProjects\DeepWriterID-v2\\data\raw\WPTT2.0-Train\025-P16.wptt,25,Train,025-P16
F:\PycharmProjects\DeepWriterID-v2\\data\raw\WPTT2.0-Train\025-P17.wptt,25,Test,025-P17
F:\PycharmProjects\DeepWriterID-v2\\data\raw\WPTT2.0-Train\025-P18.wptt,25,Train,025-P18
F:\PycharmProjects\DeepWriterID-v2\\data\raw\WPTT2.0-Train\025-P19.wptt,25,Train,025-P19
F:\PycharmProjects\DeepWriterID-v2\\data\raw\WPTT2.0-Train\025-P20.wptt,25,Train,025-P20
F:\PycharmProjects\DeepWriterID-v2\\data\raw\WPTT2.0-Train\009-P16.wptt,9,Train,009-P16
F:\PycharmProjects\DeepWriterID-v2\\data\raw\WPTT2.0-Train\009-P17.wptt,9,Test,009-P17
F:\PycharmProjects\DeepWriterID-v2\\data\raw\WPTT2.0-Train\009-P18.wptt,9,Train,009-P18
F:\PycharmProjects\DeepWriterID-v2\\data\raw\WPTT2.0-Train\009-P19.wptt,9,Train,009-P19
F:\PycharmProjects\DeepWriterID-v2\\data\raw\WPTT2.0-Train\009-P20.wptt,9,Train,009-P20
F:\PycharmProjects\DeepWriterID-v2\\data\raw\WPTT2.0-Train\026-P16.wptt,26,Train,026-P16
F:\PycharmProjects\DeepWriterID-v2\\data\raw\WPTT2.0-Train\026-P17.wptt,26,Test,026-P17
F:\PycharmProjects\DeepWriterID-v2\\data\raw\WPTT2.0-Train\026-P18.wptt,26,Train,026-P18
F:\PycharmProjects\DeepWriterID-v2\\data\raw\WPTT2.0-Train\026-P19.wptt,26,Train,026-P19
F:\PycharmProjects\DeepWriterID-v2\\data\raw\WPTT2.0-Train\026-P20.wptt,26,Train,026-P20
F:\PycharmProjects\DeepWriterID-v2\\data\raw\WPTT2.0-Train\010-P16.wptt,10,Train,010-P16
F:\PycharmProjects\DeepWriterID-v2\\data\raw\WPTT2.0-Train\010-P17.wptt,10,Train,010-P17
F:\PycharmProjects\DeepWriterID-v2\\data\raw\WPTT2.0-Train\010-P18.wptt,10,Test,010-P18
F:\PycharmProjects\DeepWriterID-v2\\data\raw\WPTT2.0-Train\010-P19.wptt,10,Train,010-P19
F:\PycharmProjects\DeepWriterID-v2\\data\raw\WPTT2.0-Train\010-P20.wptt,10,Train,010-P20
F:\PycharmProjects\DeepWriterID-v2\\data\raw\WPTT2.0-Train\027-P16.wptt,27,Train,027-P16
F:\PycharmProjects\DeepWriterID-v2\\data\raw\WPTT2.0-Train\027-P17.wptt,27,Train,027-P17
F:\PycharmProjects\DeepWriterID-v2\\data\raw\WPTT2.0-Train\027-P18.wptt,27,Train,027-P18
F:\PycharmProjects\DeepWriterID-v2\\data\raw\WPTT2.0-Train\027-P19.wptt,27,Train,027-P19
F:\PycharmProjects\DeepWriterID-v2\\data\raw\WPTT2.0-Train\027-P20.wptt,27,Test,027-P20
F:\PycharmProjects\DeepWriterID-v2\\data\raw\WPTT2.0-Train\011-P16.wptt,11,Train,011-P16
F:\PycharmProjects\DeepWriterID-v2\\data\raw\WPTT2.0-Train\011-P17.wptt,11,Train,011-P17
F:\PycharmProjects\DeepWriterID-v2\\data\raw\WPTT2.0-Train\011-P18.wptt,11,Test,011-P18
F:\PycharmProjects\DeepWriterID-v2\\data\raw\WPTT2.0-Train\011-P19.wptt,11,Train,011-P19
F:\PycharmProjects\DeepWriterID-v2\\data\raw\WPTT2.0-Train\011-P20.wptt,11,Train,011-P20
F:\PycharmProjects\DeepWriterID-v2\\data\raw\WPTT2.0-Train\028-P16.wptt,28,Train,028-P16
F:\PycharmProjects\DeepWriterID-v2\\data\raw\WPTT2.0-Train\028-P17.wptt,28,Train,028-P17
F:\PycharmProjects\DeepWriterID-v2\\data\raw\WPTT2.0-Train\028-P18.wptt,28,Test,028-P18
F:\PycharmProjects\DeepWriterID-v2\\data\raw\WPTT2.0-Train\028-P19.wptt,28,Train,028-P19
F:\PycharmProjects\DeepWriterID-v2\\data\raw\WPTT2.0-Train\028-P20.wptt,28,Train,028-P20
F:\PycharmProjects\DeepWriterID-v2\\data\raw\WPTT2.0-Train\012-P16.wptt,12,Train,012-P16
F:\PycharmProjects\DeepWriterID-v2\\data\raw\WPTT2.0-Train\012-P17.wptt,12,Train,012-P17
F:\PycharmProjects\DeepWriterID-v2\\data\raw\WPTT2.0-Train\012-P18.wptt,12,Train,012-P18
F:\PycharmProjects\DeepWriterID-v2\\data\raw\WPTT2.0-Train\012-P19.wptt,12,Train,012-P19
F:\PycharmProjects\DeepWriterID-v2\\data\raw\WPTT2.0-Train\012-P20.wptt,12,Test,012-P20
F:\PycharmProjects\DeepWriterID-v2\\data\raw\WPTT2.0-Train\030-P16.wptt,30,Train,030-P16
F:\PycharmProjects\DeepWriterID-v2\\data\raw\WPTT2.0-Train\030-P17.wptt,30,Test,030-P17
F:\PycharmProjects\DeepWriterID-v2\\data\raw\WPTT2.0-Train\030-P18.wptt,30,Train,030-P18
F:\PycharmProjects\DeepWriterID-v2\\data\raw\WPTT2.0-Train\030-P19.wptt,30,Train,030-P19
F:\PycharmProjects\DeepWriterID-v2\\data\raw\WPTT2.0-Train\030-P20.wptt,30,Train,030-P20
F:\PycharmProjects\DeepWriterID-v2\\data\raw\WPTT2.0-Train\014-P16.wptt,14,Train,014-P16
F:\PycharmProjects\DeepWriterID-v2\\data\raw\WPTT2.0-Train\014-P17.wptt,14,Train,014-P17
F:\PycharmProjects\DeepWriterID-v2\\data\raw\WPTT2.0-Train\014-P18.wptt,14,Test,014-P18
F:\PycharmProjects\DeepWriterID-v2\\data\raw\WPTT2.0-Train\014-P19.wptt,14,Train,014-P19
F:\PycharmProjects\DeepWriterID-v2\\data\raw\WPTT2.0-Train\014-P20.wptt,14,Train,014-P20
F:\PycharmProjects\DeepWriterID-v2\\data\raw\WPTT2.0-Train\031-P16.wptt,31,Train,031-P16
F:\PycharmProjects\DeepWriterID-v2\\data\raw\WPTT2.0-Train\031-P17.wptt,31,Train,031-P17
F:\PycharmProjects\DeepWriterID-v2\\data\raw\WPTT2.0-Train\031-P18.wptt,31,Train,031-P18
F:\PycharmProjects\DeepWriterID-v2\\data\raw\WPTT2.0-Train\031-P19.wptt,31,Test,031-P19
F:\PycharmProjects\DeepWriterID-v2\\data\raw\WPTT2.0-Train\031-P20.wptt,31,Train,031-P20
F:\PycharmProjects\DeepWriterID-v2\\data\raw\WPTT2.0-Train\017-P16.wptt,17,Train,017-P16
F:\PycharmProjects\DeepWriterID-v2\\data\raw\WPTT2.0-Train\017-P17.wptt,17,Train,017-P17
F:\PycharmProjects\DeepWriterID-v2\\data\raw\WPTT2.0-Train\017-P18.wptt,17,Train,017-P18
F:\PycharmProjects\DeepWriterID-v2\\data\raw\WPTT2.0-Train\017-P19.wptt,17,Train,017-P19
F:\PycharmProjects\DeepWriterID-v2\\data\raw\WPTT2.0-Train\017-P20.wptt,17,Test,017-P20
F:\PycharmProjects\DeepWriterID-v2\\data\raw\WPTT2.0-Train\032-P16.wptt,32,Train,032-P16
F:\PycharmProjects\DeepWriterID-v2\\data\raw\WPTT2.0-Train\032-P17.wptt,32,Test,032-P17
F:\PycharmProjects\DeepWriterID-v2\\data\raw\WPTT2.0-Train\032-P18.wptt,32,Train,032-P18
F:\PycharmProjects\DeepWriterID-v2\\data\raw\WPTT2.0-Train\032-P19.wptt,32,Train,032-P19
F:\PycharmProjects\DeepWriterID-v2\\data\raw\WPTT2.0-Train\032-P20.wptt,32,Train,032-P20
F:\PycharmProjects\DeepWriterID-v2\\data\raw\WPTT2.0-Train\033-P16.wptt,33,Train,033-P16
F:\PycharmProjects\DeepWriterID-v2\\data\raw\WPTT2.0-Train\033-P17.wptt,33,Test,033-P17
F:\PycharmProjects\DeepWriterID-v2\\data\raw\WPTT2.0-Train\033-P18.wptt,33,Train,033-P18
F:\PycharmProjects\DeepWriterID-v2\\data\raw\WPTT2.0-Train\033-P19.wptt,33,Train,033-P19
F:\PycharmProjects\DeepWriterID-v2\\data\raw\WPTT2.0-Train\033-P20.wptt,33,Train,033-P20
F:\PycharmProjects\DeepWriterID-v2\\data\raw\WPTT2.0-Train\151-P20.wptt,151,Train,151-P20
F:\PycharmProjects\DeepWriterID-v2\\data\raw\WPTT2.0-Train\151-P16.wptt,151,Train,151-P16
F:\PycharmProjects\DeepWriterID-v2\\data\raw\WPTT2.0-Train\151-P17.wptt,151,Test,151-P17
F:\PycharmProjects\DeepWriterID-v2\\data\raw\WPTT2.0-Train\151-P18.wptt,151,Train,151-P18
F:\PycharmProjects\DeepWriterID-v2\\data\raw\WPTT2.0-Train\151-P19.wptt,151,Train,151-P19
F:\PycharmProjects\DeepWriterID-v2\\data\raw\WPTT2.0-Train\034-P16.wptt,34,Test,034-P16
F:\PycharmProjects\DeepWriterID-v2\\data\raw\WPTT2.0-Train\034-P17.wptt,34,Train,034-P17
F:\PycharmProjects\DeepWriterID-v2\\data\raw\WPTT2.0-Train\034-P18.wptt,34,Train,034-P18
F:\PycharmProjects\DeepWriterID-v2\\data\raw\WPTT2.0-Train\034-P19.wptt,34,Train,034-P19
F:\PycharmProjects\DeepWriterID-v2\\data\raw\WPTT2.0-Train\034-P20.wptt,34,Train,034-P20
F:\PycharmProjects\DeepWriterID-v2\\data\raw\WPTT2.0-Train\035-P16.wptt,35,Train,035-P16
F:\PycharmProjects\DeepWriterID-v2\\data\raw\WPTT2.0-Train\035-P17.wptt,35,Train,035-P17
F:\PycharmProjects\DeepWriterID-v2\\data\raw\WPTT2.0-Train\035-P18.wptt,35,Train,035-P18
F:\PycharmProjects\DeepWriterID-v2\\data\raw\WPTT2.0-Train\035-P19.wptt,35,Test,035-P19
F:\PycharmProjects\DeepWriterID-v2\\data\raw\WPTT2.0-Train\035-P20.wptt,35,Train,035-P20
F:\PycharmProjects\DeepWriterID-v2\\data\raw\WPTT2.0-Train\036-P16.wptt,36,Train,036-P16
F:\PycharmProjects\DeepWriterID-v2\\data\raw\WPTT2.0-Train\036-P17.wptt,36,Train,036-P17
F:\PycharmProjects\DeepWriterID-v2\\data\raw\WPTT2.0-Train\036-P18.wptt,36,Train,036-P18
F:\PycharmProjects\DeepWriterID-v2\\data\raw\WPTT2.0-Train\036-P19.wptt,36,Train,036-P19
F:\PycharmProjects\DeepWriterID-v2\\data\raw\WPTT2.0-Train\036-P20.wptt,36,Test,036-P20
F:\PycharmProjects\DeepWriterID-v2\\data\raw\WPTT2.0-Train\037-P16.wptt,37,Train,037-P16
F:\PycharmProjects\DeepWriterID-v2\\data\raw\WPTT2.0-Train\037-P17.wptt,37,Train,037-P17
F:\PycharmProjects\DeepWriterID-v2\\data\raw\WPTT2.0-Train\037-P18.wptt,37,Train,037-P18
F:\PycharmProjects\DeepWriterID-v2\\data\raw\WPTT2.0-Train\037-P19.wptt,37,Test,037-P19
F:\PycharmProjects\DeepWriterID-v2\\data\raw\WPTT2.0-Train\037-P20.wptt,37,Train,037-P20
F:\PycharmProjects\DeepWriterID-v2\\data\raw\WPTT2.0-Train\039-P16.wptt,39,Train,039-P16
F:\PycharmProjects\DeepWriterID-v2\\data\raw\WPTT2.0-Train\039-P17.wptt,39,Train,039-P17
F:\PycharmProjects\DeepWriterID-v2\\data\raw\WPTT2.0-Train\039-P18.wptt,39,Train,039-P18
F:\PycharmProjects\DeepWriterID-v2\\data\raw\WPTT2.0-Train\039-P19.wptt,39,Test,039-P19
F:\PycharmProjects\DeepWriterID-v2\\data\raw\WPTT2.0-Train\039-P20.wptt,39,Train,039-P20
F:\PycharmProjects\DeepWriterID-v2\\data\raw\WPTT2.0-Train\040-P16.wptt,40,Test,040-P16
F:\PycharmProjects\DeepWriterID-v2\\data\raw\WPTT2.0-Train\040-P17.wptt,40,Train,040-P17
F:\PycharmProjects\DeepWriterID-v2\\data\raw\WPTT2.0-Train\040-P18.wptt,40,Train,040-P18
F:\PycharmProjects\DeepWriterID-v2\\data\raw\WPTT2.0-Train\040-P19.wptt,40,Train,040-P19
F:\PycharmProjects\DeepWriterID-v2\\data\raw\WPTT2.0-Train\040-P20.wptt,40,Train,040-P20
F:\PycharmProjects\DeepWriterID-v2\\data\raw\WPTT2.0-Train\041-P16.wptt,41,Train,041-P16
F:\PycharmProjects\DeepWriterID-v2\\data\raw\WPTT2.0-Train\041-P17.wptt,41,Train,041-P17
F:\PycharmProjects\DeepWriterID-v2\\data\raw\WPTT2.0-Train\041-P18.wptt,41,Train,041-P18
F:\PycharmProjects\DeepWriterID-v2\\data\raw\WPTT2.0-Train\041-P19.wptt,41,Train,041-P19
F:\PycharmProjects\DeepWriterID-v2\\data\raw\WPTT2.0-Train\041-P20.wptt,41,Test,041-P20
F:\PycharmProjects\DeepWriterID-v2\\data\raw\WPTT2.0-Train\043-P16.wptt,43,Train,043-P16
F:\PycharmProjects\DeepWriterID-v2\\data\raw\WPTT2.0-Train\043-P17.wptt,43,Train,043-P17
F:\PycharmProjects\DeepWriterID-v2\\data\raw\WPTT2.0-Train\043-P18.wptt,43,Train,043-P18
F:\PycharmProjects\DeepWriterID-v2\\data\raw\WPTT2.0-Train\043-P19.wptt,43,Test,043-P19
F:\PycharmProjects\DeepWriterID-v2\\data\raw\WPTT2.0-Train\043-P20.wptt,43,Train,043-P20
F:\PycharmProjects\DeepWriterID-v2\\data\raw\WPTT2.0-Train\044-P16.wptt,44,Train,044-P16
F:\PycharmProjects\DeepWriterID-v2\\data\raw\WPTT2.0-Train\044-P17.wptt,44,Test,044-P17
F:\PycharmProjects\DeepWriterID-v2\\data\raw\WPTT2.0-Train\044-P18.wptt,44,Train,044-P18
F:\PycharmProjects\DeepWriterID-v2\\data\raw\WPTT2.0-Train\044-P19.wptt,44,Train,044-P19
F:\PycharmProjects\DeepWriterID-v2\\data\raw\WPTT2.0-Train\044-P20.wptt,44,Train,044-P20
F:\PycharmProjects\DeepWriterID-v2\\data\raw\WPTT2.0-Train\045-P16.wptt,45,Train,045-P16
F:\PycharmProjects\DeepWriterID-v2\\data\raw\WPTT2.0-Train\045-P17.wptt,45,Train,045-P17
F:\PycharmProjects\DeepWriterID-v2\\data\raw\WPTT2.0-Train\045-P18.wptt,45,Test,045-P18
F:\PycharmProjects\DeepWriterID-v2\\data\raw\WPTT2.0-Train\045-P19.wptt,45,Train,045-P19
F:\PycharmProjects\DeepWriterID-v2\\data\raw\WPTT2.0-Train\045-P20.wptt,45,Train,045-P20
F:\PycharmProjects\DeepWriterID-v2\\data\raw\WPTT2.0-Train\047-P16.wptt,47,Train,047-P16
F:\PycharmProjects\DeepWriterID-v2\\data\raw\WPTT2.0-Train\047-P17.wptt,47,Train,047-P17
F:\PycharmProjects\DeepWriterID-v2\\data\raw\WPTT2.0-Train\047-P18.wptt,47,Train,047-P18
F:\PycharmProjects\DeepWriterID-v2\\data\raw\WPTT2.0-Train\047-P19.wptt,47,Test,047-P19
F:\PycharmProjects\DeepWriterID-v2\\data\raw\WPTT2.0-Train\047-P20.wptt,47,Train,047-P20
F:\PycharmProjects\DeepWriterID-v2\\data\raw\WPTT2.0-Train\048-P16.wptt,48,Train,048-P16
F:\PycharmProjects\DeepWriterID-v2\\data\raw\WPTT2.0-Train\048-P17.wptt,48,Train,048-P17
F:\PycharmProjects\DeepWriterID-v2\\data\raw\WPTT2.0-Train\048-P18.wptt,48,Train,048-P18
F:\PycharmProjects\DeepWriterID-v2\\data\raw\WPTT2.0-Train\048-P19.wptt,48,Test,048-P19
F:\PycharmProjects\DeepWriterID-v2\\data\raw\WPTT2.0-Train\048-P20.wptt,48,Train,048-P20
F:\PycharmProjects\DeepWriterID-v2\\data\raw\WPTT2.0-Train\049-P16.wptt,49,Train,049-P16
F:\PycharmProjects\DeepWriterID-v2\\data\raw\WPTT2.0-Train\049-P17.wptt,49,Train,049-P17
F:\PycharmProjects\DeepWriterID-v2\\data\raw\WPTT2.0-Train\049-P18.wptt,49,Test,049-P18
F:\PycharmProjects\DeepWriterID-v2\\data\raw\WPTT2.0-Train\049-P19.wptt,49,Train,049-P19
F:\PycharmProjects\DeepWriterID-v2\\data\raw\WPTT2.0-Train\049-P20.wptt,49,Train,049-P20
F:\PycharmProjects\DeepWriterID-v2\\data\raw\WPTT2.0-Train\050-P16.wptt,50,Test,050-P16
F:\PycharmProjects\DeepWriterID-v2\\data\raw\WPTT2.0-Train\050-P17.wptt,50,Train,050-P17
F:\PycharmProjects\DeepWriterID-v2\\data\raw\WPTT2.0-Train\050-P18.wptt,50,Train,050-P18
F:\PycharmProjects\DeepWriterID-v2\\data\raw\WPTT2.0-Train\050-P19.wptt,50,Train,050-P19
F:\PycharmProjects\DeepWriterID-v2\\data\raw\WPTT2.0-Train\050-P20.wptt,50,Train,050-P20
F:\PycharmProjects\DeepWriterID-v2\\data\raw\WPTT2.0-Train\051-P16.wptt,51,Test,051-P16
F:\PycharmProjects\DeepWriterID-v2\\data\raw\WPTT2.0-Train\051-P17.wptt,51,Train,051-P17
F:\PycharmProjects\DeepWriterID-v2\\data\raw\WPTT2.0-Train\051-P18.wptt,51,Train,051-P18
F:\PycharmProjects\DeepWriterID-v2\\data\raw\WPTT2.0-Train\051-P19.wptt,51,Train,051-P19
F:\PycharmProjects\DeepWriterID-v2\\data\raw\WPTT2.0-Train\051-P20.wptt,51,Train,051-P20
F:\PycharmProjects\DeepWriterID-v2\\data\raw\WPTT2.0-Train\052-P16.wptt,52,Test,052-P16
F:\PycharmProjects\DeepWriterID-v2\\data\raw\WPTT2.0-Train\052-P17.wptt,52,Train,052-P17
F:\PycharmProjects\DeepWriterID-v2\\data\raw\WPTT2.0-Train\052-P18.wptt,52,Train,052-P18
F:\PycharmProjects\DeepWriterID-v2\\data\raw\WPTT2.0-Train\052-P19.wptt,52,Train,052-P19
F:\PycharmProjects\DeepWriterID-v2\\data\raw\WPTT2.0-Train\052-P20.wptt,52,Train,052-P20
F:\PycharmProjects\DeepWriterID-v2\\data\raw\WPTT2.0-Train\053-P16.wptt,53,Train,053-P16
F:\PycharmProjects\DeepWriterID-v2\\data\raw\WPTT2.0-Train\053-P17.wptt,53,Train,053-P17
F:\PycharmProjects\DeepWriterID-v2\\data\raw\WPTT2.0-Train\053-P18.wptt,53,Train,053-P18
F:\PycharmProjects\DeepWriterID-v2\\data\raw\WPTT2.0-Train\053-P19.wptt,53,Train,053-P19
F:\PycharmProjects\DeepWriterID-v2\\data\raw\WPTT2.0-Train\053-P20.wptt,53,Test,053-P20
F:\PycharmProjects\DeepWriterID-v2\\data\raw\WPTT2.0-Train\054-P16.wptt,54,Train,054-P16
F:\PycharmProjects\DeepWriterID-v2\\data\raw\WPTT2.0-Train\054-P17.wptt,54,Train,054-P17
F:\PycharmProjects\DeepWriterID-v2\\data\raw\WPTT2.0-Train\054-P18.wptt,54,Train,054-P18
F:\PycharmProjects\DeepWriterID-v2\\data\raw\WPTT2.0-Train\054-P19.wptt,54,Train,054-P19
F:\PycharmProjects\DeepWriterID-v2\\data\raw\WPTT2.0-Train\054-P20.wptt,54,Test,054-P20
F:\PycharmProjects\DeepWriterID-v2\\data\raw\WPTT2.0-Train\055-P16.wptt,55,Train,055-P16
F:\PycharmProjects\DeepWriterID-v2\\data\raw\WPTT2.0-Train\055-P17.wptt,55,Train,055-P17
F:\PycharmProjects\DeepWriterID-v2\\data\raw\WPTT2.0-Train\055-P18.wptt,55,Test,055-P18
F:\PycharmProjects\DeepWriterID-v2\\data\raw\WPTT2.0-Train\055-P19.wptt,55,Train,055-P19
F:\PycharmProjects\DeepWriterID-v2\\data\raw\WPTT2.0-Train\055-P20.wptt,55,Train,055-P20
F:\PycharmProjects\DeepWriterID-v2\\data\raw\WPTT2.0-Train\056-P16.wptt,56,Train,056-P16
F:\PycharmProjects\DeepWriterID-v2\\data\raw\WPTT2.0-Train\056-P17.wptt,56,Train,056-P17
F:\PycharmProjects\DeepWriterID-v2\\data\raw\WPTT2.0-Train\056-P18.wptt,56,Train,056-P18
F:\PycharmProjects\DeepWriterID-v2\\data\raw\WPTT2.0-Train\056-P19.wptt,56,Test,056-P19
F:\PycharmProjects\DeepWriterID-v2\\data\raw\WPTT2.0-Train\056-P20.wptt,56,Train,056-P20
F:\PycharmProjects\DeepWriterID-v2\\data\raw\WPTT2.0-Train\057-P16.wptt,57,Train,057-P16
F:\PycharmProjects\DeepWriterID-v2\\data\raw\WPTT2.0-Train\057-P17.wptt,57,Train,057-P17
F:\PycharmProjects\DeepWriterID-v2\\data\raw\WPTT2.0-Train\057-P18.wptt,57,Train,057-P18
F:\PycharmProjects\DeepWriterID-v2\\data\raw\WPTT2.0-Train\057-P19.wptt,57,Train,057-P19
F:\PycharmProjects\DeepWriterID-v2\\data\raw\WPTT2.0-Train\057-P20.wptt,57,Test,057-P20
F:\PycharmProjects\DeepWriterID-v2\\data\raw\WPTT2.0-Train\059-P16.wptt,59,Train,059-P16
F:\PycharmProjects\DeepWriterID-v2\\data\raw\WPTT2.0-Train\059-P17.wptt,59,Test,059-P17
F:\PycharmProjects\DeepWriterID-v2\\data\raw\WPTT2.0-Train\059-P18.wptt,59,Train,059-P18
F:\PycharmProjects\DeepWriterID-v2\\data\raw\WPTT2.0-Train\059-P19.wptt,59,Train,059-P19
F:\PycharmProjects\DeepWriterID-v2\\data\raw\WPTT2.0-Train\059-P20.wptt,59,Train,059-P20
F:\PycharmProjects\DeepWriterID-v2\\data\raw\WPTT2.0-Train\061-P16.wptt,61,Train,061-P16
F:\PycharmProjects\DeepWriterID-v2\\data\raw\WPTT2.0-Train\061-P17.wptt,61,Train,061-P17
F:\PycharmProjects\DeepWriterID-v2\\data\raw\WPTT2.0-Train\061-P18.wptt,61,Train,061-P18
F:\PycharmProjects\DeepWriterID-v2\\data\raw\WPTT2.0-Train\061-P19.wptt,61,Train,061-P19
F:\PycharmProjects\DeepWriterID-v2\\data\raw\WPTT2.0-Train\061-P20.wptt,61,Test,061-P20
F:\PycharmProjects\DeepWriterID-v2\\data\raw\WPTT2.0-Train\063-P16.wptt,63,Test,063-P16
F:\PycharmProjects\DeepWriterID-v2\\data\raw\WPTT2.0-Train\063-P17.wptt,63,Train,063-P17
F:\PycharmProjects\DeepWriterID-v2\\data\raw\WPTT2.0-Train\063-P18.wptt,63,Train,063-P18
F:\PycharmProjects\DeepWriterID-v2\\data\raw\WPTT2.0-Train\063-P19.wptt,63,Train,063-P19
F:\PycharmProjects\DeepWriterID-v2\\data\raw\WPTT2.0-Train\063-P20.wptt,63,Train,063-P20
F:\PycharmProjects\DeepWriterID-v2\\data\raw\WPTT2.0-Train\064-P16.wptt,64,Train,064-P16
F:\PycharmProjects\DeepWriterID-v2\\data\raw\WPTT2.0-Train\064-P17.wptt,64,Train,064-P17
F:\PycharmProjects\DeepWriterID-v2\\data\raw\WPTT2.0-Train\064-P18.wptt,64,Train,064-P18
F:\PycharmProjects\DeepWriterID-v2\\data\raw\WPTT2.0-Train\064-P19.wptt,64,Train,064-P19
F:\PycharmProjects\DeepWriterID-v2\\data\raw\WPTT2.0-Train\064-P20.wptt,64,Test,064-P20
F:\PycharmProjects\DeepWriterID-v2\\data\raw\WPTT2.0-Train\065-P16.wptt,65,Train,065-P16
F:\PycharmProjects\DeepWriterID-v2\\data\raw\WPTT2.0-Train\065-P17.wptt,65,Train,065-P17
F:\PycharmProjects\DeepWriterID-v2\\data\raw\WPTT2.0-Train\065-P18.wptt,65,Train,065-P18
F:\PycharmProjects\DeepWriterID-v2\\data\raw\WPTT2.0-Train\065-P19.wptt,65,Test,065-P19
F:\PycharmProjects\DeepWriterID-v2\\data\raw\WPTT2.0-Train\065-P20.wptt,65,Train,065-P20
F:\PycharmProjects\DeepWriterID-v2\\data\raw\WPTT2.0-Train\066-P16.wptt,66,Train,066-P16
F:\PycharmProjects\DeepWriterID-v2\\data\raw\WPTT2.0-Train\066-P17.wptt,66,Train,066-P17
F:\PycharmProjects\DeepWriterID-v2\\data\raw\WPTT2.0-Train\066-P18.wptt,66,Test,066-P18
F:\PycharmProjects\DeepWriterID-v2\\data\raw\WPTT2.0-Train\066-P19.wptt,66,Train,066-P19
F:\PycharmProjects\DeepWriterID-v2\\data\raw\WPTT2.0-Train\066-P20.wptt,66,Train,066-P20
F:\PycharmProjects\DeepWriterID-v2\\data\raw\WPTT2.0-Train\067-P16.wptt,67,Train,067-P16
F:\PycharmProjects\DeepWriterID-v2\\data\raw\WPTT2.0-Train\067-P17.wptt,67,Train,067-P17
F:\PycharmProjects\DeepWriterID-v2\\data\raw\WPTT2.0-Train\067-P18.wptt,67,Test,067-P18
F:\PycharmProjects\DeepWriterID-v2\\data\raw\WPTT2.0-Train\067-P19.wptt,67,Train,067-P19
F:\PycharmProjects\DeepWriterID-v2\\data\raw\WPTT2.0-Train\067-P20.wptt,67,Train,067-P20
F:\PycharmProjects\DeepWriterID-v2\\data\raw\WPTT2.0-Train\068-P16.wptt,68,Train,068-P16
F:\PycharmProjects\DeepWriterID-v2\\data\raw\WPTT2.0-Train\068-P17.wptt,68,Train,068-P17
F:\PycharmProjects\DeepWriterID-v2\\data\raw\WPTT2.0-Train\068-P18.wptt,68,Train,068-P18
F:\PycharmProjects\DeepWriterID-v2\\data\raw\WPTT2.0-Train\068-P19.wptt,68,Test,068-P19
F:\PycharmProjects\DeepWriterID-v2\\data\raw\WPTT2.0-Train\068-P20.wptt,68,Train,068-P20
F:\PycharmProjects\DeepWriterID-v2\\data\raw\WPTT2.0-Train\070-P16.wptt,70,Train,070-P16
F:\PycharmProjects\DeepWriterID-v2\\data\raw\WPTT2.0-Train\070-P17.wptt,70,Train,070-P17
F:\PycharmProjects\DeepWriterID-v2\\data\raw\WPTT2.0-Train\070-P18.wptt,70,Test,070-P18
F:\PycharmProjects\DeepWriterID-v2\\data\raw\WPTT2.0-Train\070-P19.wptt,70,Train,070-P19
F:\PycharmProjects\DeepWriterID-v2\\data\raw\WPTT2.0-Train\070-P20.wptt,70,Train,070-P20
F:\PycharmProjects\DeepWriterID-v2\\data\raw\WPTT2.0-Train\071-P16.wptt,71,Train,071-P16
F:\PycharmProjects\DeepWriterID-v2\\data\raw\WPTT2.0-Train\071-P17.wptt,71,Train,071-P17
F:\PycharmProjects\DeepWriterID-v2\\data\raw\WPTT2.0-Train\071-P18.wptt,71,Test,071-P18
F:\PycharmProjects\DeepWriterID-v2\\data\raw\WPTT2.0-Train\071-P19.wptt,71,Train,071-P19
F:\PycharmProjects\DeepWriterID-v2\\data\raw\WPTT2.0-Train\071-P20.wptt,71,Train,071-P20
F:\PycharmProjects\DeepWriterID-v2\\data\raw\WPTT2.0-Train\072-P16.wptt,72,Train,072-P16
F:\PycharmProjects\DeepWriterID-v2\\data\raw\WPTT2.0-Train\072-P17.wptt,72,Train,072-P17
F:\PycharmProjects\DeepWriterID-v2\\data\raw\WPTT2.0-Train\072-P18.wptt,72,Train,072-P18
F:\PycharmProjects\DeepWriterID-v2\\data\raw\WPTT2.0-Train\072-P19.wptt,72,Train,072-P19
F:\PycharmProjects\DeepWriterID-v2\\data\raw\WPTT2.0-Train\072-P20.wptt,72,Test,072-P20
F:\PycharmProjects\DeepWriterID-v2\\data\raw\WPTT2.0-Train\074-P16.wptt,74,Train,074-P16
F:\PycharmProjects\DeepWriterID-v2\\data\raw\WPTT2.0-Train\074-P17.wptt,74,Train,074-P17
F:\PycharmProjects\DeepWriterID-v2\\data\raw\WPTT2.0-Train\074-P18.wptt,74,Train,074-P18
F:\PycharmProjects\DeepWriterID-v2\\data\raw\WPTT2.0-Train\074-P19.wptt,74,Train,074-P19
F:\PycharmProjects\DeepWriterID-v2\\data\raw\WPTT2.0-Train\074-P20.wptt,74,Test,074-P20
F:\PycharmProjects\DeepWriterID-v2\\data\raw\WPTT2.0-Train\075-P16.wptt,75,Test,075-P16
F:\PycharmProjects\DeepWriterID-v2\\data\raw\WPTT2.0-Train\075-P17.wptt,75,Train,075-P17
F:\PycharmProjects\DeepWriterID-v2\\data\raw\WPTT2.0-Train\075-P18.wptt,75,Train,075-P18
F:\PycharmProjects\DeepWriterID-v2\\data\raw\WPTT2.0-Train\075-P19.wptt,75,Train,075-P19
F:\PycharmProjects\DeepWriterID-v2\\data\raw\WPTT2.0-Train\075-P20.wptt,75,Train,075-P20
F:\PycharmProjects\DeepWriterID-v2\\data\raw\WPTT2.0-Train\076-P16.wptt,76,Train,076-P16
F:\PycharmProjects\DeepWriterID-v2\\data\raw\WPTT2.0-Train\076-P17.wptt,76,Train,076-P17
F:\PycharmProjects\DeepWriterID-v2\\data\raw\WPTT2.0-Train\076-P18.wptt,76,Test,076-P18
F:\PycharmProjects\DeepWriterID-v2\\data\raw\WPTT2.0-Train\076-P19.wptt,76,Train,076-P19
F:\PycharmProjects\DeepWriterID-v2\\data\raw\WPTT2.0-Train\076-P20.wptt,76,Train,076-P20
F:\PycharmProjects\DeepWriterID-v2\\data\raw\WPTT2.0-Train\077-P16.wptt,77,Train,077-P16
F:\PycharmProjects\DeepWriterID-v2\\data\raw\WPTT2.0-Train\077-P17.wptt,77,Train,077-P17
F:\PycharmProjects\DeepWriterID-v2\\data\raw\WPTT2.0-Train\077-P18.wptt,77,Test,077-P18
F:\PycharmProjects\DeepWriterID-v2\\data\raw\WPTT2.0-Train\077-P19.wptt,77,Train,077-P19
F:\PycharmProjects\DeepWriterID-v2\\data\raw\WPTT2.0-Train\077-P20.wptt,77,Train,077-P20
F:\PycharmProjects\DeepWriterID-v2\\data\raw\WPTT2.0-Train\078-P16.wptt,78,Train,078-P16
F:\PycharmProjects\DeepWriterID-v2\\data\raw\WPTT2.0-Train\078-P17.wptt,78,Train,078-P17
F:\PycharmProjects\DeepWriterID-v2\\data\raw\WPTT2.0-Train\078-P18.wptt,78,Test,078-P18
F:\PycharmProjects\DeepWriterID-v2\\data\raw\WPTT2.0-Train\078-P19.wptt,78,Train,078-P19
F:\PycharmProjects\DeepWriterID-v2\\data\raw\WPTT2.0-Train\078-P20.wptt,78,Train,078-P20
F:\PycharmProjects\DeepWriterID-v2\\data\raw\WPTT2.0-Train\079-P16.wptt,79,Train,079-P16
F:\PycharmProjects\DeepWriterID-v2\\data\raw\WPTT2.0-Train\079-P17.wptt,79,Test,079-P17
F:\PycharmProjects\DeepWriterID-v2\\data\raw\WPTT2.0-Train\079-P18.wptt,79,Train,079-P18
F:\PycharmProjects\DeepWriterID-v2\\data\raw\WPTT2.0-Train\079-P19.wptt,79,Train,079-P19
F:\PycharmProjects\DeepWriterID-v2\\data\raw\WPTT2.0-Train\079-P20.wptt,79,Train,079-P20
F:\PycharmProjects\DeepWriterID-v2\\data\raw\WPTT2.0-Train\080-P16.wptt,80,Train,080-P16
F:\PycharmProjects\DeepWriterID-v2\\data\raw\WPTT2.0-Train\080-P17.wptt,80,Train,080-P17
F:\PycharmProjects\DeepWriterID-v2\\data\raw\WPTT2.0-Train\080-P18.wptt,80,Train,080-P18
F:\PycharmProjects\DeepWriterID-v2\\data\raw\WPTT2.0-Train\080-P19.wptt,80,Test,080-P19
F:\PycharmProjects\DeepWriterID-v2\\data\raw\WPTT2.0-Train\080-P20.wptt,80,Train,080-P20
F:\PycharmProjects\DeepWriterID-v2\\data\raw\WPTT2.0-Train\081-P16.wptt,81,Train,081-P16
F:\PycharmProjects\DeepWriterID-v2\\data\raw\WPTT2.0-Train\081-P17.wptt,81,Train,081-P17
F:\PycharmProjects\DeepWriterID-v2\\data\raw\WPTT2.0-Train\081-P18.wptt,81,Train,081-P18
F:\PycharmProjects\DeepWriterID-v2\\data\raw\WPTT2.0-Train\081-P19.wptt,81,Train,081-P19
F:\PycharmProjects\DeepWriterID-v2\\data\raw\WPTT2.0-Train\081-P20.wptt,81,Test,081-P20
F:\PycharmProjects\DeepWriterID-v2\\data\raw\WPTT2.0-Train\083-P16.wptt,83,Train,083-P16
F:\PycharmProjects\DeepWriterID-v2\\data\raw\WPTT2.0-Train\083-P17.wptt,83,Train,083-P17
F:\PycharmProjects\DeepWriterID-v2\\data\raw\WPTT2.0-Train\083-P18.wptt,83,Train,083-P18
F:\PycharmProjects\DeepWriterID-v2\\data\raw\WPTT2.0-Train\083-P19.wptt,83,Train,083-P19
F:\PycharmProjects\DeepWriterID-v2\\data\raw\WPTT2.0-Train\083-P20.wptt,83,Test,083-P20
F:\PycharmProjects\DeepWriterID-v2\\data\raw\WPTT2.0-Train\085-P16.wptt,85,Test,085-P16
F:\PycharmProjects\DeepWriterID-v2\\data\raw\WPTT2.0-Train\085-P17.wptt,85,Train,085-P17
F:\PycharmProjects\DeepWriterID-v2\\data\raw\WPTT2.0-Train\085-P18.wptt,85,Train,085-P18
F:\PycharmProjects\DeepWriterID-v2\\data\raw\WPTT2.0-Train\085-P19.wptt,85,Train,085-P19
F:\PycharmProjects\DeepWriterID-v2\\data\raw\WPTT2.0-Train\085-P20.wptt,85,Train,085-P20
F:\PycharmProjects\DeepWriterID-v2\\data\raw\WPTT2.0-Train\086-P13.wptt,86,Train,086-P13
F:\PycharmProjects\DeepWriterID-v2\\data\raw\WPTT2.0-Train\086-P14.wptt,86,Train,086-P14
F:\PycharmProjects\DeepWriterID-v2\\data\raw\WPTT2.0-Train\086-P15.wptt,86,Train,086-P15
F:\PycharmProjects\DeepWriterID-v2\\data\raw\WPTT2.0-Train\086-P16.wptt,86,Test,086-P16
F:\PycharmProjects\DeepWriterID-v2\\data\raw\WPTT2.0-Train\086-P17.wptt,86,Train,086-P17
F:\PycharmProjects\DeepWriterID-v2\\data\raw\WPTT2.0-Train\087-P16.wptt,87,Train,087-P16
F:\PycharmProjects\DeepWriterID-v2\\data\raw\WPTT2.0-Train\087-P17.wptt,87,Train,087-P17
F:\PycharmProjects\DeepWriterID-v2\\data\raw\WPTT2.0-Train\087-P18.wptt,87,Train,087-P18
F:\PycharmProjects\DeepWriterID-v2\\data\raw\WPTT2.0-Train\087-P19.wptt,87,Test,087-P19
F:\PycharmProjects\DeepWriterID-v2\\data\raw\WPTT2.0-Train\087-P20.wptt,87,Train,087-P20
F:\PycharmProjects\DeepWriterID-v2\\data\raw\WPTT2.0-Train\088-P16.wptt,88,Train,088-P16
F:\PycharmProjects\DeepWriterID-v2\\data\raw\WPTT2.0-Train\088-P17.wptt,88,Test,088-P17
F:\PycharmProjects\DeepWriterID-v2\\data\raw\WPTT2.0-Train\088-P18.wptt,88,Train,088-P18
F:\PycharmProjects\DeepWriterID-v2\\data\raw\WPTT2.0-Train\088-P19.wptt,88,Train,088-P19
F:\PycharmProjects\DeepWriterID-v2\\data\raw\WPTT2.0-Train\088-P20.wptt,88,Train,088-P20
F:\PycharmProjects\DeepWriterID-v2\\data\raw\WPTT2.0-Train\089-P16.wptt,89,Train,089-P16
F:\PycharmProjects\DeepWriterID-v2\\data\raw\WPTT2.0-Train\089-P17.wptt,89,Train,089-P17
F:\PycharmProjects\DeepWriterID-v2\\data\raw\WPTT2.0-Train\089-P18.wptt,89,Test,089-P18
F:\PycharmProjects\DeepWriterID-v2\\data\raw\WPTT2.0-Train\089-P19.wptt,89,Train,089-P19
F:\PycharmProjects\DeepWriterID-v2\\data\raw\WPTT2.0-Train\089-P20.wptt,89,Train,089-P20
F:\PycharmProjects\DeepWriterID-v2\\data\raw\WPTT2.0-Train\090-P16.wptt,90,Train,090-P16
F:\PycharmProjects\DeepWriterID-v2\\data\raw\WPTT2.0-Train\090-P17.wptt,90,Train,090-P17
F:\PycharmProjects\DeepWriterID-v2\\data\raw\WPTT2.0-Train\090-P18.wptt,90,Test,090-P18
F:\PycharmProjects\DeepWriterID-v2\\data\raw\WPTT2.0-Train\090-P19.wptt,90,Train,090-P19
F:\PycharmProjects\DeepWriterID-v2\\data\raw\WPTT2.0-Train\090-P20.wptt,90,Train,090-P20
F:\PycharmProjects\DeepWriterID-v2\\data\raw\WPTT2.0-Train\091-P16.wptt,91,Train,091-P16
F:\PycharmProjects\DeepWriterID-v2\\data\raw\WPTT2.0-Train\091-P17.wptt,91,Train,091-P17
F:\PycharmProjects\DeepWriterID-v2\\data\raw\WPTT2.0-Train\091-P18.wptt,91,Test,091-P18
F:\PycharmProjects\DeepWriterID-v2\\data\raw\WPTT2.0-Train\091-P19.wptt,91,Train,091-P19
F:\PycharmProjects\DeepWriterID-v2\\data\raw\WPTT2.0-Train\091-P20.wptt,91,Train,091-P20
F:\PycharmProjects\DeepWriterID-v2\\data\raw\WPTT2.0-Train\092-P16.wptt,92,Test,092-P16
F:\PycharmProjects\DeepWriterID-v2\\data\raw\WPTT2.0-Train\092-P17.wptt,92,Train,092-P17
F:\PycharmProjects\DeepWriterID-v2\\data\raw\WPTT2.0-Train\092-P18.wptt,92,Train,092-P18
F:\PycharmProjects\DeepWriterID-v2\\data\raw\WPTT2.0-Train\092-P19.wptt,92,Train,092-P19
F:\PycharmProjects\DeepWriterID-v2\\data\raw\WPTT2.0-Train\092-P20.wptt,92,Train,092-P20
F:\PycharmProjects\DeepWriterID-v2\\data\raw\WPTT2.0-Train\093-P16.wptt,93,Train,093-P16
F:\PycharmProjects\DeepWriterID-v2\\data\raw\WPTT2.0-Train\093-P17.wptt,93,Train,093-P17
F:\PycharmProjects\DeepWriterID-v2\\data\raw\WPTT2.0-Train\093-P18.wptt,93,Train,093-P18
F:\PycharmProjects\DeepWriterID-v2\\data\raw\WPTT2.0-Train\093-P19.wptt,93,Test,093-P19
F:\PycharmProjects\DeepWriterID-v2\\data\raw\WPTT2.0-Train\093-P20.wptt,93,Train,093-P20
F:\PycharmProjects\DeepWriterID-v2\\data\raw\WPTT2.0-Train\094-P16.wptt,94,Train,094-P16
F:\PycharmProjects\DeepWriterID-v2\\data\raw\WPTT2.0-Train\094-P17.wptt,94,Train,094-P17
F:\PycharmProjects\DeepWriterID-v2\\data\raw\WPTT2.0-Train\094-P18.wptt,94,Train,094-P18
F:\PycharmProjects\DeepWriterID-v2\\data\raw\WPTT2.0-Train\094-P19.wptt,94,Test,094-P19
F:\PycharmProjects\DeepWriterID-v2\\data\raw\WPTT2.0-Train\094-P20.wptt,94,Train,094-P20
F:\PycharmProjects\DeepWriterID-v2\\data\raw\WPTT2.0-Train\095-P16.wptt,95,Test,095-P16
F:\PycharmProjects\DeepWriterID-v2\\data\raw\WPTT2.0-Train\095-P17.wptt,95,Train,095-P17
F:\PycharmProjects\DeepWriterID-v2\\data\raw\WPTT2.0-Train\095-P18.wptt,95,Train,095-P18
F:\PycharmProjects\DeepWriterID-v2\\data\raw\WPTT2.0-Train\095-P19.wptt,95,Train,095-P19
F:\PycharmProjects\DeepWriterID-v2\\data\raw\WPTT2.0-Train\095-P20.wptt,95,Train,095-P20
F:\PycharmProjects\DeepWriterID-v2\\data\raw\WPTT2.0-Train\096-P16.wptt,96,Train,096-P16
F:\PycharmProjects\DeepWriterID-v2\\data\raw\WPTT2.0-Train\096-P17.wptt,96,Train,096-P17
F:\PycharmProjects\DeepWriterID-v2\\data\raw\WPTT2.0-Train\096-P18.wptt,96,Train,096-P18
F:\PycharmProjects\DeepWriterID-v2\\data\raw\WPTT2.0-Train\096-P19.wptt,96,Train,096-P19
F:\PycharmProjects\DeepWriterID-v2\\data\raw\WPTT2.0-Train\096-P20.wptt,96,Test,096-P20
F:\PycharmProjects\DeepWriterID-v2\\data\raw\WPTT2.0-Train\098-P16.wptt,98,Train,098-P16
F:\PycharmProjects\DeepWriterID-v2\\data\raw\WPTT2.0-Train\098-P17.wptt,98,Train,098-P17
F:\PycharmProjects\DeepWriterID-v2\\data\raw\WPTT2.0-Train\098-P18.wptt,98,Train,098-P18
F:\PycharmProjects\DeepWriterID-v2\\data\raw\WPTT2.0-Train\098-P19.wptt,98,Test,098-P19
F:\PycharmProjects\DeepWriterID-v2\\data\raw\WPTT2.0-Train\098-P20.wptt,98,Train,098-P20
F:\PycharmProjects\DeepWriterID-v2\\data\raw\WPTT2.0-Train\099-P16.wptt,99,Train,099-P16
F:\PycharmProjects\DeepWriterID-v2\\data\raw\WPTT2.0-Train\099-P17.wptt,99,Train,099-P17
F:\PycharmProjects\DeepWriterID-v2\\data\raw\WPTT2.0-Train\099-P18.wptt,99,Train,099-P18
F:\PycharmProjects\DeepWriterID-v2\\data\raw\WPTT2.0-Train\099-P19.wptt,99,Train,099-P19
F:\PycharmProjects\DeepWriterID-v2\\data\raw\WPTT2.0-Train\099-P20.wptt,99,Test,099-P20
F:\PycharmProjects\DeepWriterID-v2\\data\raw\WPTT2.0-Train\100-P16.wptt,100,Train,100-P16
F:\PycharmProjects\DeepWriterID-v2\\data\raw\WPTT2.0-Train\100-P17.wptt,100,Train,100-P17
F:\PycharmProjects\DeepWriterID-v2\\data\raw\WPTT2.0-Train\100-P18.wptt,100,Train,100-P18
F:\PycharmProjects\DeepWriterID-v2\\data\raw\WPTT2.0-Train\100-P19.wptt,100,Train,100-P19
F:\PycharmProjects\DeepWriterID-v2\\data\raw\WPTT2.0-Train\100-P20.wptt,100,Test,100-P20
F:\PycharmProjects\DeepWriterID-v2\\data\raw\WPTT2.0-Train\101-P16.wptt,101,Test,101-P16
F:\PycharmProjects\DeepWriterID-v2\\data\raw\WPTT2.0-Train\101-P17.wptt,101,Train,101-P17
F:\PycharmProjects\DeepWriterID-v2\\data\raw\WPTT2.0-Train\101-P18.wptt,101,Train,101-P18
F:\PycharmProjects\DeepWriterID-v2\\data\raw\WPTT2.0-Train\101-P19.wptt,101,Train,101-P19
F:\PycharmProjects\DeepWriterID-v2\\data\raw\WPTT2.0-Train\101-P20.wptt,101,Train,101-P20
F:\PycharmProjects\DeepWriterID-v2\\data\raw\WPTT2.0-Train\102-P16.wptt,102,Train,102-P16
F:\PycharmProjects\DeepWriterID-v2\\data\raw\WPTT2.0-Train\102-P17.wptt,102,Train,102-P17
F:\PycharmProjects\DeepWriterID-v2\\data\raw\WPTT2.0-Train\102-P18.wptt,102,Train,102-P18
F:\PycharmProjects\DeepWriterID-v2\\data\raw\WPTT2.0-Train\102-P19.wptt,102,Train,102-P19
F:\PycharmProjects\DeepWriterID-v2\\data\raw\WPTT2.0-Train\102-P20.wptt,102,Test,102-P20
F:\PycharmProjects\DeepWriterID-v2\\data\raw\WPTT2.0-Train\103-P16.wptt,103,Train,103-P16
F:\PycharmProjects\DeepWriterID-v2\\data\raw\WPTT2.0-Train\103-P17.wptt,103,Train,103-P17
F:\PycharmProjects\DeepWriterID-v2\\data\raw\WPTT2.0-Train\103-P18.wptt,103,Train,103-P18
F:\PycharmProjects\DeepWriterID-v2\\data\raw\WPTT2.0-Train\103-P19.wptt,103,Test,103-P19
F:\PycharmProjects\DeepWriterID-v2\\data\raw\WPTT2.0-Train\103-P20.wptt,103,Train,103-P20
F:\PycharmProjects\DeepWriterID-v2\\data\raw\WPTT2.0-Train\105-P16.wptt,105,Train,105-P16
F:\PycharmProjects\DeepWriterID-v2\\data\raw\WPTT2.0-Train\105-P17.wptt,105,Train,105-P17
F:\PycharmProjects\DeepWriterID-v2\\data\raw\WPTT2.0-Train\105-P18.wptt,105,Train,105-P18
F:\PycharmProjects\DeepWriterID-v2\\data\raw\WPTT2.0-Train\105-P19.wptt,105,Train,105-P19
F:\PycharmProjects\DeepWriterID-v2\\data\raw\WPTT2.0-Train\105-P20.wptt,105,Test,105-P20
F:\PycharmProjects\DeepWriterID-v2\\data\raw\WPTT2.0-Train\106-P16.wptt,106,Train,106-P16
F:\PycharmProjects\DeepWriterID-v2\\data\raw\WPTT2.0-Train\106-P17.wptt,106,Train,106-P17
F:\PycharmProjects\DeepWriterID-v2\\data\raw\WPTT2.0-Train\106-P18.wptt,106,Test,106-P18
F:\PycharmProjects\DeepWriterID-v2\\data\raw\WPTT2.0-Train\106-P19.wptt,106,Train,106-P19
F:\PycharmProjects\DeepWriterID-v2\\data\raw\WPTT2.0-Train\106-P20.wptt,106,Train,106-P20
F:\PycharmProjects\DeepWriterID-v2\\data\raw\WPTT2.0-Train\107-P16.wptt,107,Train,107-P16
F:\PycharmProjects\DeepWriterID-v2\\data\raw\WPTT2.0-Train\107-P17.wptt,107,Test,107-P17
F:\PycharmProjects\DeepWriterID-v2\\data\raw\WPTT2.0-Train\107-P18.wptt,107,Train,107-P18
F:\PycharmProjects\DeepWriterID-v2\\data\raw\WPTT2.0-Train\107-P19.wptt,107,Train,107-P19
F:\PycharmProjects\DeepWriterID-v2\\data\raw\WPTT2.0-Train\107-P20.wptt,107,Train,107-P20
F:\PycharmProjects\DeepWriterID-v2\\data\raw\WPTT2.0-Train\109-P16.wptt,109,Test,109-P16
F:\PycharmProjects\DeepWriterID-v2\\data\raw\WPTT2.0-Train\109-P17.wptt,109,Train,109-P17
F:\PycharmProjects\DeepWriterID-v2\\data\raw\WPTT2.0-Train\109-P18.wptt,109,Train,109-P18
F:\PycharmProjects\DeepWriterID-v2\\data\raw\WPTT2.0-Train\109-P19.wptt,109,Train,109-P19
F:\PycharmProjects\DeepWriterID-v2\\data\raw\WPTT2.0-Train\109-P20.wptt,109,Train,109-P20
F:\PycharmProjects\DeepWriterID-v2\\data\raw\WPTT2.0-Train\110-P16.wptt,110,Test,110-P16
F:\PycharmProjects\DeepWriterID-v2\\data\raw\WPTT2.0-Train\110-P17.wptt,110,Train,110-P17
F:\PycharmProjects\DeepWriterID-v2\\data\raw\WPTT2.0-Train\110-P18.wptt,110,Train,110-P18
F:\PycharmProjects\DeepWriterID-v2\\data\raw\WPTT2.0-Train\110-P19.wptt,110,Train,110-P19
F:\PycharmProjects\DeepWriterID-v2\\data\raw\WPTT2.0-Train\110-P20.wptt,110,Train,110-P20
F:\PycharmProjects\DeepWriterID-v2\\data\raw\WPTT2.0-Train\112-P16.wptt,112,Train,112-P16
F:\PycharmProjects\DeepWriterID-v2\\data\raw\WPTT2.0-Train\112-P17.wptt,112,Train,112-P17
F:\PycharmProjects\DeepWriterID-v2\\data\raw\WPTT2.0-Train\112-P18.wptt,112,Test,112-P18
F:\PycharmProjects\DeepWriterID-v2\\data\raw\WPTT2.0-Train\112-P19.wptt,112,Train,112-P19
F:\PycharmProjects\DeepWriterID-v2\\data\raw\WPTT2.0-Train\112-P20.wptt,112,Train,112-P20
F:\PycharmProjects\DeepWriterID-v2\\data\raw\WPTT2.0-Train\114-P16.wptt,114,Train,114-P16
F:\PycharmProjects\DeepWriterID-v2\\data\raw\WPTT2.0-Train\114-P17.wptt,114,Train,114-P17
F:\PycharmProjects\DeepWriterID-v2\\data\raw\WPTT2.0-Train\114-P18.wptt,114,Test,114-P18
F:\PycharmProjects\DeepWriterID-v2\\data\raw\WPTT2.0-Train\114-P19.wptt,114,Train,114-P19
F:\PycharmProjects\DeepWriterID-v2\\data\raw\WPTT2.0-Train\114-P20.wptt,114,Train,114-P20
F:\PycharmProjects\DeepWriterID-v2\\data\raw\WPTT2.0-Train\115-P16.wptt,115,Train,115-P16
F:\PycharmProjects\DeepWriterID-v2\\data\raw\WPTT2.0-Train\115-P17.wptt,115,Test,115-P17
F:\PycharmProjects\DeepWriterID-v2\\data\raw\WPTT2.0-Train\115-P18.wptt,115,Train,115-P18
F:\PycharmProjects\DeepWriterID-v2\\data\raw\WPTT2.0-Train\115-P19.wptt,115,Train,115-P19
F:\PycharmProjects\DeepWriterID-v2\\data\raw\WPTT2.0-Train\115-P20.wptt,115,Train,115-P20
F:\PycharmProjects\DeepWriterID-v2\\data\raw\WPTT2.0-Train\116-P16.wptt,116,Train,116-P16
F:\PycharmProjects\DeepWriterID-v2\\data\raw\WPTT2.0-Train\116-P17.wptt,116,Train,116-P17
F:\PycharmProjects\DeepWriterID-v2\\data\raw\WPTT2.0-Train\116-P18.wptt,116,Test,116-P18
F:\PycharmProjects\DeepWriterID-v2\\data\raw\WPTT2.0-Train\116-P19.wptt,116,Train,116-P19
F:\PycharmProjects\DeepWriterID-v2\\data\raw\WPTT2.0-Train\116-P20.wptt,116,Train,116-P20
F:\PycharmProjects\DeepWriterID-v2\\data\raw\WPTT2.0-Train\117-P16.wptt,117,Train,117-P16
F:\PycharmProjects\DeepWriterID-v2\\data\raw\WPTT2.0-Train\117-P17.wptt,117,Train,117-P17
F:\PycharmProjects\DeepWriterID-v2\\data\raw\WPTT2.0-Train\117-P18.wptt,117,Test,117-P18
F:\PycharmProjects\DeepWriterID-v2\\data\raw\WPTT2.0-Train\117-P19.wptt,117,Train,117-P19
F:\PycharmProjects\DeepWriterID-v2\\data\raw\WPTT2.0-Train\117-P20.wptt,117,Train,117-P20
F:\PycharmProjects\DeepWriterID-v2\\data\raw\WPTT2.0-Train\118-P16.wptt,118,Train,118-P16
F:\PycharmProjects\DeepWriterID-v2\\data\raw\WPTT2.0-Train\118-P17.wptt,118,Train,118-P17
F:\PycharmProjects\DeepWriterID-v2\\data\raw\WPTT2.0-Train\118-P18.wptt,118,Train,118-P18
F:\PycharmProjects\DeepWriterID-v2\\data\raw\WPTT2.0-Train\118-P19.wptt,118,Train,118-P19
F:\PycharmProjects\DeepWriterID-v2\\data\raw\WPTT2.0-Train\118-P20.wptt,118,Test,118-P20
F:\PycharmProjects\DeepWriterID-v2\\data\raw\WPTT2.0-Train\119-P16.wptt,119,Train,119-P16
F:\PycharmProjects\DeepWriterID-v2\\data\raw\WPTT2.0-Train\119-P17.wptt,119,Train,119-P17
F:\PycharmProjects\DeepWriterID-v2\\data\raw\WPTT2.0-Train\119-P18.wptt,119,Train,119-P18
F:\PycharmProjects\DeepWriterID-v2\\data\raw\WPTT2.0-Train\119-P19.wptt,119,Test,119-P19
F:\PycharmProjects\DeepWriterID-v2\\data\raw\WPTT2.0-Train\119-P20.wptt,119,Train,119-P20
F:\PycharmProjects\DeepWriterID-v2\\data\raw\WPTT2.0-Train\137-P19.wptt,137,Test,137-P19
F:\PycharmProjects\DeepWriterID-v2\\data\raw\WPTT2.0-Train\137-P18.wptt,137,Train,137-P18
F:\PycharmProjects\DeepWriterID-v2\\data\raw\WPTT2.0-Train\137-P20.wptt,137,Train,137-P20
F:\PycharmProjects\DeepWriterID-v2\\data\raw\WPTT2.0-Train\137-P16.wptt,137,Train,137-P16
F:\PycharmProjects\DeepWriterID-v2\\data\raw\WPTT2.0-Train\137-P17.wptt,137,Train,137-P17
F:\PycharmProjects\DeepWriterID-v2\\data\raw\WPTT2.0-Train\120-P16.wptt,120,Test,120-P16
F:\PycharmProjects\DeepWriterID-v2\\data\raw\WPTT2.0-Train\120-P17.wptt,120,Train,120-P17
F:\PycharmProjects\DeepWriterID-v2\\data\raw\WPTT2.0-Train\120-P18.wptt,120,Train,120-P18
F:\PycharmProjects\DeepWriterID-v2\\data\raw\WPTT2.0-Train\120-P19.wptt,120,Train,120-P19
F:\PycharmProjects\DeepWriterID-v2\\data\raw\WPTT2.0-Train\120-P20.wptt,120,Train,120-P20
F:\PycharmProjects\DeepWriterID-v2\\data\raw\WPTT2.0-Train\138-P16.wptt,138,Train,138-P16
F:\PycharmProjects\DeepWriterID-v2\\data\raw\WPTT2.0-Train\138-P17.wptt,138,Train,138-P17
F:\PycharmProjects\DeepWriterID-v2\\data\raw\WPTT2.0-Train\138-P18.wptt,138,Train,138-P18
F:\PycharmProjects\DeepWriterID-v2\\data\raw\WPTT2.0-Train\138-P19.wptt,138,Train,138-P19
F:\PycharmProjects\DeepWriterID-v2\\data\raw\WPTT2.0-Train\138-P20.wptt,138,Test,138-P20
F:\PycharmProjects\DeepWriterID-v2\\data\raw\WPTT2.0-Train\122-P16.wptt,122,Test,122-P16
F:\PycharmProjects\DeepWriterID-v2\\data\raw\WPTT2.0-Train\122-P17.wptt,122,Train,122-P17
F:\PycharmProjects\DeepWriterID-v2\\data\raw\WPTT2.0-Train\122-P18.wptt,122,Train,122-P18
F:\PycharmProjects\DeepWriterID-v2\\data\raw\WPTT2.0-Train\122-P19.wptt,122,Train,122-P19
F:\PycharmProjects\DeepWriterID-v2\\data\raw\WPTT2.0-Train\122-P20.wptt,122,Train,122-P20
F:\PycharmProjects\DeepWriterID-v2\\data\raw\WPTT2.0-Train\139-P16.wptt,139,Train,139-P16
F:\PycharmProjects\DeepWriterID-v2\\data\raw\WPTT2.0-Train\139-P17.wptt,139,Test,139-P17
F:\PycharmProjects\DeepWriterID-v2\\data\raw\WPTT2.0-Train\139-P18.wptt,139,Train,139-P18
F:\PycharmProjects\DeepWriterID-v2\\data\raw\WPTT2.0-Train\139-P19.wptt,139,Train,139-P19
F:\PycharmProjects\DeepWriterID-v2\\data\raw\WPTT2.0-Train\139-P20.wptt,139,Train,139-P20
F:\PycharmProjects\DeepWriterID-v2\\data\raw\WPTT2.0-Train\123-P16.wptt,123,Test,123-P16
F:\PycharmProjects\DeepWriterID-v2\\data\raw\WPTT2.0-Train\123-P17.wptt,123,Train,123-P17
F:\PycharmProjects\DeepWriterID-v2\\data\raw\WPTT2.0-Train\123-P18.wptt,123,Train,123-P18
F:\PycharmProjects\DeepWriterID-v2\\data\raw\WPTT2.0-Train\123-P19.wptt,123,Train,123-P19
F:\PycharmProjects\DeepWriterID-v2\\data\raw\WPTT2.0-Train\123-P20.wptt,123,Train,123-P20
F:\PycharmProjects\DeepWriterID-v2\\data\raw\WPTT2.0-Train\140-P16.wptt,140,Train,140-P16
F:\PycharmProjects\DeepWriterID-v2\\data\raw\WPTT2.0-Train\140-P17.wptt,140,Train,140-P17
F:\PycharmProjects\DeepWriterID-v2\\data\raw\WPTT2.0-Train\140-P18.wptt,140,Train,140-P18
F:\PycharmProjects\DeepWriterID-v2\\data\raw\WPTT2.0-Train\140-P19.wptt,140,Train,140-P19
F:\PycharmProjects\DeepWriterID-v2\\data\raw\WPTT2.0-Train\140-P20.wptt,140,Test,140-P20
F:\PycharmProjects\DeepWriterID-v2\\data\raw\WPTT2.0-Train\126-P16.wptt,126,Train,126-P16
F:\PycharmProjects\DeepWriterID-v2\\data\raw\WPTT2.0-Train\126-P17.wptt,126,Train,126-P17
F:\PycharmProjects\DeepWriterID-v2\\data\raw\WPTT2.0-Train\126-P18.wptt,126,Test,126-P18
F:\PycharmProjects\DeepWriterID-v2\\data\raw\WPTT2.0-Train\126-P19.wptt,126,Train,126-P19
F:\PycharmProjects\DeepWriterID-v2\\data\raw\WPTT2.0-Train\126-P20.wptt,126,Train,126-P20
F:\PycharmProjects\DeepWriterID-v2\\data\raw\WPTT2.0-Train\141-P16.wptt,141,Train,141-P16
F:\PycharmProjects\DeepWriterID-v2\\data\raw\WPTT2.0-Train\141-P17.wptt,141,Test,141-P17
F:\PycharmProjects\DeepWriterID-v2\\data\raw\WPTT2.0-Train\141-P18.wptt,141,Train,141-P18
F:\PycharmProjects\DeepWriterID-v2\\data\raw\WPTT2.0-Train\141-P19.wptt,141,Train,141-P19
F:\PycharmProjects\DeepWriterID-v2\\data\raw\WPTT2.0-Train\141-P20.wptt,141,Train,141-P20
F:\PycharmProjects\DeepWriterID-v2\\data\raw\WPTT2.0-Train\127-P16.wptt,127,Train,127-P16
F:\PycharmProjects\DeepWriterID-v2\\data\raw\WPTT2.0-Train\127-P17.wptt,127,Train,127-P17
F:\PycharmProjects\DeepWriterID-v2\\data\raw\WPTT2.0-Train\127-P18.wptt,127,Test,127-P18
F:\PycharmProjects\DeepWriterID-v2\\data\raw\WPTT2.0-Train\127-P19.wptt,127,Train,127-P19
F:\PycharmProjects\DeepWriterID-v2\\data\raw\WPTT2.0-Train\127-P20.wptt,127,Train,127-P20
F:\PycharmProjects\DeepWriterID-v2\\data\raw\WPTT2.0-Train\142-P16.wptt,142,Train,142-P16
F:\PycharmProjects\DeepWriterID-v2\\data\raw\WPTT2.0-Train\142-P17.wptt,142,Test,142-P17
F:\PycharmProjects\DeepWriterID-v2\\data\raw\WPTT2.0-Train\142-P18.wptt,142,Train,142-P18
F:\PycharmProjects\DeepWriterID-v2\\data\raw\WPTT2.0-Train\142-P19.wptt,142,Train,142-P19
F:\PycharmProjects\DeepWriterID-v2\\data\raw\WPTT2.0-Train\142-P20.wptt,142,Train,142-P20
F:\PycharmProjects\DeepWriterID-v2\\data\raw\WPTT2.0-Train\128-P16.wptt,128,Train,128-P16
F:\PycharmProjects\DeepWriterID-v2\\data\raw\WPTT2.0-Train\128-P17.wptt,128,Train,128-P17
F:\PycharmProjects\DeepWriterID-v2\\data\raw\WPTT2.0-Train\128-P18.wptt,128,Train,128-P18
F:\PycharmProjects\DeepWriterID-v2\\data\raw\WPTT2.0-Train\128-P19.wptt,128,Train,128-P19
F:\PycharmProjects\DeepWriterID-v2\\data\raw\WPTT2.0-Train\128-P20.wptt,128,Test,128-P20
F:\PycharmProjects\DeepWriterID-v2\\data\raw\WPTT2.0-Train\143-P16.wptt,143,Test,143-P16
F:\PycharmProjects\DeepWriterID-v2\\data\raw\WPTT2.0-Train\143-P17.wptt,143,Train,143-P17
F:\PycharmProjects\DeepWriterID-v2\\data\raw\WPTT2.0-Train\143-P18.wptt,143,Train,143-P18
F:\PycharmProjects\DeepWriterID-v2\\data\raw\WPTT2.0-Train\143-P19.wptt,143,Train,143-P19
F:\PycharmProjects\DeepWriterID-v2\\data\raw\WPTT2.0-Train\143-P20.wptt,143,Train,143-P20
F:\PycharmProjects\DeepWriterID-v2\\data\raw\WPTT2.0-Train\129-P16.wptt,129,Train,129-P16
F:\PycharmProjects\DeepWriterID-v2\\data\raw\WPTT2.0-Train\129-P17.wptt,129,Train,129-P17
F:\PycharmProjects\DeepWriterID-v2\\data\raw\WPTT2.0-Train\129-P18.wptt,129,Train,129-P18
F:\PycharmProjects\DeepWriterID-v2\\data\raw\WPTT2.0-Train\129-P19.wptt,129,Train,129-P19
F:\PycharmProjects\DeepWriterID-v2\\data\raw\WPTT2.0-Train\129-P20.wptt,129,Test,129-P20
F:\PycharmProjects\DeepWriterID-v2\\data\raw\WPTT2.0-Train\144-P16.wptt,144,Train,144-P16
F:\PycharmProjects\DeepWriterID-v2\\data\raw\WPTT2.0-Train\144-P17.wptt,144,Test,144-P17
F:\PycharmProjects\DeepWriterID-v2\\data\raw\WPTT2.0-Train\144-P18.wptt,144,Train,144-P18
F:\PycharmProjects\DeepWriterID-v2\\data\raw\WPTT2.0-Train\144-P19.wptt,144,Train,144-P19
F:\PycharmProjects\DeepWriterID-v2\\data\raw\WPTT2.0-Train\144-P20.wptt,144,Train,144-P20
F:\PycharmProjects\DeepWriterID-v2\\data\raw\WPTT2.0-Train\130-P16.wptt,130,Train,130-P16
F:\PycharmProjects\DeepWriterID-v2\\data\raw\WPTT2.0-Train\130-P17.wptt,130,Train,130-P17
F:\PycharmProjects\DeepWriterID-v2\\data\raw\WPTT2.0-Train\130-P18.wptt,130,Train,130-P18
F:\PycharmProjects\DeepWriterID-v2\\data\raw\WPTT2.0-Train\130-P19.wptt,130,Test,130-P19
F:\PycharmProjects\DeepWriterID-v2\\data\raw\WPTT2.0-Train\130-P20.wptt,130,Train,130-P20
F:\PycharmProjects\DeepWriterID-v2\\data\raw\WPTT2.0-Train\145-P16.wptt,145,Train,145-P16
F:\PycharmProjects\DeepWriterID-v2\\data\raw\WPTT2.0-Train\145-P17.wptt,145,Test,145-P17
F:\PycharmProjects\DeepWriterID-v2\\data\raw\WPTT2.0-Train\145-P18.wptt,145,Train,145-P18
F:\PycharmProjects\DeepWriterID-v2\\data\raw\WPTT2.0-Train\145-P19.wptt,145,Train,145-P19
F:\PycharmProjects\DeepWriterID-v2\\data\raw\WPTT2.0-Train\145-P20.wptt,145,Train,145-P20
F:\PycharmProjects\DeepWriterID-v2\\data\raw\WPTT2.0-Train\131-P16.wptt,131,Train,131-P16
F:\PycharmProjects\DeepWriterID-v2\\data\raw\WPTT2.0-Train\131-P17.wptt,131,Test,131-P17
F:\PycharmProjects\DeepWriterID-v2\\data\raw\WPTT2.0-Train\131-P18.wptt,131,Train,131-P18
F:\PycharmProjects\DeepWriterID-v2\\data\raw\WPTT2.0-Train\131-P19.wptt,131,Train,131-P19
F:\PycharmProjects\DeepWriterID-v2\\data\raw\WPTT2.0-Train\131-P20.wptt,131,Train,131-P20
F:\PycharmProjects\DeepWriterID-v2\\data\raw\WPTT2.0-Train\146-P16.wptt,146,Train,146-P16
F:\PycharmProjects\DeepWriterID-v2\\data\raw\WPTT2.0-Train\146-P17.wptt,146,Test,146-P17
F:\PycharmProjects\DeepWriterID-v2\\data\raw\WPTT2.0-Train\146-P18.wptt,146,Train,146-P18
F:\PycharmProjects\DeepWriterID-v2\\data\raw\WPTT2.0-Train\146-P19.wptt,146,Train,146-P19
F:\PycharmProjects\DeepWriterID-v2\\data\raw\WPTT2.0-Train\146-P20.wptt,146,Train,146-P20
F:\PycharmProjects\DeepWriterID-v2\\data\raw\WPTT2.0-Train\133-P16.wptt,133,Test,133-P16
F:\PycharmProjects\DeepWriterID-v2\\data\raw\WPTT2.0-Train\133-P17.wptt,133,Train,133-P17
F:\PycharmProjects\DeepWriterID-v2\\data\raw\WPTT2.0-Train\133-P18.wptt,133,Train,133-P18
F:\PycharmProjects\DeepWriterID-v2\\data\raw\WPTT2.0-Train\133-P19.wptt,133,Train,133-P19
F:\PycharmProjects\DeepWriterID-v2\\data\raw\WPTT2.0-Train\133-P20.wptt,133,Train,133-P20
F:\PycharmProjects\DeepWriterID-v2\\data\raw\WPTT2.0-Train\148-P16.wptt,148,Test,148-P16
F:\PycharmProjects\DeepWriterID-v2\\data\raw\WPTT2.0-Train\148-P17.wptt,148,Train,148-P17
F:\PycharmProjects\DeepWriterID-v2\\data\raw\WPTT2.0-Train\148-P18.wptt,148,Train,148-P18
F:\PycharmProjects\DeepWriterID-v2\\data\raw\WPTT2.0-Train\148-P19.wptt,148,Train,148-P19
F:\PycharmProjects\DeepWriterID-v2\\data\raw\WPTT2.0-Train\148-P20.wptt,148,Train,148-P20
F:\PycharmProjects\DeepWriterID-v2\\data\raw\WPTT2.0-Train\134-P16.wptt,134,Train,134-P16
F:\PycharmProjects\DeepWriterID-v2\\data\raw\WPTT2.0-Train\134-P17.wptt,134,Train,134-P17
F:\PycharmProjects\DeepWriterID-v2\\data\raw\WPTT2.0-Train\134-P18.wptt,134,Train,134-P18
F:\PycharmProjects\DeepWriterID-v2\\data\raw\WPTT2.0-Train\134-P19.wptt,134,Test,134-P19
F:\PycharmProjects\DeepWriterID-v2\\data\raw\WPTT2.0-Train\134-P20.wptt,134,Train,134-P20
F:\PycharmProjects\DeepWriterID-v2\\data\raw\WPTT2.0-Train\149-P16.wptt,149,Train,149-P16
F:\PycharmProjects\DeepWriterID-v2\\data\raw\WPTT2.0-Train\149-P17.wptt,149,Train,149-P17
F:\PycharmProjects\DeepWriterID-v2\\data\raw\WPTT2.0-Train\149-P18.wptt,149,Train,149-P18
F:\PycharmProjects\DeepWriterID-v2\\data\raw\WPTT2.0-Train\149-P19.wptt,149,Train,149-P19
F:\PycharmProjects\DeepWriterID-v2\\data\raw\WPTT2.0-Train\149-P20.wptt,149,Test,149-P20
F:\PycharmProjects\DeepWriterID-v2\\data\raw\WPTT2.0-Train\135-P16.wptt,135,Train,135-P16
F:\PycharmProjects\DeepWriterID-v2\\data\raw\WPTT2.0-Train\135-P17.wptt,135,Train,135-P17
F:\PycharmProjects\DeepWriterID-v2\\data\raw\WPTT2.0-Train\135-P18.wptt,135,Test,135-P18
F:\PycharmProjects\DeepWriterID-v2\\data\raw\WPTT2.0-Train\135-P19.wptt,135,Train,135-P19
F:\PycharmProjects\DeepWriterID-v2\\data\raw\WPTT2.0-Train\135-P20.wptt,135,Train,135-P20
F:\PycharmProjects\DeepWriterID-v2\\data\raw\WPTT2.0-Train\192-P19.wptt,192,Train,192-P19
F:\PycharmProjects\DeepWriterID-v2\\data\raw\WPTT2.0-Train\192-P16.wptt,192,Train,192-P16
F:\PycharmProjects\DeepWriterID-v2\\data\raw\WPTT2.0-Train\192-P17.wptt,192,Train,192-P17
F:\PycharmProjects\DeepWriterID-v2\\data\raw\WPTT2.0-Train\192-P18.wptt,192,Train,192-P18
F:\PycharmProjects\DeepWriterID-v2\\data\raw\WPTT2.0-Train\192-P20.wptt,192,Test,192-P20
F:\PycharmProjects\DeepWriterID-v2\\data\raw\WPTT2.0-Train\152-P16.wptt,152,Train,152-P16
F:\PycharmProjects\DeepWriterID-v2\\data\raw\WPTT2.0-Train\152-P17.wptt,152,Test,152-P17
F:\PycharmProjects\DeepWriterID-v2\\data\raw\WPTT2.0-Train\152-P18.wptt,152,Train,152-P18
F:\PycharmProjects\DeepWriterID-v2\\data\raw\WPTT2.0-Train\152-P19.wptt,152,Train,152-P19
F:\PycharmProjects\DeepWriterID-v2\\data\raw\WPTT2.0-Train\152-P20.wptt,152,Train,152-P20
F:\PycharmProjects\DeepWriterID-v2\\data\raw\WPTT2.0-Train\175-P19.wptt,175,Train,175-P19
F:\PycharmProjects\DeepWriterID-v2\\data\raw\WPTT2.0-Train\175-P18.wptt,175,Train,175-P18
F:\PycharmProjects\DeepWriterID-v2\\data\raw\WPTT2.0-Train\175-P20.wptt,175,Train,175-P20
F:\PycharmProjects\DeepWriterID-v2\\data\raw\WPTT2.0-Train\175-P16.wptt,175,Test,175-P16
F:\PycharmProjects\DeepWriterID-v2\\data\raw\WPTT2.0-Train\175-P17.wptt,175,Train,175-P17
F:\PycharmProjects\DeepWriterID-v2\\data\raw\WPTT2.0-Train\176-P16.wptt,176,Train,176-P16
F:\PycharmProjects\DeepWriterID-v2\\data\raw\WPTT2.0-Train\176-P17.wptt,176,Train,176-P17
F:\PycharmProjects\DeepWriterID-v2\\data\raw\WPTT2.0-Train\176-P18.wptt,176,Train,176-P18
F:\PycharmProjects\DeepWriterID-v2\\data\raw\WPTT2.0-Train\176-P19.wptt,176,Test,176-P19
F:\PycharmProjects\DeepWriterID-v2\\data\raw\WPTT2.0-Train\176-P20.wptt,176,Train,176-P20
F:\PycharmProjects\DeepWriterID-v2\\data\raw\WPTT2.0-Train\154-P16.wptt,154,Test,154-P16
F:\PycharmProjects\DeepWriterID-v2\\data\raw\WPTT2.0-Train\154-P17.wptt,154,Train,154-P17
F:\PycharmProjects\DeepWriterID-v2\\data\raw\WPTT2.0-Train\154-P18.wptt,154,Train,154-P18
F:\PycharmProjects\DeepWriterID-v2\\data\raw\WPTT2.0-Train\154-P19.wptt,154,Train,154-P19
F:\PycharmProjects\DeepWriterID-v2\\data\raw\WPTT2.0-Train\154-P20.wptt,154,Train,154-P20
F:\PycharmProjects\DeepWriterID-v2\\data\raw\WPTT2.0-Train\177-P16.wptt,177,Train,177-P16
F:\PycharmProjects\DeepWriterID-v2\\data\raw\WPTT2.0-Train\177-P17.wptt,177,Train,177-P17
F:\PycharmProjects\DeepWriterID-v2\\data\raw\WPTT2.0-Train\177-P18.wptt,177,Train,177-P18
F:\PycharmProjects\DeepWriterID-v2\\data\raw\WPTT2.0-Train\177-P19.wptt,177,Train,177-P19
F:\PycharmProjects\DeepWriterID-v2\\data\raw\WPTT2.0-Train\177-P20.wptt,177,Test,177-P20
F:\PycharmProjects\DeepWriterID-v2\\data\raw\WPTT2.0-Train\155-P16.wptt,155,Train,155-P16
F:\PycharmProjects\DeepWriterID-v2\\data\raw\WPTT2.0-Train\155-P17.wptt,155,Train,155-P17
F:\PycharmProjects\DeepWriterID-v2\\data\raw\WPTT2.0-Train\155-P18.wptt,155,Test,155-P18
F:\PycharmProjects\DeepWriterID-v2\\data\raw\WPTT2.0-Train\155-P19.wptt,155,Train,155-P19
F:\PycharmProjects\DeepWriterID-v2\\data\raw\WPTT2.0-Train\155-P20.wptt,155,Train,155-P20
F:\PycharmProjects\DeepWriterID-v2\\data\raw\WPTT2.0-Train\178-P16.wptt,178,Train,178-P16
F:\PycharmProjects\DeepWriterID-v2\\data\raw\WPTT2.0-Train\178-P17.wptt,178,Train,178-P17
F:\PycharmProjects\DeepWriterID-v2\\data\raw\WPTT2.0-Train\178-P18.wptt,178,Train,178-P18
F:\PycharmProjects\DeepWriterID-v2\\data\raw\WPTT2.0-Train\178-P19.wptt,178,Test,178-P19
F:\PycharmProjects\DeepWriterID-v2\\data\raw\WPTT2.0-Train\178-P20.wptt,178,Train,178-P20
F:\PycharmProjects\DeepWriterID-v2\\data\raw\WPTT2.0-Train\159-P16.wptt,159,Train,159-P16
F:\PycharmProjects\DeepWriterID-v2\\data\raw\WPTT2.0-Train\159-P17.wptt,159,Train,159-P17
F:\PycharmProjects\DeepWriterID-v2\\data\raw\WPTT2.0-Train\159-P18.wptt,159,Train,159-P18
F:\PycharmProjects\DeepWriterID-v2\\data\raw\WPTT2.0-Train\159-P19.wptt,159,Test,159-P19
F:\PycharmProjects\DeepWriterID-v2\\data\raw\WPTT2.0-Train\159-P20.wptt,159,Train,159-P20
F:\PycharmProjects\DeepWriterID-v2\\data\raw\WPTT2.0-Train\179-P16.wptt,179,Train,179-P16
F:\PycharmProjects\DeepWriterID-v2\\data\raw\WPTT2.0-Train\179-P17.wptt,179,Train,179-P17
F:\PycharmProjects\DeepWriterID-v2\\data\raw\WPTT2.0-Train\179-P18.wptt,179,Test,179-P18
F:\PycharmProjects\DeepWriterID-v2\\data\raw\WPTT2.0-Train\179-P19.wptt,179,Train,179-P19
F:\PycharmProjects\DeepWriterID-v2\\data\raw\WPTT2.0-Train\179-P20.wptt,179,Train,179-P20
F:\PycharmProjects\DeepWriterID-v2\\data\raw\WPTT2.0-Train\161-P16.wptt,161,Train,161-P16
F:\PycharmProjects\DeepWriterID-v2\\data\raw\WPTT2.0-Train\161-P17.wptt,161,Train,161-P17
F:\PycharmProjects\DeepWriterID-v2\\data\raw\WPTT2.0-Train\161-P18.wptt,161,Train,161-P18
F:\PycharmProjects\DeepWriterID-v2\\data\raw\WPTT2.0-Train\161-P19.wptt,161,Test,161-P19
F:\PycharmProjects\DeepWriterID-v2\\data\raw\WPTT2.0-Train\161-P20.wptt,161,Train,161-P20
F:\PycharmProjects\DeepWriterID-v2\\data\raw\WPTT2.0-Train\180-P16.wptt,180,Train,180-P16
F:\PycharmProjects\DeepWriterID-v2\\data\raw\WPTT2.0-Train\180-P17.wptt,180,Test,180-P17
F:\PycharmProjects\DeepWriterID-v2\\data\raw\WPTT2.0-Train\180-P18.wptt,180,Train,180-P18
F:\PycharmProjects\DeepWriterID-v2\\data\raw\WPTT2.0-Train\180-P19.wptt,180,Train,180-P19
F:\PycharmProjects\DeepWriterID-v2\\data\raw\WPTT2.0-Train\180-P20.wptt,180,Train,180-P20
F:\PycharmProjects\DeepWriterID-v2\\data\raw\WPTT2.0-Train\162-P16.wptt,162,Test,162-P16
F:\PycharmProjects\DeepWriterID-v2\\data\raw\WPTT2.0-Train\162-P17.wptt,162,Train,162-P17
F:\PycharmProjects\DeepWriterID-v2\\data\raw\WPTT2.0-Train\162-P18.wptt,162,Train,162-P18
F:\PycharmProjects\DeepWriterID-v2\\data\raw\WPTT2.0-Train\162-P19.wptt,162,Train,162-P19
F:\PycharmProjects\DeepWriterID-v2\\data\raw\WPTT2.0-Train\162-P20.wptt,162,Train,162-P20
F:\PycharmProjects\DeepWriterID-v2\\data\raw\WPTT2.0-Train\182-P16.wptt,182,Train,182-P16
F:\PycharmProjects\DeepWriterID-v2\\data\raw\WPTT2.0-Train\182-P17.wptt,182,Train,182-P17
F:\PycharmProjects\DeepWriterID-v2\\data\raw\WPTT2.0-Train\182-P18.wptt,182,Train,182-P18
F:\PycharmProjects\DeepWriterID-v2\\data\raw\WPTT2.0-Train\182-P19.wptt,182,Test,182-P19
F:\PycharmProjects\DeepWriterID-v2\\data\raw\WPTT2.0-Train\182-P20.wptt,182,Train,182-P20
F:\PycharmProjects\DeepWriterID-v2\\data\raw\WPTT2.0-Train\163-P16.wptt,163,Train,163-P16
F:\PycharmProjects\DeepWriterID-v2\\data\raw\WPTT2.0-Train\163-P17.wptt,163,Train,163-P17
F:\PycharmProjects\DeepWriterID-v2\\data\raw\WPTT2.0-Train\163-P18.wptt,163,Test,163-P18
F:\PycharmProjects\DeepWriterID-v2\\data\raw\WPTT2.0-Train\163-P19.wptt,163,Train,163-P19
F:\PycharmProjects\DeepWriterID-v2\\data\raw\WPTT2.0-Train\163-P20.wptt,163,Train,163-P20
F:\PycharmProjects\DeepWriterID-v2\\data\raw\WPTT2.0-Train\183-P16.wptt,183,Test,183-P16
F:\PycharmProjects\DeepWriterID-v2\\data\raw\WPTT2.0-Train\183-P17.wptt,183,Train,183-P17
F:\PycharmProjects\DeepWriterID-v2\\data\raw\WPTT2.0-Train\183-P18.wptt,183,Train,183-P18
F:\PycharmProjects\DeepWriterID-v2\\data\raw\WPTT2.0-Train\183-P19.wptt,183,Train,183-P19
F:\PycharmProjects\DeepWriterID-v2\\data\raw\WPTT2.0-Train\183-P20.wptt,183,Train,183-P20
F:\PycharmProjects\DeepWriterID-v2\\data\raw\WPTT2.0-Train\164-P16.wptt,164,Train,164-P16
F:\PycharmProjects\DeepWriterID-v2\\data\raw\WPTT2.0-Train\164-P17.wptt,164,Train,164-P17
F:\PycharmProjects\DeepWriterID-v2\\data\raw\WPTT2.0-Train\164-P18.wptt,164,Train,164-P18
F:\PycharmProjects\DeepWriterID-v2\\data\raw\WPTT2.0-Train\164-P19.wptt,164,Test,164-P19
F:\PycharmProjects\DeepWriterID-v2\\data\raw\WPTT2.0-Train\164-P20.wptt,164,Train,164-P20
F:\PycharmProjects\DeepWriterID-v2\\data\raw\WPTT2.0-Train\184-P16.wptt,184,Train,184-P16
F:\PycharmProjects\DeepWriterID-v2\\data\raw\WPTT2.0-Train\184-P17.wptt,184,Train,184-P17
F:\PycharmProjects\DeepWriterID-v2\\data\raw\WPTT2.0-Train\184-P18.wptt,184,Train,184-P18
F:\PycharmProjects\DeepWriterID-v2\\data\raw\WPTT2.0-Train\184-P19.wptt,184,Test,184-P19
F:\PycharmProjects\DeepWriterID-v2\\data\raw\WPTT2.0-Train\184-P20.wptt,184,Train,184-P20
F:\PycharmProjects\DeepWriterID-v2\\data\raw\WPTT2.0-Train\165-P16.wptt,165,Train,165-P16
F:\PycharmProjects\DeepWriterID-v2\\data\raw\WPTT2.0-Train\165-P17.wptt,165,Test,165-P17
F:\PycharmProjects\DeepWriterID-v2\\data\raw\WPTT2.0-Train\165-P18.wptt,165,Train,165-P18
F:\PycharmProjects\DeepWriterID-v2\\data\raw\WPTT2.0-Train\165-P19.wptt,165,Train,165-P19
F:\PycharmProjects\DeepWriterID-v2\\data\raw\WPTT2.0-Train\165-P20.wptt,165,Train,165-P20
F:\PycharmProjects\DeepWriterID-v2\\data\raw\WPTT2.0-Train\185-P16.wptt,185,Test,185-P16
F:\PycharmProjects\DeepWriterID-v2\\data\raw\WPTT2.0-Train\185-P17.wptt,185,Train,185-P17
F:\PycharmProjects\DeepWriterID-v2\\data\raw\WPTT2.0-Train\185-P18.wptt,185,Train,185-P18
F:\PycharmProjects\DeepWriterID-v2\\data\raw\WPTT2.0-Train\185-P19.wptt,185,Train,185-P19
F:\PycharmProjects\DeepWriterID-v2\\data\raw\WPTT2.0-Train\185-P20.wptt,185,Train,185-P20
F:\PycharmProjects\DeepWriterID-v2\\data\raw\WPTT2.0-Train\166-P16.wptt,166,Train,166-P16
F:\PycharmProjects\DeepWriterID-v2\\data\raw\WPTT2.0-Train\166-P17.wptt,166,Train,166-P17
F:\PycharmProjects\DeepWriterID-v2\\data\raw\WPTT2.0-Train\166-P18.wptt,166,Train,166-P18
F:\PycharmProjects\DeepWriterID-v2\\data\raw\WPTT2.0-Train\166-P19.wptt,166,Test,166-P19
F:\PycharmProjects\DeepWriterID-v2\\data\raw\WPTT2.0-Train\166-P20.wptt,166,Train,166-P20
F:\PycharmProjects\DeepWriterID-v2\\data\raw\WPTT2.0-Train\186-P16.wptt,186,Train,186-P16
F:\PycharmProjects\DeepWriterID-v2\\data\raw\WPTT2.0-Train\186-P17.wptt,186,Test,186-P17
F:\PycharmProjects\DeepWriterID-v2\\data\raw\WPTT2.0-Train\186-P18.wptt,186,Train,186-P18
F:\PycharmProjects\DeepWriterID-v2\\data\raw\WPTT2.0-Train\186-P19.wptt,186,Train,186-P19
F:\PycharmProjects\DeepWriterID-v2\\data\raw\WPTT2.0-Train\186-P20.wptt,186,Train,186-P20
F:\PycharmProjects\DeepWriterID-v2\\data\raw\WPTT2.0-Train\167-P16.wptt,167,Train,167-P16
F:\PycharmProjects\DeepWriterID-v2\\data\raw\WPTT2.0-Train\167-P17.wptt,167,Train,167-P17
F:\PycharmProjects\DeepWriterID-v2\\data\raw\WPTT2.0-Train\167-P18.wptt,167,Train,167-P18
F:\PycharmProjects\DeepWriterID-v2\\data\raw\WPTT2.0-Train\167-P19.wptt,167,Train,167-P19
F:\PycharmProjects\DeepWriterID-v2\\data\raw\WPTT2.0-Train\167-P20.wptt,167,Test,167-P20
F:\PycharmProjects\DeepWriterID-v2\\data\raw\WPTT2.0-Train\188-P16.wptt,188,Train,188-P16
F:\PycharmProjects\DeepWriterID-v2\\data\raw\WPTT2.0-Train\188-P17.wptt,188,Train,188-P17
F:\PycharmProjects\DeepWriterID-v2\\data\raw\WPTT2.0-Train\188-P18.wptt,188,Test,188-P18
F:\PycharmProjects\DeepWriterID-v2\\data\raw\WPTT2.0-Train\188-P19.wptt,188,Train,188-P19
F:\PycharmProjects\DeepWriterID-v2\\data\raw\WPTT2.0-Train\188-P20.wptt,188,Train,188-P20
F:\PycharmProjects\DeepWriterID-v2\\data\raw\WPTT2.0-Train\170-P16.wptt,170,Train,170-P16
F:\PycharmProjects\DeepWriterID-v2\\data\raw\WPTT2.0-Train\170-P17.wptt,170,Test,170-P17
F:\PycharmProjects\DeepWriterID-v2\\data\raw\WPTT2.0-Train\170-P18.wptt,170,Train,170-P18
F:\PycharmProjects\DeepWriterID-v2\\data\raw\WPTT2.0-Train\170-P19.wptt,170,Train,170-P19
F:\PycharmProjects\DeepWriterID-v2\\data\raw\WPTT2.0-Train\170-P20.wptt,170,Train,170-P20
F:\PycharmProjects\DeepWriterID-v2\\data\raw\WPTT2.0-Train\190-P16.wptt,190,Test,190-P16
F:\PycharmProjects\DeepWriterID-v2\\data\raw\WPTT2.0-Train\190-P17.wptt,190,Train,190-P17
F:\PycharmProjects\DeepWriterID-v2\\data\raw\WPTT2.0-Train\190-P18.wptt,190,Train,190-P18
F:\PycharmProjects\DeepWriterID-v2\\data\raw\WPTT2.0-Train\190-P19.wptt,190,Train,190-P19
F:\PycharmProjects\DeepWriterID-v2\\data\raw\WPTT2.0-Train\190-P20.wptt,190,Train,190-P20
F:\PycharmProjects\DeepWriterID-v2\\data\raw\WPTT2.0-Train\171-P16.wptt,171,Test,171-P16
F:\PycharmProjects\DeepWriterID-v2\\data\raw\WPTT2.0-Train\171-P17.wptt,171,Train,171-P17
F:\PycharmProjects\DeepWriterID-v2\\data\raw\WPTT2.0-Train\171-P18.wptt,171,Train,171-P18
F:\PycharmProjects\DeepWriterID-v2\\data\raw\WPTT2.0-Train\171-P19.wptt,171,Train,171-P19
F:\PycharmProjects\DeepWriterID-v2\\data\raw\WPTT2.0-Train\171-P20.wptt,171,Train,171-P20
F:\PycharmProjects\DeepWriterID-v2\\data\raw\WPTT2.0-Train\191-P16.wptt,191,Train,191-P16
F:\PycharmProjects\DeepWriterID-v2\\data\raw\WPTT2.0-Train\191-P17.wptt,191,Train,191-P17
F:\PycharmProjects\DeepWriterID-v2\\data\raw\WPTT2.0-Train\191-P18.wptt,191,Test,191-P18
F:\PycharmProjects\DeepWriterID-v2\\data\raw\WPTT2.0-Train\191-P19.wptt,191,Train,191-P19
F:\PycharmProjects\DeepWriterID-v2\\data\raw\WPTT2.0-Train\191-P20.wptt,191,Train,191-P20
F:\PycharmProjects\DeepWriterID-v2\\data\raw\WPTT2.0-Train\174-P16.wptt,174,Train,174-P16
F:\PycharmProjects\DeepWriterID-v2\\data\raw\WPTT2.0-Train\174-P17.wptt,174,Train,174-P17
F:\PycharmProjects\DeepWriterID-v2\\data\raw\WPTT2.0-Train\174-P18.wptt,174,Test,174-P18
F:\PycharmProjects\DeepWriterID-v2\\data\raw\WPTT2.0-Train\174-P19.wptt,174,Train,174-P19
F:\PycharmProjects\DeepWriterID-v2\\data\raw\WPTT2.0-Train\174-P20.wptt,174,Train,174-P20
F:\PycharmProjects\DeepWriterID-v2\\data\raw\WPTT2.0-Train\230-P18.wptt,230,Train,230-P18
F:\PycharmProjects\DeepWriterID-v2\\data\raw\WPTT2.0-Train\230-P16.wptt,230,Train,230-P16
F:\PycharmProjects\DeepWriterID-v2\\data\raw\WPTT2.0-Train\230-P17.wptt,230,Test,230-P17
F:\PycharmProjects\DeepWriterID-v2\\data\raw\WPTT2.0-Train\230-P19.wptt,230,Train,230-P19
F:\PycharmProjects\DeepWriterID-v2\\data\raw\WPTT2.0-Train\230-P20.wptt,230,Train,230-P20
F:\PycharmProjects\DeepWriterID-v2\\data\raw\WPTT2.0-Train\212-P18.wptt,212,Train,212-P18
F:\PycharmProjects\DeepWriterID-v2\\data\raw\WPTT2.0-Train\212-P17.wptt,212,Train,212-P17
F:\PycharmProjects\DeepWriterID-v2\\data\raw\WPTT2.0-Train\212-P19.wptt,212,Test,212-P19
F:\PycharmProjects\DeepWriterID-v2\\data\raw\WPTT2.0-Train\212-P20.wptt,212,Train,212-P20
F:\PycharmProjects\DeepWriterID-v2\\data\raw\WPTT2.0-Train\212-P16.wptt,212,Train,212-P16
F:\PycharmProjects\DeepWriterID-v2\\data\raw\WPTT2.0-Train\196-P16.wptt,196,Train,196-P16
F:\PycharmProjects\DeepWriterID-v2\\data\raw\WPTT2.0-Train\196-P17.wptt,196,Train,196-P17
F:\PycharmProjects\DeepWriterID-v2\\data\raw\WPTT2.0-Train\196-P18.wptt,196,Test,196-P18
F:\PycharmProjects\DeepWriterID-v2\\data\raw\WPTT2.0-Train\196-P19.wptt,196,Train,196-P19
F:\PycharmProjects\DeepWriterID-v2\\data\raw\WPTT2.0-Train\196-P20.wptt,196,Train,196-P20
F:\PycharmProjects\DeepWriterID-v2\\data\raw\WPTT2.0-Train\214-P16.wptt,214,Train,214-P16
F:\PycharmProjects\DeepWriterID-v2\\data\raw\WPTT2.0-Train\214-P17.wptt,214,Train,214-P17
F:\PycharmProjects\DeepWriterID-v2\\data\raw\WPTT2.0-Train\214-P18.wptt,214,Train,214-P18
F:\PycharmProjects\DeepWriterID-v2\\data\raw\WPTT2.0-Train\214-P19.wptt,214,Test,214-P19
F:\PycharmProjects\DeepWriterID-v2\\data\raw\WPTT2.0-Train\214-P20.wptt,214,Train,214-P20
F:\PycharmProjects\DeepWriterID-v2\\data\raw\WPTT2.0-Train\197-P16.wptt,197,Train,197-P16
F:\PycharmProjects\DeepWriterID-v2\\data\raw\WPTT2.0-Train\197-P17.wptt,197,Train,197-P17
F:\PycharmProjects\DeepWriterID-v2\\data\raw\WPTT2.0-Train\197-P18.wptt,197,Train,197-P18
F:\PycharmProjects\DeepWriterID-v2\\data\raw\WPTT2.0-Train\197-P19.wptt,197,Train,197-P19
F:\PycharmProjects\DeepWriterID-v2\\data\raw\WPTT2.0-Train\197-P20.wptt,197,Test,197-P20
F:\PycharmProjects\DeepWriterID-v2\\data\raw\WPTT2.0-Train\215-P16.wptt,215,Test,215-P16
F:\PycharmProjects\DeepWriterID-v2\\data\raw\WPTT2.0-Train\215-P17.wptt,215,Train,215-P17
F:\PycharmProjects\DeepWriterID-v2\\data\raw\WPTT2.0-Train\215-P18.wptt,215,Train,215-P18
F:\PycharmProjects\DeepWriterID-v2\\data\raw\WPTT2.0-Train\215-P19.wptt,215,Train,215-P19
F:\PycharmProjects\DeepWriterID-v2\\data\raw\WPTT2.0-Train\215-P20.wptt,215,Train,215-P20
F:\PycharmProjects\DeepWriterID-v2\\data\raw\WPTT2.0-Train\198-P16.wptt,198,Test,198-P16
F:\PycharmProjects\DeepWriterID-v2\\data\raw\WPTT2.0-Train\198-P17.wptt,198,Train,198-P17
F:\PycharmProjects\DeepWriterID-v2\\data\raw\WPTT2.0-Train\198-P18.wptt,198,Train,198-P18
F:\PycharmProjects\DeepWriterID-v2\\data\raw\WPTT2.0-Train\198-P19.wptt,198,Train,198-P19
F:\PycharmProjects\DeepWriterID-v2\\data\raw\WPTT2.0-Train\198-P20.wptt,198,Train,198-P20
F:\PycharmProjects\DeepWriterID-v2\\data\raw\WPTT2.0-Train\216-P16.wptt,216,Train,216-P16
F:\PycharmProjects\DeepWriterID-v2\\data\raw\WPTT2.0-Train\216-P17.wptt,216,Test,216-P17
F:\PycharmProjects\DeepWriterID-v2\\data\raw\WPTT2.0-Train\216-P18.wptt,216,Train,216-P18
F:\PycharmProjects\DeepWriterID-v2\\data\raw\WPTT2.0-Train\216-P19.wptt,216,Train,216-P19
F:\PycharmProjects\DeepWriterID-v2\\data\raw\WPTT2.0-Train\216-P20.wptt,216,Train,216-P20
F:\PycharmProjects\DeepWriterID-v2\\data\raw\WPTT2.0-Train\199-P16.wptt,199,Train,199-P16
F:\PycharmProjects\DeepWriterID-v2\\data\raw\WPTT2.0-Train\199-P17.wptt,199,Train,199-P17
F:\PycharmProjects\DeepWriterID-v2\\data\raw\WPTT2.0-Train\199-P18.wptt,199,Train,199-P18
F:\PycharmProjects\DeepWriterID-v2\\data\raw\WPTT2.0-Train\199-P19.wptt,199,Test,199-P19
F:\PycharmProjects\DeepWriterID-v2\\data\raw\WPTT2.0-Train\199-P20.wptt,199,Train,199-P20
F:\PycharmProjects\DeepWriterID-v2\\data\raw\WPTT2.0-Train\217-P16.wptt,217,Test,217-P16
F:\PycharmProjects\DeepWriterID-v2\\data\raw\WPTT2.0-Train\217-P17.wptt,217,Train,217-P17
F:\PycharmProjects\DeepWriterID-v2\\data\raw\WPTT2.0-Train\217-P18.wptt,217,Train,217-P18
F:\PycharmProjects\DeepWriterID-v2\\data\raw\WPTT2.0-Train\217-P19.wptt,217,Train,217-P19
F:\PycharmProjects\DeepWriterID-v2\\data\raw\WPTT2.0-Train\217-P20.wptt,217,Train,217-P20
F:\PycharmProjects\DeepWriterID-v2\\data\raw\WPTT2.0-Train\200-P16.wptt,200,Train,200-P16
F:\PycharmProjects\DeepWriterID-v2\\data\raw\WPTT2.0-Train\200-P17.wptt,200,Train,200-P17
F:\PycharmProjects\DeepWriterID-v2\\data\raw\WPTT2.0-Train\200-P18.wptt,200,Train,200-P18
F:\PycharmProjects\DeepWriterID-v2\\data\raw\WPTT2.0-Train\200-P19.wptt,200,Train,200-P19
F:\PycharmProjects\DeepWriterID-v2\\data\raw\WPTT2.0-Train\200-P20.wptt,200,Test,200-P20
F:\PycharmProjects\DeepWriterID-v2\\data\raw\WPTT2.0-Train\218-P16.wptt,218,Train,218-P16
F:\PycharmProjects\DeepWriterID-v2\\data\raw\WPTT2.0-Train\218-P17.wptt,218,Train,218-P17
F:\PycharmProjects\DeepWriterID-v2\\data\raw\WPTT2.0-Train\218-P18.wptt,218,Train,218-P18
F:\PycharmProjects\DeepWriterID-v2\\data\raw\WPTT2.0-Train\218-P19.wptt,218,Test,218-P19
F:\PycharmProjects\DeepWriterID-v2\\data\raw\WPTT2.0-Train\218-P20.wptt,218,Train,218-P20
F:\PycharmProjects\DeepWriterID-v2\\data\raw\WPTT2.0-Train\201-P16.wptt,201,Train,201-P16
F:\PycharmProjects\DeepWriterID-v2\\data\raw\WPTT2.0-Train\201-P17.wptt,201,Test,201-P17
F:\PycharmProjects\DeepWriterID-v2\\data\raw\WPTT2.0-Train\201-P18.wptt,201,Train,201-P18
F:\PycharmProjects\DeepWriterID-v2\\data\raw\WPTT2.0-Train\201-P19.wptt,201,Train,201-P19
F:\PycharmProjects\DeepWriterID-v2\\data\raw\WPTT2.0-Train\201-P20.wptt,201,Train,201-P20
F:\PycharmProjects\DeepWriterID-v2\\data\raw\WPTT2.0-Train\220-P16.wptt,220,Train,220-P16
F:\PycharmProjects\DeepWriterID-v2\\data\raw\WPTT2.0-Train\220-P17.wptt,220,Train,220-P17
F:\PycharmProjects\DeepWriterID-v2\\data\raw\WPTT2.0-Train\220-P18.wptt,220,Train,220-P18
F:\PycharmProjects\DeepWriterID-v2\\data\raw\WPTT2.0-Train\220-P19.wptt,220,Test,220-P19
F:\PycharmProjects\DeepWriterID-v2\\data\raw\WPTT2.0-Train\220-P20.wptt,220,Train,220-P20
F:\PycharmProjects\DeepWriterID-v2\\data\raw\WPTT2.0-Train\203-P16.wptt,203,Test,203-P16
F:\PycharmProjects\DeepWriterID-v2\\data\raw\WPTT2.0-Train\203-P17.wptt,203,Train,203-P17
F:\PycharmProjects\DeepWriterID-v2\\data\raw\WPTT2.0-Train\203-P18.wptt,203,Train,203-P18
F:\PycharmProjects\DeepWriterID-v2\\data\raw\WPTT2.0-Train\203-P19.wptt,203,Train,203-P19
F:\PycharmProjects\DeepWriterID-v2\\data\raw\WPTT2.0-Train\203-P20.wptt,203,Train,203-P20
F:\PycharmProjects\DeepWriterID-v2\\data\raw\WPTT2.0-Train\221-P16.wptt,221,Train,221-P16
F:\PycharmProjects\DeepWriterID-v2\\data\raw\WPTT2.0-Train\221-P17.wptt,221,Train,221-P17
F:\PycharmProjects\DeepWriterID-v2\\data\raw\WPTT2.0-Train\221-P18.wptt,221,Train,221-P18
F:\PycharmProjects\DeepWriterID-v2\\data\raw\WPTT2.0-Train\221-P19.wptt,221,Test,221-P19
F:\PycharmProjects\DeepWriterID-v2\\data\raw\WPTT2.0-Train\221-P20.wptt,221,Train,221-P20
F:\PycharmProjects\DeepWriterID-v2\\data\raw\WPTT2.0-Train\204-P16.wptt,204,Test,204-P16
F:\PycharmProjects\DeepWriterID-v2\\data\raw\WPTT2.0-Train\204-P17.wptt,204,Train,204-P17
F:\PycharmProjects\DeepWriterID-v2\\data\raw\WPTT2.0-Train\204-P18.wptt,204,Train,204-P18
F:\PycharmProjects\DeepWriterID-v2\\data\raw\WPTT2.0-Train\204-P19.wptt,204,Train,204-P19
F:\PycharmProjects\DeepWriterID-v2\\data\raw\WPTT2.0-Train\204-P20.wptt,204,Train,204-P20
F:\PycharmProjects\DeepWriterID-v2\\data\raw\WPTT2.0-Train\222-P16.wptt,222,Train,222-P16
F:\PycharmProjects\DeepWriterID-v2\\data\raw\WPTT2.0-Train\222-P17.wptt,222,Train,222-P17
F:\PycharmProjects\DeepWriterID-v2\\data\raw\WPTT2.0-Train\222-P18.wptt,222,Train,222-P18
F:\PycharmProjects\DeepWriterID-v2\\data\raw\WPTT2.0-Train\222-P19.wptt,222,Test,222-P19
F:\PycharmProjects\DeepWriterID-v2\\data\raw\WPTT2.0-Train\222-P20.wptt,222,Train,222-P20
F:\PycharmProjects\DeepWriterID-v2\\data\raw\WPTT2.0-Train\206-P16.wptt,206,Train,206-P16
F:\PycharmProjects\DeepWriterID-v2\\data\raw\WPTT2.0-Train\206-P17.wptt,206,Train,206-P17
F:\PycharmProjects\DeepWriterID-v2\\data\raw\WPTT2.0-Train\206-P18.wptt,206,Train,206-P18
F:\PycharmProjects\DeepWriterID-v2\\data\raw\WPTT2.0-Train\206-P19.wptt,206,Test,206-P19
F:\PycharmProjects\DeepWriterID-v2\\data\raw\WPTT2.0-Train\206-P20.wptt,206,Train,206-P20
F:\PycharmProjects\DeepWriterID-v2\\data\raw\WPTT2.0-Train\223-P16.wptt,223,Train,223-P16
F:\PycharmProjects\DeepWriterID-v2\\data\raw\WPTT2.0-Train\223-P17.wptt,223,Train,223-P17
F:\PycharmProjects\DeepWriterID-v2\\data\raw\WPTT2.0-Train\223-P18.wptt,223,Train,223-P18
F:\PycharmProjects\DeepWriterID-v2\\data\raw\WPTT2.0-Train\223-P19.wptt,223,Test,223-P19
F:\PycharmProjects\DeepWriterID-v2\\data\raw\WPTT2.0-Train\223-P20.wptt,223,Train,223-P20
F:\PycharmProjects\DeepWriterID-v2\\data\raw\WPTT2.0-Train\207-P16.wptt,207,Train,207-P16
F:\PycharmProjects\DeepWriterID-v2\\data\raw\WPTT2.0-Train\207-P17.wptt,207,Test,207-P17
F:\PycharmProjects\DeepWriterID-v2\\data\raw\WPTT2.0-Train\207-P18.wptt,207,Train,207-P18
F:\PycharmProjects\DeepWriterID-v2\\data\raw\WPTT2.0-Train\207-P19.wptt,207,Train,207-P19
F:\PycharmProjects\DeepWriterID-v2\\data\raw\WPTT2.0-Train\207-P20.wptt,207,Train,207-P20
F:\PycharmProjects\DeepWriterID-v2\\data\raw\WPTT2.0-Train\224-P16.wptt,224,Train,224-P16
F:\PycharmProjects\DeepWriterID-v2\\data\raw\WPTT2.0-Train\224-P17.wptt,224,Train,224-P17
F:\PycharmProjects\DeepWriterID-v2\\data\raw\WPTT2.0-Train\224-P18.wptt,224,Test,224-P18
F:\PycharmProjects\DeepWriterID-v2\\data\raw\WPTT2.0-Train\224-P19.wptt,224,Train,224-P19
F:\PycharmProjects\DeepWriterID-v2\\data\raw\WPTT2.0-Train\224-P20.wptt,224,Train,224-P20
F:\PycharmProjects\DeepWriterID-v2\\data\raw\WPTT2.0-Train\208-P16.wptt,208,Train,208-P16
F:\PycharmProjects\DeepWriterID-v2\\data\raw\WPTT2.0-Train\208-P17.wptt,208,Train,208-P17
F:\PycharmProjects\DeepWriterID-v2\\data\raw\WPTT2.0-Train\208-P18.wptt,208,Train,208-P18
F:\PycharmProjects\DeepWriterID-v2\\data\raw\WPTT2.0-Train\208-P19.wptt,208,Train,208-P19
F:\PycharmProjects\DeepWriterID-v2\\data\raw\WPTT2.0-Train\208-P20.wptt,208,Test,208-P20
F:\PycharmProjects\DeepWriterID-v2\\data\raw\WPTT2.0-Train\225-P16.wptt,225,Train,225-P16
F:\PycharmProjects\DeepWriterID-v2\\data\raw\WPTT2.0-Train\225-P17.wptt,225,Train,225-P17
F:\PycharmProjects\DeepWriterID-v2\\data\raw\WPTT2.0-Train\225-P18.wptt,225,Train,225-P18
F:\PycharmProjects\DeepWriterID-v2\\data\raw\WPTT2.0-Train\225-P19.wptt,225,Test,225-P19
F:\PycharmProjects\DeepWriterID-v2\\data\raw\WPTT2.0-Train\225-P20.wptt,225,Train,225-P20
F:\PycharmProjects\DeepWriterID-v2\\data\raw\WPTT2.0-Train\209-P16.wptt,209,Train,209-P16
F:\PycharmProjects\DeepWriterID-v2\\data\raw\WPTT2.0-Train\209-P17.wptt,209,Test,209-P17
F:\PycharmProjects\DeepWriterID-v2\\data\raw\WPTT2.0-Train\209-P18.wptt,209,Train,209-P18
F:\PycharmProjects\DeepWriterID-v2\\data\raw\WPTT2.0-Train\209-P19.wptt,209,Train,209-P19
F:\PycharmProjects\DeepWriterID-v2\\data\raw\WPTT2.0-Train\209-P20.wptt,209,Train,209-P20
F:\PycharmProjects\DeepWriterID-v2\\data\raw\WPTT2.0-Train\227-P16.wptt,227,Train,227-P16
F:\PycharmProjects\DeepWriterID-v2\\data\raw\WPTT2.0-Train\227-P17.wptt,227,Train,227-P17
F:\PycharmProjects\DeepWriterID-v2\\data\raw\WPTT2.0-Train\227-P18.wptt,227,Train,227-P18
F:\PycharmProjects\DeepWriterID-v2\\data\raw\WPTT2.0-Train\227-P19.wptt,227,Test,227-P19
F:\PycharmProjects\DeepWriterID-v2\\data\raw\WPTT2.0-Train\227-P20.wptt,227,Train,227-P20
F:\PycharmProjects\DeepWriterID-v2\\data\raw\WPTT2.0-Train\210-P16.wptt,210,Train,210-P16
F:\PycharmProjects\DeepWriterID-v2\\data\raw\WPTT2.0-Train\210-P17.wptt,210,Train,210-P17
F:\PycharmProjects\DeepWriterID-v2\\data\raw\WPTT2.0-Train\210-P18.wptt,210,Train,210-P18
F:\PycharmProjects\DeepWriterID-v2\\data\raw\WPTT2.0-Train\210-P19.wptt,210,Train,210-P19
F:\PycharmProjects\DeepWriterID-v2\\data\raw\WPTT2.0-Train\210-P20.wptt,210,Test,210-P20
F:\PycharmProjects\DeepWriterID-v2\\data\raw\WPTT2.0-Train\228-P16.wptt,228,Train,228-P16
F:\PycharmProjects\DeepWriterID-v2\\data\raw\WPTT2.0-Train\228-P17.wptt,228,Train,228-P17
F:\PycharmProjects\DeepWriterID-v2\\data\raw\WPTT2.0-Train\228-P18.wptt,228,Train,228-P18
F:\PycharmProjects\DeepWriterID-v2\\data\raw\WPTT2.0-Train\228-P19.wptt,228,Train,228-P19
F:\PycharmProjects\DeepWriterID-v2\\data\raw\WPTT2.0-Train\228-P20.wptt,228,Test,228-P20
F:\PycharmProjects\DeepWriterID-v2\\data\raw\WPTT2.0-Train\211-P16.wptt,211,Train,211-P16
F:\PycharmProjects\DeepWriterID-v2\\data\raw\WPTT2.0-Train\211-P17.wptt,211,Train,211-P17
F:\PycharmProjects\DeepWriterID-v2\\data\raw\WPTT2.0-Train\211-P18.wptt,211,Train,211-P18
F:\PycharmProjects\DeepWriterID-v2\\data\raw\WPTT2.0-Train\211-P19.wptt,211,Train,211-P19
F:\PycharmProjects\DeepWriterID-v2\\data\raw\WPTT2.0-Train\211-P20.wptt,211,Test,211-P20
F:\PycharmProjects\DeepWriterID-v2\\data\raw\WPTT2.0-Train\271-P17.wptt,271,Test,271-P17
F:\PycharmProjects\DeepWriterID-v2\\data\raw\WPTT2.0-Train\271-P16.wptt,271,Train,271-P16
F:\PycharmProjects\DeepWriterID-v2\\data\raw\WPTT2.0-Train\271-P18.wptt,271,Train,271-P18
F:\PycharmProjects\DeepWriterID-v2\\data\raw\WPTT2.0-Train\271-P19.wptt,271,Train,271-P19
F:\PycharmProjects\DeepWriterID-v2\\data\raw\WPTT2.0-Train\271-P20.wptt,271,Train,271-P20
F:\PycharmProjects\DeepWriterID-v2\\data\raw\WPTT2.0-Train\252-P17.wptt,252,Train,252-P17
F:\PycharmProjects\DeepWriterID-v2\\data\raw\WPTT2.0-Train\252-P16.wptt,252,Train,252-P16
F:\PycharmProjects\DeepWriterID-v2\\data\raw\WPTT2.0-Train\252-P18.wptt,252,Train,252-P18
F:\PycharmProjects\DeepWriterID-v2\\data\raw\WPTT2.0-Train\252-P19.wptt,252,Test,252-P19
F:\PycharmProjects\DeepWriterID-v2\\data\raw\WPTT2.0-Train\252-P20.wptt,252,Train,252-P20
F:\PycharmProjects\DeepWriterID-v2\\data\raw\WPTT2.0-Train\231-P16.wptt,231,Train,231-P16
F:\PycharmProjects\DeepWriterID-v2\\data\raw\WPTT2.0-Train\231-P17.wptt,231,Test,231-P17
F:\PycharmProjects\DeepWriterID-v2\\data\raw\WPTT2.0-Train\231-P18.wptt,231,Train,231-P18
F:\PycharmProjects\DeepWriterID-v2\\data\raw\WPTT2.0-Train\231-P19.wptt,231,Train,231-P19
F:\PycharmProjects\DeepWriterID-v2\\data\raw\WPTT2.0-Train\231-P20.wptt,231,Train,231-P20
F:\PycharmProjects\DeepWriterID-v2\\data\raw\WPTT2.0-Train\255-P16.wptt,255,Train,255-P16
F:\PycharmProjects\DeepWriterID-v2\\data\raw\WPTT2.0-Train\255-P17.wptt,255,Train,255-P17
F:\PycharmProjects\DeepWriterID-v2\\data\raw\WPTT2.0-Train\255-P18.wptt,255,Train,255-P18
F:\PycharmProjects\DeepWriterID-v2\\data\raw\WPTT2.0-Train\255-P19.wptt,255,Train,255-P19
F:\PycharmProjects\DeepWriterID-v2\\data\raw\WPTT2.0-Train\255-P20.wptt,255,Test,255-P20
F:\PycharmProjects\DeepWriterID-v2\\data\raw\WPTT2.0-Train\232-P16.wptt,232,Test,232-P16
F:\PycharmProjects\DeepWriterID-v2\\data\raw\WPTT2.0-Train\232-P17.wptt,232,Train,232-P17
F:\PycharmProjects\DeepWriterID-v2\\data\raw\WPTT2.0-Train\232-P18.wptt,232,Train,232-P18
F:\PycharmProjects\DeepWriterID-v2\\data\raw\WPTT2.0-Train\232-P19.wptt,232,Train,232-P19
F:\PycharmProjects\DeepWriterID-v2\\data\raw\WPTT2.0-Train\232-P20.wptt,232,Train,232-P20
F:\PycharmProjects\DeepWriterID-v2\\data\raw\WPTT2.0-Train\257-P16.wptt,257,Train,257-P16
F:\PycharmProjects\DeepWriterID-v2\\data\raw\WPTT2.0-Train\257-P17.wptt,257,Train,257-P17
F:\PycharmProjects\DeepWriterID-v2\\data\raw\WPTT2.0-Train\257-P18.wptt,257,Train,257-P18
F:\PycharmProjects\DeepWriterID-v2\\data\raw\WPTT2.0-Train\257-P19.wptt,257,Test,257-P19
F:\PycharmProjects\DeepWriterID-v2\\data\raw\WPTT2.0-Train\257-P20.wptt,257,Train,257-P20
F:\PycharmProjects\DeepWriterID-v2\\data\raw\WPTT2.0-Train\233-P16.wptt,233,Train,233-P16
F:\PycharmProjects\DeepWriterID-v2\\data\raw\WPTT2.0-Train\233-P17.wptt,233,Test,233-P17
F:\PycharmProjects\DeepWriterID-v2\\data\raw\WPTT2.0-Train\233-P18.wptt,233,Train,233-P18
F:\PycharmProjects\DeepWriterID-v2\\data\raw\WPTT2.0-Train\233-P19.wptt,233,Train,233-P19
F:\PycharmProjects\DeepWriterID-v2\\data\raw\WPTT2.0-Train\233-P20.wptt,233,Train,233-P20
F:\PycharmProjects\DeepWriterID-v2\\data\raw\WPTT2.0-Train\258-P16.wptt,258,Train,258-P16
F:\PycharmProjects\DeepWriterID-v2\\data\raw\WPTT2.0-Train\258-P17.wptt,258,Train,258-P17
F:\PycharmProjects\DeepWriterID-v2\\data\raw\WPTT2.0-Train\258-P18.wptt,258,Test,258-P18
F:\PycharmProjects\DeepWriterID-v2\\data\raw\WPTT2.0-Train\258-P19.wptt,258,Train,258-P19
F:\PycharmProjects\DeepWriterID-v2\\data\raw\WPTT2.0-Train\258-P20.wptt,258,Train,258-P20
F:\PycharmProjects\DeepWriterID-v2\\data\raw\WPTT2.0-Train\234-P16.wptt,234,Train,234-P16
F:\PycharmProjects\DeepWriterID-v2\\data\raw\WPTT2.0-Train\234-P17.wptt,234,Train,234-P17
F:\PycharmProjects\DeepWriterID-v2\\data\raw\WPTT2.0-Train\234-P18.wptt,234,Test,234-P18
F:\PycharmProjects\DeepWriterID-v2\\data\raw\WPTT2.0-Train\234-P19.wptt,234,Train,234-P19
F:\PycharmProjects\DeepWriterID-v2\\data\raw\WPTT2.0-Train\234-P20.wptt,234,Train,234-P20
F:\PycharmProjects\DeepWriterID-v2\\data\raw\WPTT2.0-Train\259-P16.wptt,259,Train,259-P16
F:\PycharmProjects\DeepWriterID-v2\\data\raw\WPTT2.0-Train\259-P17.wptt,259,Train,259-P17
F:\PycharmProjects\DeepWriterID-v2\\data\raw\WPTT2.0-Train\259-P18.wptt,259,Test,259-P18
F:\PycharmProjects\DeepWriterID-v2\\data\raw\WPTT2.0-Train\259-P19.wptt,259,Train,259-P19
F:\PycharmProjects\DeepWriterID-v2\\data\raw\WPTT2.0-Train\259-P20.wptt,259,Train,259-P20
F:\PycharmProjects\DeepWriterID-v2\\data\raw\WPTT2.0-Train\236-P16.wptt,236,Train,236-P16
F:\PycharmProjects\DeepWriterID-v2\\data\raw\WPTT2.0-Train\236-P17.wptt,236,Train,236-P17
F:\PycharmProjects\DeepWriterID-v2\\data\raw\WPTT2.0-Train\236-P18.wptt,236,Test,236-P18
F:\PycharmProjects\DeepWriterID-v2\\data\raw\WPTT2.0-Train\236-P19.wptt,236,Train,236-P19
F:\PycharmProjects\DeepWriterID-v2\\data\raw\WPTT2.0-Train\236-P20.wptt,236,Train,236-P20
F:\PycharmProjects\DeepWriterID-v2\\data\raw\WPTT2.0-Train\260-P16.wptt,260,Train,260-P16
F:\PycharmProjects\DeepWriterID-v2\\data\raw\WPTT2.0-Train\260-P17.wptt,260,Train,260-P17
F:\PycharmProjects\DeepWriterID-v2\\data\raw\WPTT2.0-Train\260-P18.wptt,260,Test,260-P18
F:\PycharmProjects\DeepWriterID-v2\\data\raw\WPTT2.0-Train\260-P19.wptt,260,Train,260-P19
F:\PycharmProjects\DeepWriterID-v2\\data\raw\WPTT2.0-Train\260-P20.wptt,260,Train,260-P20
F:\PycharmProjects\DeepWriterID-v2\\data\raw\WPTT2.0-Train\237-P16.wptt,237,Test,237-P16
F:\PycharmProjects\DeepWriterID-v2\\data\raw\WPTT2.0-Train\237-P17.wptt,237,Train,237-P17
F:\PycharmProjects\DeepWriterID-v2\\data\raw\WPTT2.0-Train\237-P18.wptt,237,Train,237-P18
F:\PycharmProjects\DeepWriterID-v2\\data\raw\WPTT2.0-Train\237-P19.wptt,237,Train,237-P19
F:\PycharmProjects\DeepWriterID-v2\\data\raw\WPTT2.0-Train\237-P20.wptt,237,Train,237-P20
F:\PycharmProjects\DeepWriterID-v2\\data\raw\WPTT2.0-Train\261-P16.wptt,261,Test,261-P16
F:\PycharmProjects\DeepWriterID-v2\\data\raw\WPTT2.0-Train\261-P17.wptt,261,Train,261-P17
F:\PycharmProjects\DeepWriterID-v2\\data\raw\WPTT2.0-Train\261-P18.wptt,261,Train,261-P18
F:\PycharmProjects\DeepWriterID-v2\\data\raw\WPTT2.0-Train\261-P19.wptt,261,Train,261-P19
F:\PycharmProjects\DeepWriterID-v2\\data\raw\WPTT2.0-Train\261-P20.wptt,261,Train,261-P20
F:\PycharmProjects\DeepWriterID-v2\\data\raw\WPTT2.0-Train\238-P16.wptt,238,Test,238-P16
F:\PycharmProjects\DeepWriterID-v2\\data\raw\WPTT2.0-Train\238-P17.wptt,238,Train,238-P17
F:\PycharmProjects\DeepWriterID-v2\\data\raw\WPTT2.0-Train\238-P18.wptt,238,Train,238-P18
F:\PycharmProjects\DeepWriterID-v2\\data\raw\WPTT2.0-Train\238-P19.wptt,238,Train,238-P19
F:\PycharmProjects\DeepWriterID-v2\\data\raw\WPTT2.0-Train\238-P20.wptt,238,Train,238-P20
F:\PycharmProjects\DeepWriterID-v2\\data\raw\WPTT2.0-Train\262-P16.wptt,262,Train,262-P16
F:\PycharmProjects\DeepWriterID-v2\\data\raw\WPTT2.0-Train\262-P17.wptt,262,Train,262-P17
F:\PycharmProjects\DeepWriterID-v2\\data\raw\WPTT2.0-Train\262-P18.wptt,262,Train,262-P18
F:\PycharmProjects\DeepWriterID-v2\\data\raw\WPTT2.0-Train\262-P19.wptt,262,Train,262-P19
F:\PycharmProjects\DeepWriterID-v2\\data\raw\WPTT2.0-Train\262-P20.wptt,262,Test,262-P20
F:\PycharmProjects\DeepWriterID-v2\\data\raw\WPTT2.0-Train\239-P16.wptt,239,Train,239-P16
F:\PycharmProjects\DeepWriterID-v2\\data\raw\WPTT2.0-Train\239-P17.wptt,239,Train,239-P17
F:\PycharmProjects\DeepWriterID-v2\\data\raw\WPTT2.0-Train\239-P18.wptt,239,Train,239-P18
F:\PycharmProjects\DeepWriterID-v2\\data\raw\WPTT2.0-Train\239-P19.wptt,239,Train,239-P19
F:\PycharmProjects\DeepWriterID-v2\\data\raw\WPTT2.0-Train\239-P20.wptt,239,Test,239-P20
F:\PycharmProjects\DeepWriterID-v2\\data\raw\WPTT2.0-Train\263-P16.wptt,263,Train,263-P16
F:\PycharmProjects\DeepWriterID-v2\\data\raw\WPTT2.0-Train\263-P17.wptt,263,Train,263-P17
F:\PycharmProjects\DeepWriterID-v2\\data\raw\WPTT2.0-Train\263-P18.wptt,263,Test,263-P18
F:\PycharmProjects\DeepWriterID-v2\\data\raw\WPTT2.0-Train\263-P19.wptt,263,Train,263-P19
F:\PycharmProjects\DeepWriterID-v2\\data\raw\WPTT2.0-Train\263-P20.wptt,263,Train,263-P20
F:\PycharmProjects\DeepWriterID-v2\\data\raw\WPTT2.0-Train\243-P16.wptt,243,Train,243-P16
F:\PycharmProjects\DeepWriterID-v2\\data\raw\WPTT2.0-Train\243-P17.wptt,243,Train,243-P17
F:\PycharmProjects\DeepWriterID-v2\\data\raw\WPTT2.0-Train\243-P18.wptt,243,Test,243-P18
F:\PycharmProjects\DeepWriterID-v2\\data\raw\WPTT2.0-Train\243-P19.wptt,243,Train,243-P19
F:\PycharmProjects\DeepWriterID-v2\\data\raw\WPTT2.0-Train\243-P20.wptt,243,Train,243-P20
F:\PycharmProjects\DeepWriterID-v2\\data\raw\WPTT2.0-Train\264-P16.wptt,264,Train,264-P16
F:\PycharmProjects\DeepWriterID-v2\\data\raw\WPTT2.0-Train\264-P17.wptt,264,Train,264-P17
F:\PycharmProjects\DeepWriterID-v2\\data\raw\WPTT2.0-Train\264-P18.wptt,264,Test,264-P18
F:\PycharmProjects\DeepWriterID-v2\\data\raw\WPTT2.0-Train\264-P19.wptt,264,Train,264-P19
F:\PycharmProjects\DeepWriterID-v2\\data\raw\WPTT2.0-Train\264-P20.wptt,264,Train,264-P20
F:\PycharmProjects\DeepWriterID-v2\\data\raw\WPTT2.0-Train\244-P16.wptt,244,Train,244-P16
F:\PycharmProjects\DeepWriterID-v2\\data\raw\WPTT2.0-Train\244-P17.wptt,244,Train,244-P17
F:\PycharmProjects\DeepWriterID-v2\\data\raw\WPTT2.0-Train\244-P18.wptt,244,Test,244-P18
F:\PycharmProjects\DeepWriterID-v2\\data\raw\WPTT2.0-Train\244-P19.wptt,244,Train,244-P19
F:\PycharmProjects\DeepWriterID-v2\\data\raw\WPTT2.0-Train\244-P20.wptt,244,Train,244-P20
F:\PycharmProjects\DeepWriterID-v2\\data\raw\WPTT2.0-Train\266-P16.wptt,266,Train,266-P16
F:\PycharmProjects\DeepWriterID-v2\\data\raw\WPTT2.0-Train\266-P17.wptt,266,Test,266-P17
F:\PycharmProjects\DeepWriterID-v2\\data\raw\WPTT2.0-Train\266-P18.wptt,266,Train,266-P18
F:\PycharmProjects\DeepWriterID-v2\\data\raw\WPTT2.0-Train\266-P19.wptt,266,Train,266-P19
F:\PycharmProjects\DeepWriterID-v2\\data\raw\WPTT2.0-Train\266-P20.wptt,266,Train,266-P20
F:\PycharmProjects\DeepWriterID-v2\\data\raw\WPTT2.0-Train\245-P16.wptt,245,Test,245-P16
F:\PycharmProjects\DeepWriterID-v2\\data\raw\WPTT2.0-Train\245-P17.wptt,245,Train,245-P17
F:\PycharmProjects\DeepWriterID-v2\\data\raw\WPTT2.0-Train\245-P18.wptt,245,Train,245-P18
F:\PycharmProjects\DeepWriterID-v2\\data\raw\WPTT2.0-Train\245-P19.wptt,245,Train,245-P19
F:\PycharmProjects\DeepWriterID-v2\\data\raw\WPTT2.0-Train\245-P20.wptt,245,Train,245-P20
F:\PycharmProjects\DeepWriterID-v2\\data\raw\WPTT2.0-Train\267-P16.wptt,267,Test,267-P16
F:\PycharmProjects\DeepWriterID-v2\\data\raw\WPTT2.0-Train\267-P17.wptt,267,Train,267-P17
F:\PycharmProjects\DeepWriterID-v2\\data\raw\WPTT2.0-Train\267-P18.wptt,267,Train,267-P18
F:\PycharmProjects\DeepWriterID-v2\\data\raw\WPTT2.0-Train\267-P19.wptt,267,Train,267-P19
F:\PycharmProjects\DeepWriterID-v2\\data\raw\WPTT2.0-Train\267-P20.wptt,267,Train,267-P20
F:\PycharmProjects\DeepWriterID-v2\\data\raw\WPTT2.0-Train\247-P16.wptt,247,Train,247-P16
F:\PycharmProjects\DeepWriterID-v2\\data\raw\WPTT2.0-Train\247-P17.wptt,247,Test,247-P17
F:\PycharmProjects\DeepWriterID-v2\\data\raw\WPTT2.0-Train\247-P18.wptt,247,Train,247-P18
F:\PycharmProjects\DeepWriterID-v2\\data\raw\WPTT2.0-Train\247-P19.wptt,247,Train,247-P19
F:\PycharmProjects\DeepWriterID-v2\\data\raw\WPTT2.0-Train\247-P20.wptt,247,Train,247-P20
F:\PycharmProjects\DeepWriterID-v2\\data\raw\WPTT2.0-Train\269-P16.wptt,269,Train,269-P16
F:\PycharmProjects\DeepWriterID-v2\\data\raw\WPTT2.0-Train\269-P17.wptt,269,Train,269-P17
F:\PycharmProjects\DeepWriterID-v2\\data\raw\WPTT2.0-Train\269-P18.wptt,269,Train,269-P18
F:\PycharmProjects\DeepWriterID-v2\\data\raw\WPTT2.0-Train\269-P19.wptt,269,Test,269-P19
F:\PycharmProjects\DeepWriterID-v2\\data\raw\WPTT2.0-Train\269-P20.wptt,269,Train,269-P20
F:\PycharmProjects\DeepWriterID-v2\\data\raw\WPTT2.0-Train\249-P16.wptt,249,Train,249-P16
F:\PycharmProjects\DeepWriterID-v2\\data\raw\WPTT2.0-Train\249-P17.wptt,249,Train,249-P17
F:\PycharmProjects\DeepWriterID-v2\\data\raw\WPTT2.0-Train\249-P18.wptt,249,Test,249-P18
F:\PycharmProjects\DeepWriterID-v2\\data\raw\WPTT2.0-Train\249-P19.wptt,249,Train,249-P19
F:\PycharmProjects\DeepWriterID-v2\\data\raw\WPTT2.0-Train\249-P20.wptt,249,Train,249-P20
F:\PycharmProjects\DeepWriterID-v2\\data\raw\WPTT2.0-Train\270-P16.wptt,270,Train,270-P16
F:\PycharmProjects\DeepWriterID-v2\\data\raw\WPTT2.0-Train\270-P17.wptt,270,Train,270-P17
F:\PycharmProjects\DeepWriterID-v2\\data\raw\WPTT2.0-Train\270-P18.wptt,270,Train,270-P18
F:\PycharmProjects\DeepWriterID-v2\\data\raw\WPTT2.0-Train\270-P19.wptt,270,Train,270-P19
F:\PycharmProjects\DeepWriterID-v2\\data\raw\WPTT2.0-Train\270-P20.wptt,270,Test,270-P20
F:\PycharmProjects\DeepWriterID-v2\\data\raw\WPTT2.0-Train\251-P16.wptt,251,Train,251-P16
F:\PycharmProjects\DeepWriterID-v2\\data\raw\WPTT2.0-Train\251-P17.wptt,251,Test,251-P17
F:\PycharmProjects\DeepWriterID-v2\\data\raw\WPTT2.0-Train\251-P18.wptt,251,Train,251-P18
F:\PycharmProjects\DeepWriterID-v2\\data\raw\WPTT2.0-Train\251-P19.wptt,251,Train,251-P19
F:\PycharmProjects\DeepWriterID-v2\\data\raw\WPTT2.0-Train\251-P20.wptt,251,Train,251-P20
F:\PycharmProjects\DeepWriterID-v2\\data\raw\WPTT2.0-Train\307-P16.wptt,307,Train,307-P16
F:\PycharmProjects\DeepWriterID-v2\\data\raw\WPTT2.0-Train\307-P17.wptt,307,Train,307-P17
F:\PycharmProjects\DeepWriterID-v2\\data\raw\WPTT2.0-Train\307-P18.wptt,307,Train,307-P18
F:\PycharmProjects\DeepWriterID-v2\\data\raw\WPTT2.0-Train\307-P19.wptt,307,Test,307-P19
F:\PycharmProjects\DeepWriterID-v2\\data\raw\WPTT2.0-Train\307-P20.wptt,307,Train,307-P20
F:\PycharmProjects\DeepWriterID-v2\\data\raw\WPTT2.0-Train\289-P16.wptt,289,Test,289-P16
F:\PycharmProjects\DeepWriterID-v2\\data\raw\WPTT2.0-Train\289-P17.wptt,289,Train,289-P17
F:\PycharmProjects\DeepWriterID-v2\\data\raw\WPTT2.0-Train\289-P18.wptt,289,Train,289-P18
F:\PycharmProjects\DeepWriterID-v2\\data\raw\WPTT2.0-Train\289-P19.wptt,289,Train,289-P19
F:\PycharmProjects\DeepWriterID-v2\\data\raw\WPTT2.0-Train\289-P20.wptt,289,Train,289-P20
F:\PycharmProjects\DeepWriterID-v2\\data\raw\WPTT2.0-Train\288-P20.wptt,288,Test,288-P20
F:\PycharmProjects\DeepWriterID-v2\\data\raw\WPTT2.0-Train\288-P16.wptt,288,Train,288-P16
F:\PycharmProjects\DeepWriterID-v2\\data\raw\WPTT2.0-Train\288-P17.wptt,288,Train,288-P17
F:\PycharmProjects\DeepWriterID-v2\\data\raw\WPTT2.0-Train\288-P18.wptt,288,Train,288-P18
F:\PycharmProjects\DeepWriterID-v2\\data\raw\WPTT2.0-Train\288-P19.wptt,288,Train,288-P19
F:\PycharmProjects\DeepWriterID-v2\\data\raw\WPTT2.0-Train\272-P16.wptt,272,Train,272-P16
F:\PycharmProjects\DeepWriterID-v2\\data\raw\WPTT2.0-Train\272-P17.wptt,272,Train,272-P17
F:\PycharmProjects\DeepWriterID-v2\\data\raw\WPTT2.0-Train\272-P18.wptt,272,Train,272-P18
F:\PycharmProjects\DeepWriterID-v2\\data\raw\WPTT2.0-Train\272-P19.wptt,272,Test,272-P19
F:\PycharmProjects\DeepWriterID-v2\\data\raw\WPTT2.0-Train\272-P20.wptt,272,Train,272-P20
F:\PycharmProjects\DeepWriterID-v2\\data\raw\WPTT2.0-Train\290-P16.wptt,290,Test,290-P16
F:\PycharmProjects\DeepWriterID-v2\\data\raw\WPTT2.0-Train\290-P17.wptt,290,Train,290-P17
F:\PycharmProjects\DeepWriterID-v2\\data\raw\WPTT2.0-Train\290-P18.wptt,290,Train,290-P18
F:\PycharmProjects\DeepWriterID-v2\\data\raw\WPTT2.0-Train\290-P19.wptt,290,Train,290-P19
F:\PycharmProjects\DeepWriterID-v2\\data\raw\WPTT2.0-Train\290-P20.wptt,290,Train,290-P20
F:\PycharmProjects\DeepWriterID-v2\\data\raw\WPTT2.0-Train\273-P16.wptt,273,Train,273-P16
F:\PycharmProjects\DeepWriterID-v2\\data\raw\WPTT2.0-Train\273-P17.wptt,273,Train,273-P17
F:\PycharmProjects\DeepWriterID-v2\\data\raw\WPTT2.0-Train\273-P18.wptt,273,Test,273-P18
F:\PycharmProjects\DeepWriterID-v2\\data\raw\WPTT2.0-Train\273-P19.wptt,273,Train,273-P19
F:\PycharmProjects\DeepWriterID-v2\\data\raw\WPTT2.0-Train\273-P20.wptt,273,Train,273-P20
F:\PycharmProjects\DeepWriterID-v2\\data\raw\WPTT2.0-Train\291-P16.wptt,291,Train,291-P16
F:\PycharmProjects\DeepWriterID-v2\\data\raw\WPTT2.0-Train\291-P17.wptt,291,Train,291-P17
F:\PycharmProjects\DeepWriterID-v2\\data\raw\WPTT2.0-Train\291-P18.wptt,291,Test,291-P18
F:\PycharmProjects\DeepWriterID-v2\\data\raw\WPTT2.0-Train\291-P19.wptt,291,Train,291-P19
F:\PycharmProjects\DeepWriterID-v2\\data\raw\WPTT2.0-Train\291-P20.wptt,291,Train,291-P20
F:\PycharmProjects\DeepWriterID-v2\\data\raw\WPTT2.0-Train\274-P16.wptt,274,Train,274-P16
F:\PycharmProjects\DeepWriterID-v2\\data\raw\WPTT2.0-Train\274-P17.wptt,274,Test,274-P17
F:\PycharmProjects\DeepWriterID-v2\\data\raw\WPTT2.0-Train\274-P18.wptt,274,Train,274-P18
F:\PycharmProjects\DeepWriterID-v2\\data\raw\WPTT2.0-Train\274-P19.wptt,274,Train,274-P19
F:\PycharmProjects\DeepWriterID-v2\\data\raw\WPTT2.0-Train\274-P20.wptt,274,Train,274-P20
F:\PycharmProjects\DeepWriterID-v2\\data\raw\WPTT2.0-Train\292-P16.wptt,292,Train,292-P16
F:\PycharmProjects\DeepWriterID-v2\\data\raw\WPTT2.0-Train\292-P17.wptt,292,Train,292-P17
F:\PycharmProjects\DeepWriterID-v2\\data\raw\WPTT2.0-Train\292-P18.wptt,292,Train,292-P18
F:\PycharmProjects\DeepWriterID-v2\\data\raw\WPTT2.0-Train\292-P19.wptt,292,Train,292-P19
F:\PycharmProjects\DeepWriterID-v2\\data\raw\WPTT2.0-Train\292-P20.wptt,292,Test,292-P20
F:\PycharmProjects\DeepWriterID-v2\\data\raw\WPTT2.0-Train\275-P16.wptt,275,Test,275-P16
F:\PycharmProjects\DeepWriterID-v2\\data\raw\WPTT2.0-Train\275-P17.wptt,275,Train,275-P17
F:\PycharmProjects\DeepWriterID-v2\\data\raw\WPTT2.0-Train\275-P18.wptt,275,Train,275-P18
F:\PycharmProjects\DeepWriterID-v2\\data\raw\WPTT2.0-Train\275-P19.wptt,275,Train,275-P19
F:\PycharmProjects\DeepWriterID-v2\\data\raw\WPTT2.0-Train\275-P20.wptt,275,Train,275-P20
F:\PycharmProjects\DeepWriterID-v2\\data\raw\WPTT2.0-Train\294-P16.wptt,294,Train,294-P16
F:\PycharmProjects\DeepWriterID-v2\\data\raw\WPTT2.0-Train\294-P17.wptt,294,Test,294-P17
F:\PycharmProjects\DeepWriterID-v2\\data\raw\WPTT2.0-Train\294-P18.wptt,294,Train,294-P18
F:\PycharmProjects\DeepWriterID-v2\\data\raw\WPTT2.0-Train\294-P19.wptt,294,Train,294-P19
F:\PycharmProjects\DeepWriterID-v2\\data\raw\WPTT2.0-Train\294-P20.wptt,294,Train,294-P20
F:\PycharmProjects\DeepWriterID-v2\\data\raw\WPTT2.0-Train\277-P16.wptt,277,Test,277-P16
F:\PycharmProjects\DeepWriterID-v2\\data\raw\WPTT2.0-Train\277-P17.wptt,277,Train,277-P17
F:\PycharmProjects\DeepWriterID-v2\\data\raw\WPTT2.0-Train\277-P18.wptt,277,Train,277-P18
F:\PycharmProjects\DeepWriterID-v2\\data\raw\WPTT2.0-Train\277-P19.wptt,277,Train,277-P19
F:\PycharmProjects\DeepWriterID-v2\\data\raw\WPTT2.0-Train\277-P20.wptt,277,Train,277-P20
F:\PycharmProjects\DeepWriterID-v2\\data\raw\WPTT2.0-Train\295-P16.wptt,295,Test,295-P16
F:\PycharmProjects\DeepWriterID-v2\\data\raw\WPTT2.0-Train\295-P17.wptt,295,Train,295-P17
F:\PycharmProjects\DeepWriterID-v2\\data\raw\WPTT2.0-Train\295-P18.wptt,295,Train,295-P18
F:\PycharmProjects\DeepWriterID-v2\\data\raw\WPTT2.0-Train\295-P19.wptt,295,Train,295-P19
F:\PycharmProjects\DeepWriterID-v2\\data\raw\WPTT2.0-Train\295-P20.wptt,295,Train,295-P20
F:\PycharmProjects\DeepWriterID-v2\\data\raw\WPTT2.0-Train\279-P16.wptt,279,Train,279-P16
F:\PycharmProjects\DeepWriterID-v2\\data\raw\WPTT2.0-Train\279-P17.wptt,279,Test,279-P17
F:\PycharmProjects\DeepWriterID-v2\\data\raw\WPTT2.0-Train\279-P18.wptt,279,Train,279-P18
F:\PycharmProjects\DeepWriterID-v2\\data\raw\WPTT2.0-Train\279-P19.wptt,279,Train,279-P19
F:\PycharmProjects\DeepWriterID-v2\\data\raw\WPTT2.0-Train\279-P20.wptt,279,Train,279-P20
F:\PycharmProjects\DeepWriterID-v2\\data\raw\WPTT2.0-Train\296-P16.wptt,296,Train,296-P16
F:\PycharmProjects\DeepWriterID-v2\\data\raw\WPTT2.0-Train\296-P17.wptt,296,Train,296-P17
F:\PycharmProjects\DeepWriterID-v2\\data\raw\WPTT2.0-Train\296-P18.wptt,296,Train,296-P18
F:\PycharmProjects\DeepWriterID-v2\\data\raw\WPTT2.0-Train\296-P19.wptt,296,Train,296-P19
F:\PycharmProjects\DeepWriterID-v2\\data\raw\WPTT2.0-Train\296-P20.wptt,296,Test,296-P20
F:\PycharmProjects\DeepWriterID-v2\\data\raw\WPTT2.0-Train\280-P16.wptt,280,Train,280-P16
F:\PycharmProjects\DeepWriterID-v2\\data\raw\WPTT2.0-Train\280-P17.wptt,280,Train,280-P17
F:\PycharmProjects\DeepWriterID-v2\\data\raw\WPTT2.0-Train\280-P18.wptt,280,Train,280-P18
F:\PycharmProjects\DeepWriterID-v2\\data\raw\WPTT2.0-Train\280-P19.wptt,280,Test,280-P19
F:\PycharmProjects\DeepWriterID-v2\\data\raw\WPTT2.0-Train\280-P20.wptt,280,Train,280-P20
F:\PycharmProjects\DeepWriterID-v2\\data\raw\WPTT2.0-Train\298-P16.wptt,298,Test,298-P16
F:\PycharmProjects\DeepWriterID-v2\\data\raw\WPTT2.0-Train\298-P17.wptt,298,Train,298-P17
F:\PycharmProjects\DeepWriterID-v2\\data\raw\WPTT2.0-Train\298-P18.wptt,298,Train,298-P18
F:\PycharmProjects\DeepWriterID-v2\\data\raw\WPTT2.0-Train\298-P19.wptt,298,Train,298-P19
F:\PycharmProjects\DeepWriterID-v2\\data\raw\WPTT2.0-Train\298-P20.wptt,298,Train,298-P20
F:\PycharmProjects\DeepWriterID-v2\\data\raw\WPTT2.0-Train\281-P16.wptt,281,Train,281-P16
F:\PycharmProjects\DeepWriterID-v2\\data\raw\WPTT2.0-Train\281-P17.wptt,281,Train,281-P17
F:\PycharmProjects\DeepWriterID-v2\\data\raw\WPTT2.0-Train\281-P18.wptt,281,Test,281-P18
F:\PycharmProjects\DeepWriterID-v2\\data\raw\WPTT2.0-Train\281-P19.wptt,281,Train,281-P19
F:\PycharmProjects\DeepWriterID-v2\\data\raw\WPTT2.0-Train\281-P20.wptt,281,Train,281-P20
F:\PycharmProjects\DeepWriterID-v2\\data\raw\WPTT2.0-Train\299-P16.wptt,299,Train,299-P16
F:\PycharmProjects\DeepWriterID-v2\\data\raw\WPTT2.0-Train\299-P17.wptt,299,Train,299-P17
F:\PycharmProjects\DeepWriterID-v2\\data\raw\WPTT2.0-Train\299-P18.wptt,299,Train,299-P18
F:\PycharmProjects\DeepWriterID-v2\\data\raw\WPTT2.0-Train\299-P19.wptt,299,Train,299-P19
F:\PycharmProjects\DeepWriterID-v2\\data\raw\WPTT2.0-Train\299-P20.wptt,299,Test,299-P20
F:\PycharmProjects\DeepWriterID-v2\\data\raw\WPTT2.0-Train\283-P16.wptt,283,Train,283-P16
F:\PycharmProjects\DeepWriterID-v2\\data\raw\WPTT2.0-Train\283-P17.wptt,283,Test,283-P17
F:\PycharmProjects\DeepWriterID-v2\\data\raw\WPTT2.0-Train\283-P18.wptt,283,Train,283-P18
F:\PycharmProjects\DeepWriterID-v2\\data\raw\WPTT2.0-Train\283-P19.wptt,283,Train,283-P19
F:\PycharmProjects\DeepWriterID-v2\\data\raw\WPTT2.0-Train\283-P20.wptt,283,Train,283-P20
F:\PycharmProjects\DeepWriterID-v2\\data\raw\WPTT2.0-Train\301-P16.wptt,301,Test,301-P16
F:\PycharmProjects\DeepWriterID-v2\\data\raw\WPTT2.0-Train\301-P17.wptt,301,Train,301-P17
F:\PycharmProjects\DeepWriterID-v2\\data\raw\WPTT2.0-Train\301-P18.wptt,301,Train,301-P18
F:\PycharmProjects\DeepWriterID-v2\\data\raw\WPTT2.0-Train\301-P19.wptt,301,Train,301-P19
F:\PycharmProjects\DeepWriterID-v2\\data\raw\WPTT2.0-Train\301-P20.wptt,301,Train,301-P20
F:\PycharmProjects\DeepWriterID-v2\\data\raw\WPTT2.0-Train\284-P16.wptt,284,Train,284-P16
F:\PycharmProjects\DeepWriterID-v2\\data\raw\WPTT2.0-Train\284-P17.wptt,284,Test,284-P17
F:\PycharmProjects\DeepWriterID-v2\\data\raw\WPTT2.0-Train\284-P18.wptt,284,Train,284-P18
F:\PycharmProjects\DeepWriterID-v2\\data\raw\WPTT2.0-Train\284-P19.wptt,284,Train,284-P19
F:\PycharmProjects\DeepWriterID-v2\\data\raw\WPTT2.0-Train\284-P20.wptt,284,Train,284-P20
F:\PycharmProjects\DeepWriterID-v2\\data\raw\WPTT2.0-Train\303-P16.wptt,303,Test,303-P16
F:\PycharmProjects\DeepWriterID-v2\\data\raw\WPTT2.0-Train\303-P17.wptt,303,Train,303-P17
F:\PycharmProjects\DeepWriterID-v2\\data\raw\WPTT2.0-Train\303-P18.wptt,303,Train,303-P18
F:\PycharmProjects\DeepWriterID-v2\\data\raw\WPTT2.0-Train\303-P19.wptt,303,Train,303-P19
F:\PycharmProjects\DeepWriterID-v2\\data\raw\WPTT2.0-Train\303-P20.wptt,303,Train,303-P20
F:\PycharmProjects\DeepWriterID-v2\\data\raw\WPTT2.0-Train\285-P16.wptt,285,Train,285-P16
F:\PycharmProjects\DeepWriterID-v2\\data\raw\WPTT2.0-Train\285-P17.wptt,285,Train,285-P17
F:\PycharmProjects\DeepWriterID-v2\\data\raw\WPTT2.0-Train\285-P18.wptt,285,Train,285-P18
F:\PycharmProjects\DeepWriterID-v2\\data\raw\WPTT2.0-Train\285-P19.wptt,285,Train,285-P19
F:\PycharmProjects\DeepWriterID-v2\\data\raw\WPTT2.0-Train\285-P20.wptt,285,Test,285-P20
F:\PycharmProjects\DeepWriterID-v2\\data\raw\WPTT2.0-Train\304-P16.wptt,304,Train,304-P16
F:\PycharmProjects\DeepWriterID-v2\\data\raw\WPTT2.0-Train\304-P17.wptt,304,Test,304-P17
F:\PycharmProjects\DeepWriterID-v2\\data\raw\WPTT2.0-Train\304-P18.wptt,304,Train,304-P18
F:\PycharmProjects\DeepWriterID-v2\\data\raw\WPTT2.0-Train\304-P19.wptt,304,Train,304-P19
F:\PycharmProjects\DeepWriterID-v2\\data\raw\WPTT2.0-Train\304-P20.wptt,304,Train,304-P20
F:\PycharmProjects\DeepWriterID-v2\\data\raw\WPTT2.0-Train\286-P16.wptt,286,Train,286-P16
F:\PycharmProjects\DeepWriterID-v2\\data\raw\WPTT2.0-Train\286-P17.wptt,286,Train,286-P17
F:\PycharmProjects\DeepWriterID-v2\\data\raw\WPTT2.0-Train\286-P18.wptt,286,Train,286-P18
F:\PycharmProjects\DeepWriterID-v2\\data\raw\WPTT2.0-Train\286-P19.wptt,286,Train,286-P19
F:\PycharmProjects\DeepWriterID-v2\\data\raw\WPTT2.0-Train\286-P20.wptt,286,Test,286-P20
F:\PycharmProjects\DeepWriterID-v2\\data\raw\WPTT2.0-Train\305-P16.wptt,305,Test,305-P16
F:\PycharmProjects\DeepWriterID-v2\\data\raw\WPTT2.0-Train\305-P17.wptt,305,Train,305-P17
F:\PycharmProjects\DeepWriterID-v2\\data\raw\WPTT2.0-Train\305-P18.wptt,305,Train,305-P18
F:\PycharmProjects\DeepWriterID-v2\\data\raw\WPTT2.0-Train\305-P19.wptt,305,Train,305-P19
F:\PycharmProjects\DeepWriterID-v2\\data\raw\WPTT2.0-Train\305-P20.wptt,305,Train,305-P20
F:\PycharmProjects\DeepWriterID-v2\\data\raw\WPTT2.0-Train\287-P16.wptt,287,Train,287-P16
F:\PycharmProjects\DeepWriterID-v2\\data\raw\WPTT2.0-Train\287-P17.wptt,287,Test,287-P17
F:\PycharmProjects\DeepWriterID-v2\\data\raw\WPTT2.0-Train\287-P18.wptt,287,Train,287-P18
F:\PycharmProjects\DeepWriterID-v2\\data\raw\WPTT2.0-Train\287-P19.wptt,287,Train,287-P19
F:\PycharmProjects\DeepWriterID-v2\\data\raw\WPTT2.0-Train\287-P20.wptt,287,Train,287-P20
F:\PycharmProjects\DeepWriterID-v2\\data\raw\WPTT2.0-Train\306-P16.wptt,306,Train,306-P16
F:\PycharmProjects\DeepWriterID-v2\\data\raw\WPTT2.0-Train\306-P17.wptt,306,Train,306-P17
F:\PycharmProjects\DeepWriterID-v2\\data\raw\WPTT2.0-Train\306-P18.wptt,306,Train,306-P18
F:\PycharmProjects\DeepWriterID-v2\\data\raw\WPTT2.0-Train\306-P19.wptt,306,Test,306-P19
F:\PycharmProjects\DeepWriterID-v2\\data\raw\WPTT2.0-Train\306-P20.wptt,306,Train,306-P20
F:\PycharmProjects\DeepWriterID-v2\\data\raw\WPTT2.0-Train\338-P17.wptt,338,Train,338-P17
F:\PycharmProjects\DeepWriterID-v2\\data\raw\WPTT2.0-Train\338-P16.wptt,338,Train,338-P16
F:\PycharmProjects\DeepWriterID-v2\\data\raw\WPTT2.0-Train\338-P18.wptt,338,Train,338-P18
F:\PycharmProjects\DeepWriterID-v2\\data\raw\WPTT2.0-Train\338-P19.wptt,338,Train,338-P19
F:\PycharmProjects\DeepWriterID-v2\\data\raw\WPTT2.0-Train\338-P20.wptt,338,Test,338-P20
F:\PycharmProjects\DeepWriterID-v2\\data\raw\WPTT2.0-Train\322-P20.wptt,322,Test,322-P20
F:\PycharmProjects\DeepWriterID-v2\\data\raw\WPTT2.0-Train\322-P19.wptt,322,Train,322-P19
F:\PycharmProjects\DeepWriterID-v2\\data\raw\WPTT2.0-Train\322-P16.wptt,322,Train,322-P16
F:\PycharmProjects\DeepWriterID-v2\\data\raw\WPTT2.0-Train\322-P17.wptt,322,Train,322-P17
F:\PycharmProjects\DeepWriterID-v2\\data\raw\WPTT2.0-Train\322-P18.wptt,322,Train,322-P18
F:\PycharmProjects\DeepWriterID-v2\\data\raw\WPTT2.0-Train\323-P16.wptt,323,Train,323-P16
F:\PycharmProjects\DeepWriterID-v2\\data\raw\WPTT2.0-Train\323-P17.wptt,323,Train,323-P17
F:\PycharmProjects\DeepWriterID-v2\\data\raw\WPTT2.0-Train\323-P18.wptt,323,Train,323-P18
F:\PycharmProjects\DeepWriterID-v2\\data\raw\WPTT2.0-Train\323-P19.wptt,323,Test,323-P19
F:\PycharmProjects\DeepWriterID-v2\\data\raw\WPTT2.0-Train\323-P20.wptt,323,Train,323-P20
F:\PycharmProjects\DeepWriterID-v2\\data\raw\WPTT2.0-Train\308-P16.wptt,308,Train,308-P16
F:\PycharmProjects\DeepWriterID-v2\\data\raw\WPTT2.0-Train\308-P17.wptt,308,Test,308-P17
F:\PycharmProjects\DeepWriterID-v2\\data\raw\WPTT2.0-Train\308-P18.wptt,308,Train,308-P18
F:\PycharmProjects\DeepWriterID-v2\\data\raw\WPTT2.0-Train\308-P19.wptt,308,Train,308-P19
F:\PycharmProjects\DeepWriterID-v2\\data\raw\WPTT2.0-Train\308-P20.wptt,308,Train,308-P20
F:\PycharmProjects\DeepWriterID-v2\\data\raw\WPTT2.0-Train\324-P16.wptt,324,Train,324-P16
F:\PycharmProjects\DeepWriterID-v2\\data\raw\WPTT2.0-Train\324-P17.wptt,324,Train,324-P17
F:\PycharmProjects\DeepWriterID-v2\\data\raw\WPTT2.0-Train\324-P18.wptt,324,Train,324-P18
F:\PycharmProjects\DeepWriterID-v2\\data\raw\WPTT2.0-Train\324-P19.wptt,324,Test,324-P19
F:\PycharmProjects\DeepWriterID-v2\\data\raw\WPTT2.0-Train\324-P20.wptt,324,Train,324-P20
F:\PycharmProjects\DeepWriterID-v2\\data\raw\WPTT2.0-Train\309-P16.wptt,309,Test,309-P16
F:\PycharmProjects\DeepWriterID-v2\\data\raw\WPTT2.0-Train\309-P17.wptt,309,Train,309-P17
F:\PycharmProjects\DeepWriterID-v2\\data\raw\WPTT2.0-Train\309-P18.wptt,309,Train,309-P18
F:\PycharmProjects\DeepWriterID-v2\\data\raw\WPTT2.0-Train\309-P19.wptt,309,Train,309-P19
F:\PycharmProjects\DeepWriterID-v2\\data\raw\WPTT2.0-Train\309-P20.wptt,309,Train,309-P20
F:\PycharmProjects\DeepWriterID-v2\\data\raw\WPTT2.0-Train\325-P16.wptt,325,Train,325-P16
F:\PycharmProjects\DeepWriterID-v2\\data\raw\WPTT2.0-Train\325-P17.wptt,325,Train,325-P17
F:\PycharmProjects\DeepWriterID-v2\\data\raw\WPTT2.0-Train\325-P18.wptt,325,Test,325-P18
F:\PycharmProjects\DeepWriterID-v2\\data\raw\WPTT2.0-Train\325-P19.wptt,325,Train,325-P19
F:\PycharmProjects\DeepWriterID-v2\\data\raw\WPTT2.0-Train\325-P20.wptt,325,Train,325-P20
F:\PycharmProjects\DeepWriterID-v2\\data\raw\WPTT2.0-Train\310-P16.wptt,310,Train,310-P16
F:\PycharmProjects\DeepWriterID-v2\\data\raw\WPTT2.0-Train\310-P17.wptt,310,Test,310-P17
F:\PycharmProjects\DeepWriterID-v2\\data\raw\WPTT2.0-Train\310-P18.wptt,310,Train,310-P18
F:\PycharmProjects\DeepWriterID-v2\\data\raw\WPTT2.0-Train\310-P19.wptt,310,Train,310-P19
F:\PycharmProjects\DeepWriterID-v2\\data\raw\WPTT2.0-Train\310-P20.wptt,310,Train,310-P20
F:\PycharmProjects\DeepWriterID-v2\\data\raw\WPTT2.0-Train\327-P16.wptt,327,Train,327-P16
F:\PycharmProjects\DeepWriterID-v2\\data\raw\WPTT2.0-Train\327-P17.wptt,327,Train,327-P17
F:\PycharmProjects\DeepWriterID-v2\\data\raw\WPTT2.0-Train\327-P18.wptt,327,Train,327-P18
F:\PycharmProjects\DeepWriterID-v2\\data\raw\WPTT2.0-Train\327-P19.wptt,327,Test,327-P19
F:\PycharmProjects\DeepWriterID-v2\\data\raw\WPTT2.0-Train\327-P20.wptt,327,Train,327-P20
F:\PycharmProjects\DeepWriterID-v2\\data\raw\WPTT2.0-Train\311-P16.wptt,311,Train,311-P16
F:\PycharmProjects\DeepWriterID-v2\\data\raw\WPTT2.0-Train\311-P17.wptt,311,Test,311-P17
F:\PycharmProjects\DeepWriterID-v2\\data\raw\WPTT2.0-Train\311-P18.wptt,311,Train,311-P18
F:\PycharmProjects\DeepWriterID-v2\\data\raw\WPTT2.0-Train\311-P19.wptt,311,Train,311-P19
F:\PycharmProjects\DeepWriterID-v2\\data\raw\WPTT2.0-Train\311-P20.wptt,311,Train,311-P20
F:\PycharmProjects\DeepWriterID-v2\\data\raw\WPTT2.0-Train\328-P16.wptt,328,Train,328-P16
F:\PycharmProjects\DeepWriterID-v2\\data\raw\WPTT2.0-Train\328-P17.wptt,328,Test,328-P17
F:\PycharmProjects\DeepWriterID-v2\\data\raw\WPTT2.0-Train\328-P18.wptt,328,Train,328-P18
F:\PycharmProjects\DeepWriterID-v2\\data\raw\WPTT2.0-Train\312-P16.wptt,312,Train,312-P16
F:\PycharmProjects\DeepWriterID-v2\\data\raw\WPTT2.0-Train\312-P17.wptt,312,Train,312-P17
F:\PycharmProjects\DeepWriterID-v2\\data\raw\WPTT2.0-Train\312-P18.wptt,312,Train,312-P18
F:\PycharmProjects\DeepWriterID-v2\\data\raw\WPTT2.0-Train\312-P19.wptt,312,Test,312-P19
F:\PycharmProjects\DeepWriterID-v2\\data\raw\WPTT2.0-Train\312-P20.wptt,312,Train,312-P20
F:\PycharmProjects\DeepWriterID-v2\\data\raw\WPTT2.0-Train\329-P16.wptt,329,Test,329-P16
F:\PycharmProjects\DeepWriterID-v2\\data\raw\WPTT2.0-Train\329-P17.wptt,329,Train,329-P17
F:\PycharmProjects\DeepWriterID-v2\\data\raw\WPTT2.0-Train\329-P18.wptt,329,Train,329-P18
F:\PycharmProjects\DeepWriterID-v2\\data\raw\WPTT2.0-Train\329-P19.wptt,329,Train,329-P19
F:\PycharmProjects\DeepWriterID-v2\\data\raw\WPTT2.0-Train\329-P20.wptt,329,Train,329-P20
F:\PycharmProjects\DeepWriterID-v2\\data\raw\WPTT2.0-Train\313-P16.wptt,313,Train,313-P16
F:\PycharmProjects\DeepWriterID-v2\\data\raw\WPTT2.0-Train\313-P17.wptt,313,Train,313-P17
F:\PycharmProjects\DeepWriterID-v2\\data\raw\WPTT2.0-Train\313-P18.wptt,313,Train,313-P18
F:\PycharmProjects\DeepWriterID-v2\\data\raw\WPTT2.0-Train\313-P19.wptt,313,Test,313-P19
F:\PycharmProjects\DeepWriterID-v2\\data\raw\WPTT2.0-Train\313-P20.wptt,313,Train,313-P20
F:\PycharmProjects\DeepWriterID-v2\\data\raw\WPTT2.0-Train\330-P16.wptt,330,Train,330-P16
F:\PycharmProjects\DeepWriterID-v2\\data\raw\WPTT2.0-Train\330-P17.wptt,330,Train,330-P17
F:\PycharmProjects\DeepWriterID-v2\\data\raw\WPTT2.0-Train\330-P18.wptt,330,Train,330-P18
F:\PycharmProjects\DeepWriterID-v2\\data\raw\WPTT2.0-Train\330-P19.wptt,330,Test,330-P19
F:\PycharmProjects\DeepWriterID-v2\\data\raw\WPTT2.0-Train\330-P20.wptt,330,Train,330-P20
F:\PycharmProjects\DeepWriterID-v2\\data\raw\WPTT2.0-Train\314-P16.wptt,314,Train,314-P16
F:\PycharmProjects\DeepWriterID-v2\\data\raw\WPTT2.0-Train\314-P17.wptt,314,Train,314-P17
F:\PycharmProjects\DeepWriterID-v2\\data\raw\WPTT2.0-Train\314-P18.wptt,314,Test,314-P18
F:\PycharmProjects\DeepWriterID-v2\\data\raw\WPTT2.0-Train\314-P19.wptt,314,Train,314-P19
F:\PycharmProjects\DeepWriterID-v2\\data\raw\WPTT2.0-Train\314-P20.wptt,314,Train,314-P20
F:\PycharmProjects\DeepWriterID-v2\\data\raw\WPTT2.0-Train\331-P16.wptt,331,Train,331-P16
F:\PycharmProjects\DeepWriterID-v2\\data\raw\WPTT2.0-Train\331-P17.wptt,331,Train,331-P17
F:\PycharmProjects\DeepWriterID-v2\\data\raw\WPTT2.0-Train\331-P18.wptt,331,Train,331-P18
F:\PycharmProjects\DeepWriterID-v2\\data\raw\WPTT2.0-Train\331-P19.wptt,331,Train,331-P19
F:\PycharmProjects\DeepWriterID-v2\\data\raw\WPTT2.0-Train\331-P20.wptt,331,Test,331-P20
F:\PycharmProjects\DeepWriterID-v2\\data\raw\WPTT2.0-Train\315-P16.wptt,315,Train,315-P16
F:\PycharmProjects\DeepWriterID-v2\\data\raw\WPTT2.0-Train\315-P17.wptt,315,Test,315-P17
F:\PycharmProjects\DeepWriterID-v2\\data\raw\WPTT2.0-Train\315-P18.wptt,315,Train,315-P18
F:\PycharmProjects\DeepWriterID-v2\\data\raw\WPTT2.0-Train\315-P19.wptt,315,Train,315-P19
F:\PycharmProjects\DeepWriterID-v2\\data\raw\WPTT2.0-Train\315-P20.wptt,315,Train,315-P20
F:\PycharmProjects\DeepWriterID-v2\\data\raw\WPTT2.0-Train\332-P16.wptt,332,Test,332-P16
F:\PycharmProjects\DeepWriterID-v2\\data\raw\WPTT2.0-Train\332-P17.wptt,332,Train,332-P17
F:\PycharmProjects\DeepWriterID-v2\\data\raw\WPTT2.0-Train\332-P18.wptt,332,Train,332-P18
F:\PycharmProjects\DeepWriterID-v2\\data\raw\WPTT2.0-Train\332-P19.wptt,332,Train,332-P19
F:\PycharmProjects\DeepWriterID-v2\\data\raw\WPTT2.0-Train\332-P20.wptt,332,Train,332-P20
F:\PycharmProjects\DeepWriterID-v2\\data\raw\WPTT2.0-Train\316-P16.wptt,316,Train,316-P16
F:\PycharmProjects\DeepWriterID-v2\\data\raw\WPTT2.0-Train\316-P17.wptt,316,Train,316-P17
F:\PycharmProjects\DeepWriterID-v2\\data\raw\WPTT2.0-Train\316-P18.wptt,316,Test,316-P18
F:\PycharmProjects\DeepWriterID-v2\\data\raw\WPTT2.0-Train\316-P19.wptt,316,Train,316-P19
F:\PycharmProjects\DeepWriterID-v2\\data\raw\WPTT2.0-Train\316-P20.wptt,316,Train,316-P20
F:\PycharmProjects\DeepWriterID-v2\\data\raw\WPTT2.0-Train\333-P16.wptt,333,Train,333-P16
F:\PycharmProjects\DeepWriterID-v2\\data\raw\WPTT2.0-Train\333-P17.wptt,333,Train,333-P17
F:\PycharmProjects\DeepWriterID-v2\\data\raw\WPTT2.0-Train\333-P18.wptt,333,Test,333-P18
F:\PycharmProjects\DeepWriterID-v2\\data\raw\WPTT2.0-Train\333-P19.wptt,333,Train,333-P19
F:\PycharmProjects\DeepWriterID-v2\\data\raw\WPTT2.0-Train\333-P20.wptt,333,Train,333-P20
F:\PycharmProjects\DeepWriterID-v2\\data\raw\WPTT2.0-Train\318-P16.wptt,318,Train,318-P16
F:\PycharmProjects\DeepWriterID-v2\\data\raw\WPTT2.0-Train\318-P17.wptt,318,Train,318-P17
F:\PycharmProjects\DeepWriterID-v2\\data\raw\WPTT2.0-Train\318-P18.wptt,318,Train,318-P18
F:\PycharmProjects\DeepWriterID-v2\\data\raw\WPTT2.0-Train\318-P19.wptt,318,Test,318-P19
F:\PycharmProjects\DeepWriterID-v2\\data\raw\WPTT2.0-Train\318-P20.wptt,318,Train,318-P20
F:\PycharmProjects\DeepWriterID-v2\\data\raw\WPTT2.0-Train\334-P16.wptt,334,Test,334-P16
F:\PycharmProjects\DeepWriterID-v2\\data\raw\WPTT2.0-Train\334-P17.wptt,334,Train,334-P17
F:\PycharmProjects\DeepWriterID-v2\\data\raw\WPTT2.0-Train\334-P18.wptt,334,Train,334-P18
F:\PycharmProjects\DeepWriterID-v2\\data\raw\WPTT2.0-Train\334-P19.wptt,334,Train,334-P19
F:\PycharmProjects\DeepWriterID-v2\\data\raw\WPTT2.0-Train\334-P20.wptt,334,Train,334-P20
F:\PycharmProjects\DeepWriterID-v2\\data\raw\WPTT2.0-Train\319-P16.wptt,319,Test,319-P16
F:\PycharmProjects\DeepWriterID-v2\\data\raw\WPTT2.0-Train\319-P17.wptt,319,Train,319-P17
F:\PycharmProjects\DeepWriterID-v2\\data\raw\WPTT2.0-Train\319-P18.wptt,319,Train,319-P18
F:\PycharmProjects\DeepWriterID-v2\\data\raw\WPTT2.0-Train\319-P19.wptt,319,Train,319-P19
F:\PycharmProjects\DeepWriterID-v2\\data\raw\WPTT2.0-Train\319-P20.wptt,319,Train,319-P20
F:\PycharmProjects\DeepWriterID-v2\\data\raw\WPTT2.0-Train\335-P16.wptt,335,Train,335-P16
F:\PycharmProjects\DeepWriterID-v2\\data\raw\WPTT2.0-Train\335-P17.wptt,335,Train,335-P17
F:\PycharmProjects\DeepWriterID-v2\\data\raw\WPTT2.0-Train\335-P18.wptt,335,Train,335-P18
F:\PycharmProjects\DeepWriterID-v2\\data\raw\WPTT2.0-Train\335-P19.wptt,335,Train,335-P19
F:\PycharmProjects\DeepWriterID-v2\\data\raw\WPTT2.0-Train\335-P20.wptt,335,Test,335-P20
F:\PycharmProjects\DeepWriterID-v2\\data\raw\WPTT2.0-Train\320-P16.wptt,320,Train,320-P16
F:\PycharmProjects\DeepWriterID-v2\\data\raw\WPTT2.0-Train\320-P17.wptt,320,Train,320-P17
F:\PycharmProjects\DeepWriterID-v2\\data\raw\WPTT2.0-Train\320-P18.wptt,320,Test,320-P18
F:\PycharmProjects\DeepWriterID-v2\\data\raw\WPTT2.0-Train\320-P19.wptt,320,Train,320-P19
F:\PycharmProjects\DeepWriterID-v2\\data\raw\WPTT2.0-Train\320-P20.wptt,320,Train,320-P20
F:\PycharmProjects\DeepWriterID-v2\\data\raw\WPTT2.0-Train\336-P16.wptt,336,Train,336-P16
F:\PycharmProjects\DeepWriterID-v2\\data\raw\WPTT2.0-Train\336-P17.wptt,336,Train,336-P17
F:\PycharmProjects\DeepWriterID-v2\\data\raw\WPTT2.0-Train\336-P18.wptt,336,Test,336-P18
F:\PycharmProjects\DeepWriterID-v2\\data\raw\WPTT2.0-Train\336-P19.wptt,336,Train,336-P19
F:\PycharmProjects\DeepWriterID-v2\\data\raw\WPTT2.0-Train\336-P20.wptt,336,Train,336-P20
F:\PycharmProjects\DeepWriterID-v2\\data\raw\WPTT2.0-Train\321-P16.wptt,321,Train,321-P16
F:\PycharmProjects\DeepWriterID-v2\\data\raw\WPTT2.0-Train\321-P17.wptt,321,Test,321-P17
F:\PycharmProjects\DeepWriterID-v2\\data\raw\WPTT2.0-Train\321-P18.wptt,321,Train,321-P18
F:\PycharmProjects\DeepWriterID-v2\\data\raw\WPTT2.0-Train\321-P19.wptt,321,Train,321-P19
F:\PycharmProjects\DeepWriterID-v2\\data\raw\WPTT2.0-Train\321-P20.wptt,321,Train,321-P20
F:\PycharmProjects\DeepWriterID-v2\\data\raw\WPTT2.0-Train\337-P16.wptt,337,Train,337-P16
F:\PycharmProjects\DeepWriterID-v2\\data\raw\WPTT2.0-Train\337-P17.wptt,337,Train,337-P17
F:\PycharmProjects\DeepWriterID-v2\\data\raw\WPTT2.0-Train\337-P18.wptt,337,Train,337-P18
F:\PycharmProjects\DeepWriterID-v2\\data\raw\WPTT2.0-Train\337-P19.wptt,337,Test,337-P19
F:\PycharmProjects\DeepWriterID-v2\\data\raw\WPTT2.0-Train\337-P20.wptt,337,Train,337-P20
F:\PycharmProjects\DeepWriterID-v2\\data\raw\WPTT2.0-Train\372-P16.wptt,372,Train,372-P16
F:\PycharmProjects\DeepWriterID-v2\\data\raw\WPTT2.0-Train\372-P17.wptt,372,Train,372-P17
F:\PycharmProjects\DeepWriterID-v2\\data\raw\WPTT2.0-Train\372-P18.wptt,372,Train,372-P18
F:\PycharmProjects\DeepWriterID-v2\\data\raw\WPTT2.0-Train\372-P19.wptt,372,Train,372-P19
F:\PycharmProjects\DeepWriterID-v2\\data\raw\WPTT2.0-Train\372-P20.wptt,372,Test,372-P20
F:\PycharmProjects\DeepWriterID-v2\\data\raw\WPTT2.0-Train\356-P16.wptt,356,Train,356-P16
F:\PycharmProjects\DeepWriterID-v2\\data\raw\WPTT2.0-Train\356-P17.wptt,356,Train,356-P17
F:\PycharmProjects\DeepWriterID-v2\\data\raw\WPTT2.0-Train\356-P18.wptt,356,Train,356-P18
F:\PycharmProjects\DeepWriterID-v2\\data\raw\WPTT2.0-Train\356-P19.wptt,356,Train,356-P19
F:\PycharmProjects\DeepWriterID-v2\\data\raw\WPTT2.0-Train\356-P20.wptt,356,Test,356-P20
F:\PycharmProjects\DeepWriterID-v2\\data\raw\WPTT2.0-Train\355-P20.wptt,355,Train,355-P20
F:\PycharmProjects\DeepWriterID-v2\\data\raw\WPTT2.0-Train\355-P16.wptt,355,Train,355-P16
F:\PycharmProjects\DeepWriterID-v2\\data\raw\WPTT2.0-Train\355-P17.wptt,355,Train,355-P17
F:\PycharmProjects\DeepWriterID-v2\\data\raw\WPTT2.0-Train\355-P18.wptt,355,Train,355-P18
F:\PycharmProjects\DeepWriterID-v2\\data\raw\WPTT2.0-Train\355-P19.wptt,355,Test,355-P19
F:\PycharmProjects\DeepWriterID-v2\\data\raw\WPTT2.0-Train\339-P16.wptt,339,Train,339-P16
F:\PycharmProjects\DeepWriterID-v2\\data\raw\WPTT2.0-Train\339-P17.wptt,339,Train,339-P17
F:\PycharmProjects\DeepWriterID-v2\\data\raw\WPTT2.0-Train\339-P18.wptt,339,Train,339-P18
F:\PycharmProjects\DeepWriterID-v2\\data\raw\WPTT2.0-Train\339-P19.wptt,339,Train,339-P19
F:\PycharmProjects\DeepWriterID-v2\\data\raw\WPTT2.0-Train\339-P20.wptt,339,Test,339-P20
F:\PycharmProjects\DeepWriterID-v2\\data\raw\WPTT2.0-Train\357-P16.wptt,357,Train,357-P16
F:\PycharmProjects\DeepWriterID-v2\\data\raw\WPTT2.0-Train\357-P17.wptt,357,Train,357-P17
F:\PycharmProjects\DeepWriterID-v2\\data\raw\WPTT2.0-Train\357-P18.wptt,357,Train,357-P18
F:\PycharmProjects\DeepWriterID-v2\\data\raw\WPTT2.0-Train\357-P19.wptt,357,Test,357-P19
F:\PycharmProjects\DeepWriterID-v2\\data\raw\WPTT2.0-Train\357-P20.wptt,357,Train,357-P20
F:\PycharmProjects\DeepWriterID-v2\\data\raw\WPTT2.0-Train\340-P16.wptt,340,Train,340-P16
F:\PycharmProjects\DeepWriterID-v2\\data\raw\WPTT2.0-Train\340-P17.wptt,340,Train,340-P17
F:\PycharmProjects\DeepWriterID-v2\\data\raw\WPTT2.0-Train\340-P18.wptt,340,Test,340-P18
F:\PycharmProjects\DeepWriterID-v2\\data\raw\WPTT2.0-Train\340-P19.wptt,340,Train,340-P19
F:\PycharmProjects\DeepWriterID-v2\\data\raw\WPTT2.0-Train\340-P20.wptt,340,Train,340-P20
F:\PycharmProjects\DeepWriterID-v2\\data\raw\WPTT2.0-Train\358-P16.wptt,358,Train,358-P16
F:\PycharmProjects\DeepWriterID-v2\\data\raw\WPTT2.0-Train\358-P17.wptt,358,Train,358-P17
F:\PycharmProjects\DeepWriterID-v2\\data\raw\WPTT2.0-Train\358-P18.wptt,358,Test,358-P18
F:\PycharmProjects\DeepWriterID-v2\\data\raw\WPTT2.0-Train\358-P19.wptt,358,Train,358-P19
F:\PycharmProjects\DeepWriterID-v2\\data\raw\WPTT2.0-Train\358-P20.wptt,358,Train,358-P20
F:\PycharmProjects\DeepWriterID-v2\\data\raw\WPTT2.0-Train\342-P16.wptt,342,Test,342-P16
F:\PycharmProjects\DeepWriterID-v2\\data\raw\WPTT2.0-Train\342-P17.wptt,342,Train,342-P17
F:\PycharmProjects\DeepWriterID-v2\\data\raw\WPTT2.0-Train\342-P18.wptt,342,Train,342-P18
F:\PycharmProjects\DeepWriterID-v2\\data\raw\WPTT2.0-Train\342-P19.wptt,342,Train,342-P19
F:\PycharmProjects\DeepWriterID-v2\\data\raw\WPTT2.0-Train\342-P20.wptt,342,Train,342-P20
F:\PycharmProjects\DeepWriterID-v2\\data\raw\WPTT2.0-Train\359-P16.wptt,359,Train,359-P16
F:\PycharmProjects\DeepWriterID-v2\\data\raw\WPTT2.0-Train\359-P17.wptt,359,Train,359-P17
F:\PycharmProjects\DeepWriterID-v2\\data\raw\WPTT2.0-Train\359-P18.wptt,359,Train,359-P18
F:\PycharmProjects\DeepWriterID-v2\\data\raw\WPTT2.0-Train\359-P19.wptt,359,Test,359-P19
F:\PycharmProjects\DeepWriterID-v2\\data\raw\WPTT2.0-Train\359-P20.wptt,359,Train,359-P20
F:\PycharmProjects\DeepWriterID-v2\\data\raw\WPTT2.0-Train\343-P16.wptt,343,Train,343-P16
F:\PycharmProjects\DeepWriterID-v2\\data\raw\WPTT2.0-Train\343-P17.wptt,343,Train,343-P17
F:\PycharmProjects\DeepWriterID-v2\\data\raw\WPTT2.0-Train\343-P18.wptt,343,Test,343-P18
F:\PycharmProjects\DeepWriterID-v2\\data\raw\WPTT2.0-Train\343-P19.wptt,343,Train,343-P19
F:\PycharmProjects\DeepWriterID-v2\\data\raw\WPTT2.0-Train\343-P20.wptt,343,Train,343-P20
F:\PycharmProjects\DeepWriterID-v2\\data\raw\WPTT2.0-Train\360-P16.wptt,360,Train,360-P16
F:\PycharmProjects\DeepWriterID-v2\\data\raw\WPTT2.0-Train\360-P17.wptt,360,Train,360-P17
F:\PycharmProjects\DeepWriterID-v2\\data\raw\WPTT2.0-Train\360-P18.wptt,360,Test,360-P18
F:\PycharmProjects\DeepWriterID-v2\\data\raw\WPTT2.0-Train\360-P19.wptt,360,Train,360-P19
F:\PycharmProjects\DeepWriterID-v2\\data\raw\WPTT2.0-Train\360-P20.wptt,360,Train,360-P20
F:\PycharmProjects\DeepWriterID-v2\\data\raw\WPTT2.0-Train\344-P16.wptt,344,Train,344-P16
F:\PycharmProjects\DeepWriterID-v2\\data\raw\WPTT2.0-Train\344-P17.wptt,344,Train,344-P17
F:\PycharmProjects\DeepWriterID-v2\\data\raw\WPTT2.0-Train\344-P18.wptt,344,Test,344-P18
F:\PycharmProjects\DeepWriterID-v2\\data\raw\WPTT2.0-Train\344-P19.wptt,344,Train,344-P19
F:\PycharmProjects\DeepWriterID-v2\\data\raw\WPTT2.0-Train\344-P20.wptt,344,Train,344-P20
F:\PycharmProjects\DeepWriterID-v2\\data\raw\WPTT2.0-Train\362-P16.wptt,362,Train,362-P16
F:\PycharmProjects\DeepWriterID-v2\\data\raw\WPTT2.0-Train\362-P17.wptt,362,Train,362-P17
F:\PycharmProjects\DeepWriterID-v2\\data\raw\WPTT2.0-Train\362-P18.wptt,362,Train,362-P18
F:\PycharmProjects\DeepWriterID-v2\\data\raw\WPTT2.0-Train\362-P19.wptt,362,Train,362-P19
F:\PycharmProjects\DeepWriterID-v2\\data\raw\WPTT2.0-Train\362-P20.wptt,362,Test,362-P20
F:\PycharmProjects\DeepWriterID-v2\\data\raw\WPTT2.0-Train\346-P16.wptt,346,Test,346-P16
F:\PycharmProjects\DeepWriterID-v2\\data\raw\WPTT2.0-Train\346-P17.wptt,346,Train,346-P17
F:\PycharmProjects\DeepWriterID-v2\\data\raw\WPTT2.0-Train\346-P18.wptt,346,Train,346-P18
F:\PycharmProjects\DeepWriterID-v2\\data\raw\WPTT2.0-Train\346-P19.wptt,346,Train,346-P19
F:\PycharmProjects\DeepWriterID-v2\\data\raw\WPTT2.0-Train\346-P20.wptt,346,Train,346-P20
F:\PycharmProjects\DeepWriterID-v2\\data\raw\WPTT2.0-Train\363-P16.wptt,363,Train,363-P16
F:\PycharmProjects\DeepWriterID-v2\\data\raw\WPTT2.0-Train\363-P17.wptt,363,Train,363-P17
F:\PycharmProjects\DeepWriterID-v2\\data\raw\WPTT2.0-Train\363-P18.wptt,363,Train,363-P18
F:\PycharmProjects\DeepWriterID-v2\\data\raw\WPTT2.0-Train\363-P19.wptt,363,Test,363-P19
F:\PycharmProjects\DeepWriterID-v2\\data\raw\WPTT2.0-Train\363-P20.wptt,363,Train,363-P20
F:\PycharmProjects\DeepWriterID-v2\\data\raw\WPTT2.0-Train\347-P16.wptt,347,Test,347-P16
F:\PycharmProjects\DeepWriterID-v2\\data\raw\WPTT2.0-Train\347-P17.wptt,347,Train,347-P17
F:\PycharmProjects\DeepWriterID-v2\\data\raw\WPTT2.0-Train\347-P18.wptt,347,Train,347-P18
F:\PycharmProjects\DeepWriterID-v2\\data\raw\WPTT2.0-Train\347-P19.wptt,347,Train,347-P19
F:\PycharmProjects\DeepWriterID-v2\\data\raw\WPTT2.0-Train\347-P20.wptt,347,Train,347-P20
F:\PycharmProjects\DeepWriterID-v2\\data\raw\WPTT2.0-Train\364-P16.wptt,364,Train,364-P16
F:\PycharmProjects\DeepWriterID-v2\\data\raw\WPTT2.0-Train\364-P17.wptt,364,Train,364-P17
F:\PycharmProjects\DeepWriterID-v2\\data\raw\WPTT2.0-Train\364-P18.wptt,364,Train,364-P18
F:\PycharmProjects\DeepWriterID-v2\\data\raw\WPTT2.0-Train\364-P19.wptt,364,Train,364-P19
F:\PycharmProjects\DeepWriterID-v2\\data\raw\WPTT2.0-Train\364-P20.wptt,364,Test,364-P20
F:\PycharmProjects\DeepWriterID-v2\\data\raw\WPTT2.0-Train\348-P16.wptt,348,Train,348-P16
F:\PycharmProjects\DeepWriterID-v2\\data\raw\WPTT2.0-Train\348-P17.wptt,348,Train,348-P17
F:\PycharmProjects\DeepWriterID-v2\\data\raw\WPTT2.0-Train\348-P18.wptt,348,Train,348-P18
F:\PycharmProjects\DeepWriterID-v2\\data\raw\WPTT2.0-Train\348-P19.wptt,348,Train,348-P19
F:\PycharmProjects\DeepWriterID-v2\\data\raw\WPTT2.0-Train\348-P20.wptt,348,Test,348-P20
F:\PycharmProjects\DeepWriterID-v2\\data\raw\WPTT2.0-Train\365-P16.wptt,365,Train,365-P16
F:\PycharmProjects\DeepWriterID-v2\\data\raw\WPTT2.0-Train\365-P17.wptt,365,Test,365-P17
F:\PycharmProjects\DeepWriterID-v2\\data\raw\WPTT2.0-Train\365-P18.wptt,365,Train,365-P18
F:\PycharmProjects\DeepWriterID-v2\\data\raw\WPTT2.0-Train\365-P19.wptt,365,Train,365-P19
F:\PycharmProjects\DeepWriterID-v2\\data\raw\WPTT2.0-Train\365-P20.wptt,365,Train,365-P20
F:\PycharmProjects\DeepWriterID-v2\\data\raw\WPTT2.0-Train\349-P16.wptt,349,Train,349-P16
F:\PycharmProjects\DeepWriterID-v2\\data\raw\WPTT2.0-Train\349-P17.wptt,349,Train,349-P17
F:\PycharmProjects\DeepWriterID-v2\\data\raw\WPTT2.0-Train\349-P18.wptt,349,Train,349-P18
F:\PycharmProjects\DeepWriterID-v2\\data\raw\WPTT2.0-Train\349-P19.wptt,349,Train,349-P19
F:\PycharmProjects\DeepWriterID-v2\\data\raw\WPTT2.0-Train\349-P20.wptt,349,Test,349-P20
F:\PycharmProjects\DeepWriterID-v2\\data\raw\WPTT2.0-Train\366-P16.wptt,366,Train,366-P16
F:\PycharmProjects\DeepWriterID-v2\\data\raw\WPTT2.0-Train\366-P17.wptt,366,Train,366-P17
F:\PycharmProjects\DeepWriterID-v2\\data\raw\WPTT2.0-Train\366-P18.wptt,366,Test,366-P18
F:\PycharmProjects\DeepWriterID-v2\\data\raw\WPTT2.0-Train\366-P19.wptt,366,Train,366-P19
F:\PycharmProjects\DeepWriterID-v2\\data\raw\WPTT2.0-Train\366-P20.wptt,366,Train,366-P20
F:\PycharmProjects\DeepWriterID-v2\\data\raw\WPTT2.0-Train\350-P16.wptt,350,Train,350-P16
F:\PycharmProjects\DeepWriterID-v2\\data\raw\WPTT2.0-Train\350-P17.wptt,350,Test,350-P17
F:\PycharmProjects\DeepWriterID-v2\\data\raw\WPTT2.0-Train\350-P18.wptt,350,Train,350-P18
F:\PycharmProjects\DeepWriterID-v2\\data\raw\WPTT2.0-Train\350-P19.wptt,350,Train,350-P19
F:\PycharmProjects\DeepWriterID-v2\\data\raw\WPTT2.0-Train\350-P20.wptt,350,Train,350-P20
F:\PycharmProjects\DeepWriterID-v2\\data\raw\WPTT2.0-Train\367-P16.wptt,367,Train,367-P16
F:\PycharmProjects\DeepWriterID-v2\\data\raw\WPTT2.0-Train\367-P17.wptt,367,Test,367-P17
F:\PycharmProjects\DeepWriterID-v2\\data\raw\WPTT2.0-Train\367-P18.wptt,367,Train,367-P18
F:\PycharmProjects\DeepWriterID-v2\\data\raw\WPTT2.0-Train\367-P19.wptt,367,Train,367-P19
F:\PycharmProjects\DeepWriterID-v2\\data\raw\WPTT2.0-Train\367-P20.wptt,367,Train,367-P20
F:\PycharmProjects\DeepWriterID-v2\\data\raw\WPTT2.0-Train\352-P16.wptt,352,Train,352-P16
F:\PycharmProjects\DeepWriterID-v2\\data\raw\WPTT2.0-Train\352-P17.wptt,352,Train,352-P17
F:\PycharmProjects\DeepWriterID-v2\\data\raw\WPTT2.0-Train\352-P18.wptt,352,Test,352-P18
F:\PycharmProjects\DeepWriterID-v2\\data\raw\WPTT2.0-Train\352-P19.wptt,352,Train,352-P19
F:\PycharmProjects\DeepWriterID-v2\\data\raw\WPTT2.0-Train\352-P20.wptt,352,Train,352-P20
F:\PycharmProjects\DeepWriterID-v2\\data\raw\WPTT2.0-Train\368-P16.wptt,368,Train,368-P16
F:\PycharmProjects\DeepWriterID-v2\\data\raw\WPTT2.0-Train\368-P17.wptt,368,Train,368-P17
F:\PycharmProjects\DeepWriterID-v2\\data\raw\WPTT2.0-Train\368-P18.wptt,368,Train,368-P18
F:\PycharmProjects\DeepWriterID-v2\\data\raw\WPTT2.0-Train\368-P19.wptt,368,Train,368-P19
F:\PycharmProjects\DeepWriterID-v2\\data\raw\WPTT2.0-Train\368-P20.wptt,368,Test,368-P20
F:\PycharmProjects\DeepWriterID-v2\\data\raw\WPTT2.0-Train\353-P16.wptt,353,Train,353-P16
F:\PycharmProjects\DeepWriterID-v2\\data\raw\WPTT2.0-Train\353-P17.wptt,353,Train,353-P17
F:\PycharmProjects\DeepWriterID-v2\\data\raw\WPTT2.0-Train\353-P18.wptt,353,Train,353-P18
F:\PycharmProjects\DeepWriterID-v2\\data\raw\WPTT2.0-Train\353-P19.wptt,353,Test,353-P19
F:\PycharmProjects\DeepWriterID-v2\\data\raw\WPTT2.0-Train\353-P20.wptt,353,Train,353-P20
F:\PycharmProjects\DeepWriterID-v2\\data\raw\WPTT2.0-Train\369-P16.wptt,369,Train,369-P16
F:\PycharmProjects\DeepWriterID-v2\\data\raw\WPTT2.0-Train\369-P17.wptt,369,Train,369-P17
F:\PycharmProjects\DeepWriterID-v2\\data\raw\WPTT2.0-Train\369-P18.wptt,369,Train,369-P18
F:\PycharmProjects\DeepWriterID-v2\\data\raw\WPTT2.0-Train\369-P19.wptt,369,Train,369-P19
F:\PycharmProjects\DeepWriterID-v2\\data\raw\WPTT2.0-Train\369-P20.wptt,369,Test,369-P20
F:\PycharmProjects\DeepWriterID-v2\\data\raw\WPTT2.0-Train\354-P16.wptt,354,Train,354-P16
F:\PycharmProjects\DeepWriterID-v2\\data\raw\WPTT2.0-Train\354-P17.wptt,354,Test,354-P17
F:\PycharmProjects\DeepWriterID-v2\\data\raw\WPTT2.0-Train\354-P18.wptt,354,Train,354-P18
F:\PycharmProjects\DeepWriterID-v2\\data\raw\WPTT2.0-Train\354-P19.wptt,354,Train,354-P19
F:\PycharmProjects\DeepWriterID-v2\\data\raw\WPTT2.0-Train\354-P20.wptt,354,Train,354-P20
F:\PycharmProjects\DeepWriterID-v2\\data\raw\WPTT2.0-Train\370-P16.wptt,370,Test,370-P16
F:\PycharmProjects\DeepWriterID-v2\\data\raw\WPTT2.0-Train\370-P17.wptt,370,Train,370-P17
F:\PycharmProjects\DeepWriterID-v2\\data\raw\WPTT2.0-Train\370-P18.wptt,370,Train,370-P18
F:\PycharmProjects\DeepWriterID-v2\\data\raw\WPTT2.0-Train\370-P19.wptt,370,Train,370-P19
F:\PycharmProjects\DeepWriterID-v2\\data\raw\WPTT2.0-Train\370-P20.wptt,370,Train,370-P20
F:\PycharmProjects\DeepWriterID-v2\\data\raw\WPTT2.0-Train\409-P20.wptt,409,Test,409-P20
F:\PycharmProjects\DeepWriterID-v2\\data\raw\WPTT2.0-Train\409-P16.wptt,409,Train,409-P16
F:\PycharmProjects\DeepWriterID-v2\\data\raw\WPTT2.0-Train\409-P17.wptt,409,Train,409-P17
F:\PycharmProjects\DeepWriterID-v2\\data\raw\WPTT2.0-Train\409-P18.wptt,409,Train,409-P18
F:\PycharmProjects\DeepWriterID-v2\\data\raw\WPTT2.0-Train\409-P19.wptt,409,Train,409-P19
F:\PycharmProjects\DeepWriterID-v2\\data\raw\WPTT2.0-Train\390-P20.wptt,390,Train,390-P20
F:\PycharmProjects\DeepWriterID-v2\\data\raw\WPTT2.0-Train\390-P19.wptt,390,Train,390-P19
F:\PycharmProjects\DeepWriterID-v2\\data\raw\WPTT2.0-Train\390-P16.wptt,390,Test,390-P16
F:\PycharmProjects\DeepWriterID-v2\\data\raw\WPTT2.0-Train\390-P17.wptt,390,Train,390-P17
F:\PycharmProjects\DeepWriterID-v2\\data\raw\WPTT2.0-Train\390-P18.wptt,390,Train,390-P18
F:\PycharmProjects\DeepWriterID-v2\\data\raw\WPTT2.0-Train\392-P16.wptt,392,Train,392-P16
F:\PycharmProjects\DeepWriterID-v2\\data\raw\WPTT2.0-Train\392-P17.wptt,392,Test,392-P17
F:\PycharmProjects\DeepWriterID-v2\\data\raw\WPTT2.0-Train\392-P18.wptt,392,Train,392-P18
F:\PycharmProjects\DeepWriterID-v2\\data\raw\WPTT2.0-Train\392-P19.wptt,392,Train,392-P19
F:\PycharmProjects\DeepWriterID-v2\\data\raw\WPTT2.0-Train\392-P20.wptt,392,Train,392-P20
F:\PycharmProjects\DeepWriterID-v2\\data\raw\WPTT2.0-Train\373-P16.wptt,373,Train,373-P16
F:\PycharmProjects\DeepWriterID-v2\\data\raw\WPTT2.0-Train\373-P17.wptt,373,Train,373-P17
F:\PycharmProjects\DeepWriterID-v2\\data\raw\WPTT2.0-Train\373-P18.wptt,373,Train,373-P18
F:\PycharmProjects\DeepWriterID-v2\\data\raw\WPTT2.0-Train\373-P19.wptt,373,Test,373-P19
F:\PycharmProjects\DeepWriterID-v2\\data\raw\WPTT2.0-Train\373-P20.wptt,373,Train,373-P20
F:\PycharmProjects\DeepWriterID-v2\\data\raw\WPTT2.0-Train\393-P16.wptt,393,Train,393-P16
F:\PycharmProjects\DeepWriterID-v2\\data\raw\WPTT2.0-Train\393-P17.wptt,393,Train,393-P17
F:\PycharmProjects\DeepWriterID-v2\\data\raw\WPTT2.0-Train\393-P18.wptt,393,Test,393-P18
F:\PycharmProjects\DeepWriterID-v2\\data\raw\WPTT2.0-Train\393-P19.wptt,393,Train,393-P19
F:\PycharmProjects\DeepWriterID-v2\\data\raw\WPTT2.0-Train\393-P20.wptt,393,Train,393-P20
F:\PycharmProjects\DeepWriterID-v2\\data\raw\WPTT2.0-Train\374-P16.wptt,374,Test,374-P16
F:\PycharmProjects\DeepWriterID-v2\\data\raw\WPTT2.0-Train\374-P17.wptt,374,Train,374-P17
F:\PycharmProjects\DeepWriterID-v2\\data\raw\WPTT2.0-Train\374-P18.wptt,374,Train,374-P18
F:\PycharmProjects\DeepWriterID-v2\\data\raw\WPTT2.0-Train\374-P19.wptt,374,Train,374-P19
F:\PycharmProjects\DeepWriterID-v2\\data\raw\WPTT2.0-Train\374-P20.wptt,374,Train,374-P20
F:\PycharmProjects\DeepWriterID-v2\\data\raw\WPTT2.0-Train\395-P16.wptt,395,Train,395-P16
F:\PycharmProjects\DeepWriterID-v2\\data\raw\WPTT2.0-Train\395-P17.wptt,395,Test,395-P17
F:\PycharmProjects\DeepWriterID-v2\\data\raw\WPTT2.0-Train\395-P18.wptt,395,Train,395-P18
F:\PycharmProjects\DeepWriterID-v2\\data\raw\WPTT2.0-Train\395-P19.wptt,395,Train,395-P19
F:\PycharmProjects\DeepWriterID-v2\\data\raw\WPTT2.0-Train\395-P20.wptt,395,Train,395-P20
F:\PycharmProjects\DeepWriterID-v2\\data\raw\WPTT2.0-Train\375-P16.wptt,375,Train,375-P16
F:\PycharmProjects\DeepWriterID-v2\\data\raw\WPTT2.0-Train\375-P17.wptt,375,Train,375-P17
F:\PycharmProjects\DeepWriterID-v2\\data\raw\WPTT2.0-Train\375-P18.wptt,375,Test,375-P18
F:\PycharmProjects\DeepWriterID-v2\\data\raw\WPTT2.0-Train\375-P19.wptt,375,Train,375-P19
F:\PycharmProjects\DeepWriterID-v2\\data\raw\WPTT2.0-Train\375-P20.wptt,375,Train,375-P20
F:\PycharmProjects\DeepWriterID-v2\\data\raw\WPTT2.0-Train\397-P16.wptt,397,Test,397-P16
F:\PycharmProjects\DeepWriterID-v2\\data\raw\WPTT2.0-Train\397-P17.wptt,397,Train,397-P17
F:\PycharmProjects\DeepWriterID-v2\\data\raw\WPTT2.0-Train\397-P18.wptt,397,Train,397-P18
F:\PycharmProjects\DeepWriterID-v2\\data\raw\WPTT2.0-Train\397-P19.wptt,397,Train,397-P19
F:\PycharmProjects\DeepWriterID-v2\\data\raw\WPTT2.0-Train\397-P20.wptt,397,Train,397-P20
F:\PycharmProjects\DeepWriterID-v2\\data\raw\WPTT2.0-Train\378-P16.wptt,378,Test,378-P16
F:\PycharmProjects\DeepWriterID-v2\\data\raw\WPTT2.0-Train\378-P17.wptt,378,Train,378-P17
F:\PycharmProjects\DeepWriterID-v2\\data\raw\WPTT2.0-Train\378-P18.wptt,378,Train,378-P18
F:\PycharmProjects\DeepWriterID-v2\\data\raw\WPTT2.0-Train\378-P19.wptt,378,Train,378-P19
F:\PycharmProjects\DeepWriterID-v2\\data\raw\WPTT2.0-Train\378-P20.wptt,378,Train,378-P20
F:\PycharmProjects\DeepWriterID-v2\\data\raw\WPTT2.0-Train\399-P16.wptt,399,Train,399-P16
F:\PycharmProjects\DeepWriterID-v2\\data\raw\WPTT2.0-Train\399-P17.wptt,399,Train,399-P17
F:\PycharmProjects\DeepWriterID-v2\\data\raw\WPTT2.0-Train\399-P18.wptt,399,Train,399-P18
F:\PycharmProjects\DeepWriterID-v2\\data\raw\WPTT2.0-Train\399-P19.wptt,399,Test,399-P19
F:\PycharmProjects\DeepWriterID-v2\\data\raw\WPTT2.0-Train\399-P20.wptt,399,Train,399-P20
F:\PycharmProjects\DeepWriterID-v2\\data\raw\WPTT2.0-Train\379-P16.wptt,379,Train,379-P16
F:\PycharmProjects\DeepWriterID-v2\\data\raw\WPTT2.0-Train\379-P17.wptt,379,Train,379-P17
F:\PycharmProjects\DeepWriterID-v2\\data\raw\WPTT2.0-Train\379-P18.wptt,379,Train,379-P18
F:\PycharmProjects\DeepWriterID-v2\\data\raw\WPTT2.0-Train\379-P19.wptt,379,Test,379-P19
F:\PycharmProjects\DeepWriterID-v2\\data\raw\WPTT2.0-Train\379-P20.wptt,379,Train,379-P20
F:\PycharmProjects\DeepWriterID-v2\\data\raw\WPTT2.0-Train\401-P16.wptt,401,Train,401-P16
F:\PycharmProjects\DeepWriterID-v2\\data\raw\WPTT2.0-Train\401-P17.wptt,401,Train,401-P17
F:\PycharmProjects\DeepWriterID-v2\\data\raw\WPTT2.0-Train\401-P18.wptt,401,Train,401-P18
F:\PycharmProjects\DeepWriterID-v2\\data\raw\WPTT2.0-Train\401-P19.wptt,401,Test,401-P19
F:\PycharmProjects\DeepWriterID-v2\\data\raw\WPTT2.0-Train\401-P20.wptt,401,Train,401-P20
F:\PycharmProjects\DeepWriterID-v2\\data\raw\WPTT2.0-Train\380-P16.wptt,380,Train,380-P16
F:\PycharmProjects\DeepWriterID-v2\\data\raw\WPTT2.0-Train\380-P17.wptt,380,Train,380-P17
F:\PycharmProjects\DeepWriterID-v2\\data\raw\WPTT2.0-Train\380-P18.wptt,380,Test,380-P18
F:\PycharmProjects\DeepWriterID-v2\\data\raw\WPTT2.0-Train\380-P19.wptt,380,Train,380-P19
F:\PycharmProjects\DeepWriterID-v2\\data\raw\WPTT2.0-Train\380-P20.wptt,380,Train,380-P20
F:\PycharmProjects\DeepWriterID-v2\\data\raw\WPTT2.0-Train\402-P16.wptt,402,Train,402-P16
F:\PycharmProjects\DeepWriterID-v2\\data\raw\WPTT2.0-Train\402-P17.wptt,402,Train,402-P17
F:\PycharmProjects\DeepWriterID-v2\\data\raw\WPTT2.0-Train\402-P18.wptt,402,Test,402-P18
F:\PycharmProjects\DeepWriterID-v2\\data\raw\WPTT2.0-Train\402-P19.wptt,402,Train,402-P19
F:\PycharmProjects\DeepWriterID-v2\\data\raw\WPTT2.0-Train\402-P20.wptt,402,Train,402-P20
F:\PycharmProjects\DeepWriterID-v2\\data\raw\WPTT2.0-Train\381-P16.wptt,381,Test,381-P16
F:\PycharmProjects\DeepWriterID-v2\\data\raw\WPTT2.0-Train\381-P17.wptt,381,Train,381-P17
F:\PycharmProjects\DeepWriterID-v2\\data\raw\WPTT2.0-Train\381-P18.wptt,381,Train,381-P18
F:\PycharmProjects\DeepWriterID-v2\\data\raw\WPTT2.0-Train\381-P19.wptt,381,Train,381-P19
F:\PycharmProjects\DeepWriterID-v2\\data\raw\WPTT2.0-Train\381-P20.wptt,381,Train,381-P20
F:\PycharmProjects\DeepWriterID-v2\\data\raw\WPTT2.0-Train\403-P16.wptt,403,Train,403-P16
F:\PycharmProjects\DeepWriterID-v2\\data\raw\WPTT2.0-Train\403-P17.wptt,403,Train,403-P17
F:\PycharmProjects\DeepWriterID-v2\\data\raw\WPTT2.0-Train\403-P18.wptt,403,Train,403-P18
F:\PycharmProjects\DeepWriterID-v2\\data\raw\WPTT2.0-Train\403-P19.wptt,403,Train,403-P19
F:\PycharmProjects\DeepWriterID-v2\\data\raw\WPTT2.0-Train\403-P20.wptt,403,Test,403-P20
F:\PycharmProjects\DeepWriterID-v2\\data\raw\WPTT2.0-Train\383-P16.wptt,383,Train,383-P16
F:\PycharmProjects\DeepWriterID-v2\\data\raw\WPTT2.0-Train\383-P17.wptt,383,Train,383-P17
F:\PycharmProjects\DeepWriterID-v2\\data\raw\WPTT2.0-Train\383-P18.wptt,383,Train,383-P18
F:\PycharmProjects\DeepWriterID-v2\\data\raw\WPTT2.0-Train\383-P19.wptt,383,Test,383-P19
F:\PycharmProjects\DeepWriterID-v2\\data\raw\WPTT2.0-Train\383-P20.wptt,383,Train,383-P20
F:\PycharmProjects\DeepWriterID-v2\\data\raw\WPTT2.0-Train\404-P16.wptt,404,Train,404-P16
F:\PycharmProjects\DeepWriterID-v2\\data\raw\WPTT2.0-Train\404-P17.wptt,404,Test,404-P17
F:\PycharmProjects\DeepWriterID-v2\\data\raw\WPTT2.0-Train\404-P18.wptt,404,Train,404-P18
F:\PycharmProjects\DeepWriterID-v2\\data\raw\WPTT2.0-Train\404-P19.wptt,404,Train,404-P19
F:\PycharmProjects\DeepWriterID-v2\\data\raw\WPTT2.0-Train\404-P20.wptt,404,Train,404-P20
F:\PycharmProjects\DeepWriterID-v2\\data\raw\WPTT2.0-Train\384-P16.wptt,384,Test,384-P16
F:\PycharmProjects\DeepWriterID-v2\\data\raw\WPTT2.0-Train\384-P17.wptt,384,Train,384-P17
F:\PycharmProjects\DeepWriterID-v2\\data\raw\WPTT2.0-Train\384-P18.wptt,384,Train,384-P18
F:\PycharmProjects\DeepWriterID-v2\\data\raw\WPTT2.0-Train\384-P19.wptt,384,Train,384-P19
F:\PycharmProjects\DeepWriterID-v2\\data\raw\WPTT2.0-Train\384-P20.wptt,384,Train,384-P20
F:\PycharmProjects\DeepWriterID-v2\\data\raw\WPTT2.0-Train\405-P16.wptt,405,Train,405-P16
F:\PycharmProjects\DeepWriterID-v2\\data\raw\WPTT2.0-Train\405-P17.wptt,405,Test,405-P17
F:\PycharmProjects\DeepWriterID-v2\\data\raw\WPTT2.0-Train\405-P18.wptt,405,Train,405-P18
F:\PycharmProjects\DeepWriterID-v2\\data\raw\WPTT2.0-Train\405-P19.wptt,405,Train,405-P19
F:\PycharmProjects\DeepWriterID-v2\\data\raw\WPTT2.0-Train\405-P20.wptt,405,Train,405-P20
F:\PycharmProjects\DeepWriterID-v2\\data\raw\WPTT2.0-Train\385-P16.wptt,385,Train,385-P16
F:\PycharmProjects\DeepWriterID-v2\\data\raw\WPTT2.0-Train\385-P17.wptt,385,Train,385-P17
F:\PycharmProjects\DeepWriterID-v2\\data\raw\WPTT2.0-Train\385-P18.wptt,385,Train,385-P18
F:\PycharmProjects\DeepWriterID-v2\\data\raw\WPTT2.0-Train\385-P19.wptt,385,Test,385-P19
F:\PycharmProjects\DeepWriterID-v2\\data\raw\WPTT2.0-Train\385-P20.wptt,385,Train,385-P20
F:\PycharmProjects\DeepWriterID-v2\\data\raw\WPTT2.0-Train\406-P16.wptt,406,Train,406-P16
F:\PycharmProjects\DeepWriterID-v2\\data\raw\WPTT2.0-Train\406-P17.wptt,406,Test,406-P17
F:\PycharmProjects\DeepWriterID-v2\\data\raw\WPTT2.0-Train\406-P18.wptt,406,Train,406-P18
F:\PycharmProjects\DeepWriterID-v2\\data\raw\WPTT2.0-Train\406-P19.wptt,406,Train,406-P19
F:\PycharmProjects\DeepWriterID-v2\\data\raw\WPTT2.0-Train\406-P20.wptt,406,Train,406-P20
F:\PycharmProjects\DeepWriterID-v2\\data\raw\WPTT2.0-Train\387-P16.wptt,387,Train,387-P16
F:\PycharmProjects\DeepWriterID-v2\\data\raw\WPTT2.0-Train\387-P17.wptt,387,Train,387-P17
F:\PycharmProjects\DeepWriterID-v2\\data\raw\WPTT2.0-Train\387-P18.wptt,387,Train,387-P18
F:\PycharmProjects\DeepWriterID-v2\\data\raw\WPTT2.0-Train\387-P19.wptt,387,Train,387-P19
F:\PycharmProjects\DeepWriterID-v2\\data\raw\WPTT2.0-Train\387-P20.wptt,387,Test,387-P20
F:\PycharmProjects\DeepWriterID-v2\\data\raw\WPTT2.0-Train\407-P16.wptt,407,Train,407-P16
F:\PycharmProjects\DeepWriterID-v2\\data\raw\WPTT2.0-Train\407-P17.wptt,407,Train,407-P17
F:\PycharmProjects\DeepWriterID-v2\\data\raw\WPTT2.0-Train\407-P18.wptt,407,Train,407-P18
F:\PycharmProjects\DeepWriterID-v2\\data\raw\WPTT2.0-Train\407-P19.wptt,407,Test,407-P19
F:\PycharmProjects\DeepWriterID-v2\\data\raw\WPTT2.0-Train\407-P20.wptt,407,Train,407-P20
F:\PycharmProjects\DeepWriterID-v2\\data\raw\WPTT2.0-Train\388-P16.wptt,388,Train,388-P16
F:\PycharmProjects\DeepWriterID-v2\\data\raw\WPTT2.0-Train\388-P17.wptt,388,Train,388-P17
F:\PycharmProjects\DeepWriterID-v2\\data\raw\WPTT2.0-Train\388-P18.wptt,388,Test,388-P18
F:\PycharmProjects\DeepWriterID-v2\\data\raw\WPTT2.0-Train\388-P19.wptt,388,Train,388-P19
F:\PycharmProjects\DeepWriterID-v2\\data\raw\WPTT2.0-Train\388-P20.wptt,388,Train,388-P20
F:\PycharmProjects\DeepWriterID-v2\\data\raw\WPTT2.0-Train\408-P16.wptt,408,Train,408-P16
F:\PycharmProjects\DeepWriterID-v2\\data\raw\WPTT2.0-Train\408-P17.wptt,408,Train,408-P17
F:\PycharmProjects\DeepWriterID-v2\\data\raw\WPTT2.0-Train\408-P18.wptt,408,Test,408-P18
F:\PycharmProjects\DeepWriterID-v2\\data\raw\WPTT2.0-Train\408-P19.wptt,408,Train,408-P19
F:\PycharmProjects\DeepWriterID-v2\\data\raw\WPTT2.0-Train\408-P20.wptt,408,Train,408-P20
F:\PycharmProjects\DeepWriterID-v2\\data\raw\WPTT2.0-Train\389-P16.wptt,389,Train,389-P16
F:\PycharmProjects\DeepWriterID-v2\\data\raw\WPTT2.0-Train\389-P17.wptt,389,Train,389-P17
F:\PycharmProjects\DeepWriterID-v2\\data\raw\WPTT2.0-Train\389-P18.wptt,389,Test,389-P18
F:\PycharmProjects\DeepWriterID-v2\\data\raw\WPTT2.0-Train\389-P19.wptt,389,Train,389-P19
F:\PycharmProjects\DeepWriterID-v2\\data\raw\WPTT2.0-Train\389-P20.wptt,389,Train,389-P20
F:\PycharmProjects\DeepWriterID-v2\\data\raw\WPTT2.0-Train\411-P16.wptt,411,Test,411-P16
F:\PycharmProjects\DeepWriterID-v2\\data\raw\WPTT2.0-Train\411-P17.wptt,411,Train,411-P17
F:\PycharmProjects\DeepWriterID-v2\\data\raw\WPTT2.0-Train\411-P18.wptt,411,Train,411-P18
F:\PycharmProjects\DeepWriterID-v2\\data\raw\WPTT2.0-Train\411-P19.wptt,411,Train,411-P19
F:\PycharmProjects\DeepWriterID-v2\\data\raw\WPTT2.0-Train\411-P20.wptt,411,Train,411-P20
F:\PycharmProjects\DeepWriterID-v2\\data\raw\WPTT2.0-Train\412-P16.wptt,412,Test,412-P16
F:\PycharmProjects\DeepWriterID-v2\\data\raw\WPTT2.0-Train\412-P17.wptt,412,Train,412-P17
F:\PycharmProjects\DeepWriterID-v2\\data\raw\WPTT2.0-Train\412-P18.wptt,412,Train,412-P18
F:\PycharmProjects\DeepWriterID-v2\\data\raw\WPTT2.0-Train\412-P19.wptt,412,Train,412-P19
F:\PycharmProjects\DeepWriterID-v2\\data\raw\WPTT2.0-Train\412-P20.wptt,412,Train,412-P20
F:\PycharmProjects\DeepWriterID-v2\\data\raw\WPTT2.0-Train\413-P16.wptt,413,Train,413-P16
F:\PycharmProjects\DeepWriterID-v2\\data\raw\WPTT2.0-Train\413-P17.wptt,413,Train,413-P17
F:\PycharmProjects\DeepWriterID-v2\\data\raw\WPTT2.0-Train\413-P18.wptt,413,Train,413-P18
F:\PycharmProjects\DeepWriterID-v2\\data\raw\WPTT2.0-Train\413-P19.wptt,413,Test,413-P19
F:\PycharmProjects\DeepWriterID-v2\\data\raw\WPTT2.0-Train\413-P20.wptt,413,Train,413-P20
F:\PycharmProjects\DeepWriterID-v2\\data\raw\WPTT2.0-Train\414-P16.wptt,414,Train,414-P16
F:\PycharmProjects\DeepWriterID-v2\\data\raw\WPTT2.0-Train\414-P17.wptt,414,Train,414-P17
F:\PycharmProjects\DeepWriterID-v2\\data\raw\WPTT2.0-Train\414-P18.wptt,414,Train,414-P18
F:\PycharmProjects\DeepWriterID-v2\\data\raw\WPTT2.0-Train\414-P19.wptt,414,Train,414-P19
F:\PycharmProjects\DeepWriterID-v2\\data\raw\WPTT2.0-Train\414-P20.wptt,414,Test,414-P20
F:\PycharmProjects\DeepWriterID-v2\\data\raw\WPTT2.0-Train\415-P16.wptt,415,Train,415-P16
F:\PycharmProjects\DeepWriterID-v2\\data\raw\WPTT2.0-Train\415-P17.wptt,415,Test,415-P17
F:\PycharmProjects\DeepWriterID-v2\\data\raw\WPTT2.0-Train\415-P18.wptt,415,Train,415-P18
F:\PycharmProjects\DeepWriterID-v2\\data\raw\WPTT2.0-Train\415-P19.wptt,415,Train,415-P19
F:\PycharmProjects\DeepWriterID-v2\\data\raw\WPTT2.0-Train\415-P20.wptt,415,Train,415-P20
F:\PycharmProjects\DeepWriterID-v2\\data\raw\WPTT2.0-Train\416-P16.wptt,416,Test,416-P16
F:\PycharmProjects\DeepWriterID-v2\\data\raw\WPTT2.0-Train\416-P17.wptt,416,Train,416-P17
F:\PycharmProjects\DeepWriterID-v2\\data\raw\WPTT2.0-Train\416-P18.wptt,416,Train,416-P18
F:\PycharmProjects\DeepWriterID-v2\\data\raw\WPTT2.0-Train\416-P19.wptt,416,Train,416-P19
F:\PycharmProjects\DeepWriterID-v2\\data\raw\WPTT2.0-Train\416-P20.wptt,416,Train,416-P20
F:\PycharmProjects\DeepWriterID-v2\\data\raw\WPTT2.0-Train\417-P16.wptt,417,Train,417-P16
F:\PycharmProjects\DeepWriterID-v2\\data\raw\WPTT2.0-Train\417-P17.wptt,417,Train,417-P17
F:\PycharmProjects\DeepWriterID-v2\\data\raw\WPTT2.0-Train\417-P18.wptt,417,Train,417-P18
F:\PycharmProjects\DeepWriterID-v2\\data\raw\WPTT2.0-Train\417-P19.wptt,417,Test,417-P19
F:\PycharmProjects\DeepWriterID-v2\\data\raw\WPTT2.0-Train\417-P20.wptt,417,Train,417-P20
F:\PycharmProjects\DeepWriterID-v2\\data\raw\WPTT2.0-Train\418-P16.wptt,418,Test,418-P16
F:\PycharmProjects\DeepWriterID-v2\\data\raw\WPTT2.0-Train\418-P17.wptt,418,Train,418-P17
F:\PycharmProjects\DeepWriterID-v2\\data\raw\WPTT2.0-Train\418-P18.wptt,418,Train,418-P18
F:\PycharmProjects\DeepWriterID-v2\\data\raw\WPTT2.0-Train\418-P19.wptt,418,Train,418-P19
F:\PycharmProjects\DeepWriterID-v2\\data\raw\WPTT2.0-Train\418-P20.wptt,418,Train,418-P20
F:\PycharmProjects\DeepWriterID-v2\\data\raw\WPTT2.0-Train\420-P16.wptt,420,Train,420-P16
F:\PycharmProjects\DeepWriterID-v2\\data\raw\WPTT2.0-Train\420-P17.wptt,420,Train,420-P17
F:\PycharmProjects\DeepWriterID-v2\\data\raw\WPTT2.0-Train\420-P18.wptt,420,Train,420-P18
F:\PycharmProjects\DeepWriterID-v2\\data\raw\WPTT2.0-Train\420-P19.wptt,420,Test,420-P19
F:\PycharmProjects\DeepWriterID-v2\\data\raw\WPTT2.0-Train\420-P20.wptt,420,Train,420-P20
F:\PycharmProjects\DeepWriterID-v2\\data\raw\WPTT2.1-Train\1010-P20.wptt,1010,Train,1010-P20
F:\PycharmProjects\DeepWriterID-v2\\data\raw\WPTT2.1-Train\1010-P16.wptt,1010,Train,1010-P16
F:\PycharmProjects\DeepWriterID-v2\\data\raw\WPTT2.1-Train\1010-P17.wptt,1010,Train,1010-P17
F:\PycharmProjects\DeepWriterID-v2\\data\raw\WPTT2.1-Train\1010-P18.wptt,1010,Test,1010-P18
F:\PycharmProjects\DeepWriterID-v2\\data\raw\WPTT2.1-Train\1010-P19.wptt,1010,Train,1010-P19
F:\PycharmProjects\DeepWriterID-v2\\data\raw\WPTT2.1-Train\1001-P16.wptt,1001,Train,1001-P16
F:\PycharmProjects\DeepWriterID-v2\\data\raw\WPTT2.1-Train\1001-P17.wptt,1001,Train,1001-P17
F:\PycharmProjects\DeepWriterID-v2\\data\raw\WPTT2.1-Train\1001-P18.wptt,1001,Test,1001-P18
F:\PycharmProjects\DeepWriterID-v2\\data\raw\WPTT2.1-Train\1001-P19.wptt,1001,Train,1001-P19
F:\PycharmProjects\DeepWriterID-v2\\data\raw\WPTT2.1-Train\1001-P20.wptt,1001,Train,1001-P20
F:\PycharmProjects\DeepWriterID-v2\\data\raw\WPTT2.1-Train\1011-P17.wptt,1011,Train,1011-P17
F:\PycharmProjects\DeepWriterID-v2\\data\raw\WPTT2.1-Train\1011-P16.wptt,1011,Train,1011-P16
F:\PycharmProjects\DeepWriterID-v2\\data\raw\WPTT2.1-Train\1011-P18.wptt,1011,Test,1011-P18
F:\PycharmProjects\DeepWriterID-v2\\data\raw\WPTT2.1-Train\1011-P19.wptt,1011,Train,1011-P19
F:\PycharmProjects\DeepWriterID-v2\\data\raw\WPTT2.1-Train\1011-P20.wptt,1011,Train,1011-P20
F:\PycharmProjects\DeepWriterID-v2\\data\raw\WPTT2.1-Train\1002-P17.wptt,1002,Test,1002-P17
F:\PycharmProjects\DeepWriterID-v2\\data\raw\WPTT2.1-Train\1002-P18.wptt,1002,Train,1002-P18
F:\PycharmProjects\DeepWriterID-v2\\data\raw\WPTT2.1-Train\1002-P19.wptt,1002,Train,1002-P19
F:\PycharmProjects\DeepWriterID-v2\\data\raw\WPTT2.1-Train\1002-P20.wptt,1002,Train,1002-P20
F:\PycharmProjects\DeepWriterID-v2\\data\raw\WPTT2.1-Train\1002-P21.wptt,1002,Train,1002-P21
F:\PycharmProjects\DeepWriterID-v2\\data\raw\WPTT2.1-Train\1013-P17.wptt,1013,Train,1013-P17
F:\PycharmProjects\DeepWriterID-v2\\data\raw\WPTT2.1-Train\1013-P18.wptt,1013,Test,1013-P18
F:\PycharmProjects\DeepWriterID-v2\\data\raw\WPTT2.1-Train\1013-P19.wptt,1013,Train,1013-P19
F:\PycharmProjects\DeepWriterID-v2\\data\raw\WPTT2.1-Train\1013-P20.wptt,1013,Train,1013-P20
F:\PycharmProjects\DeepWriterID-v2\\data\raw\WPTT2.1-Train\1013-P16.wptt,1013,Train,1013-P16
F:\PycharmProjects\DeepWriterID-v2\\data\raw\WPTT2.1-Train\1014-P16.wptt,1014,Train,1014-P16
F:\PycharmProjects\DeepWriterID-v2\\data\raw\WPTT2.1-Train\1014-P17.wptt,1014,Train,1014-P17
F:\PycharmProjects\DeepWriterID-v2\\data\raw\WPTT2.1-Train\1014-P18.wptt,1014,Train,1014-P18
F:\PycharmProjects\DeepWriterID-v2\\data\raw\WPTT2.1-Train\1014-P19.wptt,1014,Train,1014-P19
F:\PycharmProjects\DeepWriterID-v2\\data\raw\WPTT2.1-Train\1014-P20.wptt,1014,Test,1014-P20
F:\PycharmProjects\DeepWriterID-v2\\data\raw\WPTT2.1-Train\1003-P16.wptt,1003,Train,1003-P16
F:\PycharmProjects\DeepWriterID-v2\\data\raw\WPTT2.1-Train\1003-P17.wptt,1003,Train,1003-P17
F:\PycharmProjects\DeepWriterID-v2\\data\raw\WPTT2.1-Train\1003-P18.wptt,1003,Train,1003-P18
F:\PycharmProjects\DeepWriterID-v2\\data\raw\WPTT2.1-Train\1003-P19.wptt,1003,Test,1003-P19
F:\PycharmProjects\DeepWriterID-v2\\data\raw\WPTT2.1-Train\1003-P20.wptt,1003,Train,1003-P20
F:\PycharmProjects\DeepWriterID-v2\\data\raw\WPTT2.1-Train\1015-P16.wptt,1015,Train,1015-P16
F:\PycharmProjects\DeepWriterID-v2\\data\raw\WPTT2.1-Train\1015-P17.wptt,1015,Test,1015-P17
F:\PycharmProjects\DeepWriterID-v2\\data\raw\WPTT2.1-Train\1015-P18.wptt,1015,Train,1015-P18
F:\PycharmProjects\DeepWriterID-v2\\data\raw\WPTT2.1-Train\1015-P19.wptt,1015,Train,1015-P19
F:\PycharmProjects\DeepWriterID-v2\\data\raw\WPTT2.1-Train\1015-P20.wptt,1015,Train,1015-P20
F:\PycharmProjects\DeepWriterID-v2\\data\raw\WPTT2.1-Train\1004-P16.wptt,1004,Train,1004-P16
F:\PycharmProjects\DeepWriterID-v2\\data\raw\WPTT2.1-Train\1004-P17.wptt,1004,Train,1004-P17
F:\PycharmProjects\DeepWriterID-v2\\data\raw\WPTT2.1-Train\1004-P18.wptt,1004,Train,1004-P18
F:\PycharmProjects\DeepWriterID-v2\\data\raw\WPTT2.1-Train\1004-P19.wptt,1004,Train,1004-P19
F:\PycharmProjects\DeepWriterID-v2\\data\raw\WPTT2.1-Train\1004-P20.wptt,1004,Test,1004-P20
F:\PycharmProjects\DeepWriterID-v2\\data\raw\WPTT2.1-Train\1016-P16.wptt,1016,Train,1016-P16
F:\PycharmProjects\DeepWriterID-v2\\data\raw\WPTT2.1-Train\1016-P17.wptt,1016,Train,1016-P17
F:\PycharmProjects\DeepWriterID-v2\\data\raw\WPTT2.1-Train\1016-P18.wptt,1016,Train,1016-P18
F:\PycharmProjects\DeepWriterID-v2\\data\raw\WPTT2.1-Train\1016-P19.wptt,1016,Test,1016-P19
F:\PycharmProjects\DeepWriterID-v2\\data\raw\WPTT2.1-Train\1016-P20.wptt,1016,Train,1016-P20
F:\PycharmProjects\DeepWriterID-v2\\data\raw\WPTT2.1-Train\1005-P16.wptt,1005,Train,1005-P16
F:\PycharmProjects\DeepWriterID-v2\\data\raw\WPTT2.1-Train\1005-P17.wptt,1005,Train,1005-P17
F:\PycharmProjects\DeepWriterID-v2\\data\raw\WPTT2.1-Train\1005-P18.wptt,1005,Train,1005-P18
F:\PycharmProjects\DeepWriterID-v2\\data\raw\WPTT2.1-Train\1005-P19.wptt,1005,Test,1005-P19
F:\PycharmProjects\DeepWriterID-v2\\data\raw\WPTT2.1-Train\1005-P20.wptt,1005,Train,1005-P20
F:\PycharmProjects\DeepWriterID-v2\\data\raw\WPTT2.1-Train\1017-P16.wptt,1017,Train,1017-P16
F:\PycharmProjects\DeepWriterID-v2\\data\raw\WPTT2.1-Train\1017-P17.wptt,1017,Train,1017-P17
F:\PycharmProjects\DeepWriterID-v2\\data\raw\WPTT2.1-Train\1017-P18.wptt,1017,Train,1017-P18
F:\PycharmProjects\DeepWriterID-v2\\data\raw\WPTT2.1-Train\1017-P19.wptt,1017,Test,1017-P19
F:\PycharmProjects\DeepWriterID-v2\\data\raw\WPTT2.1-Train\1017-P20.wptt,1017,Train,1017-P20
F:\PycharmProjects\DeepWriterID-v2\\data\raw\WPTT2.1-Train\1006-P16.wptt,1006,Train,1006-P16
F:\PycharmProjects\DeepWriterID-v2\\data\raw\WPTT2.1-Train\1006-P17.wptt,1006,Test,1006-P17
F:\PycharmProjects\DeepWriterID-v2\\data\raw\WPTT2.1-Train\1006-P18.wptt,1006,Train,1006-P18
F:\PycharmProjects\DeepWriterID-v2\\data\raw\WPTT2.1-Train\1006-P19.wptt,1006,Train,1006-P19
F:\PycharmProjects\DeepWriterID-v2\\data\raw\WPTT2.1-Train\1006-P20.wptt,1006,Train,1006-P20
F:\PycharmProjects\DeepWriterID-v2\\data\raw\WPTT2.1-Train\1018-P16.wptt,1018,Train,1018-P16
F:\PycharmProjects\DeepWriterID-v2\\data\raw\WPTT2.1-Train\1018-P17.wptt,1018,Train,1018-P17
F:\PycharmProjects\DeepWriterID-v2\\data\raw\WPTT2.1-Train\1018-P18.wptt,1018,Train,1018-P18
F:\PycharmProjects\DeepWriterID-v2\\data\raw\WPTT2.1-Train\1018-P19.wptt,1018,Test,1018-P19
F:\PycharmProjects\DeepWriterID-v2\\data\raw\WPTT2.1-Train\1018-P20.wptt,1018,Train,1018-P20
F:\PycharmProjects\DeepWriterID-v2\\data\raw\WPTT2.1-Train\1007-P16.wptt,1007,Train,1007-P16
F:\PycharmProjects\DeepWriterID-v2\\data\raw\WPTT2.1-Train\1007-P17.wptt,1007,Train,1007-P17
F:\PycharmProjects\DeepWriterID-v2\\data\raw\WPTT2.1-Train\1007-P18.wptt,1007,Test,1007-P18
F:\PycharmProjects\DeepWriterID-v2\\data\raw\WPTT2.1-Train\1007-P19.wptt,1007,Train,1007-P19
F:\PycharmProjects\DeepWriterID-v2\\data\raw\WPTT2.1-Train\1007-P20.wptt,1007,Train,1007-P20
F:\PycharmProjects\DeepWriterID-v2\\data\raw\WPTT2.1-Train\1019-P16.wptt,1019,Test,1019-P16
F:\PycharmProjects\DeepWriterID-v2\\data\raw\WPTT2.1-Train\1019-P17.wptt,1019,Train,1019-P17
F:\PycharmProjects\DeepWriterID-v2\\data\raw\WPTT2.1-Train\1019-P18.wptt,1019,Train,1019-P18
F:\PycharmProjects\DeepWriterID-v2\\data\raw\WPTT2.1-Train\1019-P19.wptt,1019,Train,1019-P19
F:\PycharmProjects\DeepWriterID-v2\\data\raw\WPTT2.1-Train\1019-P20.wptt,1019,Train,1019-P20
F:\PycharmProjects\DeepWriterID-v2\\data\raw\WPTT2.1-Train\1008-P16.wptt,1008,Test,1008-P16
F:\PycharmProjects\DeepWriterID-v2\\data\raw\WPTT2.1-Train\1008-P17.wptt,1008,Train,1008-P17
F:\PycharmProjects\DeepWriterID-v2\\data\raw\WPTT2.1-Train\1008-P18.wptt,1008,Train,1008-P18
F:\PycharmProjects\DeepWriterID-v2\\data\raw\WPTT2.1-Train\1008-P19.wptt,1008,Train,1008-P19
F:\PycharmProjects\DeepWriterID-v2\\data\raw\WPTT2.1-Train\1008-P20.wptt,1008,Train,1008-P20
F:\PycharmProjects\DeepWriterID-v2\\data\raw\WPTT2.1-Train\1020-P16.wptt,1020,Train,1020-P16
F:\PycharmProjects\DeepWriterID-v2\\data\raw\WPTT2.1-Train\1020-P17.wptt,1020,Train,1020-P17
F:\PycharmProjects\DeepWriterID-v2\\data\raw\WPTT2.1-Train\1020-P18.wptt,1020,Train,1020-P18
F:\PycharmProjects\DeepWriterID-v2\\data\raw\WPTT2.1-Train\1020-P19.wptt,1020,Test,1020-P19
F:\PycharmProjects\DeepWriterID-v2\\data\raw\WPTT2.1-Train\1020-P20.wptt,1020,Train,1020-P20
F:\PycharmProjects\DeepWriterID-v2\\data\raw\WPTT2.1-Train\1009-P16.wptt,1009,Train,1009-P16
F:\PycharmProjects\DeepWriterID-v2\\data\raw\WPTT2.1-Train\1009-P17.wptt,1009,Train,1009-P17
F:\PycharmProjects\DeepWriterID-v2\\data\raw\WPTT2.1-Train\1009-P18.wptt,1009,Train,1009-P18
F:\PycharmProjects\DeepWriterID-v2\\data\raw\WPTT2.1-Train\1009-P19.wptt,1009,Train,1009-P19
F:\PycharmProjects\DeepWriterID-v2\\data\raw\WPTT2.1-Train\1009-P20.wptt,1009,Test,1009-P20
F:\PycharmProjects\DeepWriterID-v2\\data\raw\WPTT2.1-Train\1021-P16.wptt,1021,Train,1021-P16
F:\PycharmProjects\DeepWriterID-v2\\data\raw\WPTT2.1-Train\1021-P17.wptt,1021,Train,1021-P17
F:\PycharmProjects\DeepWriterID-v2\\data\raw\WPTT2.1-Train\1021-P18.wptt,1021,Train,1021-P18
F:\PycharmProjects\DeepWriterID-v2\\data\raw\WPTT2.1-Train\1021-P19.wptt,1021,Train,1021-P19
F:\PycharmProjects\DeepWriterID-v2\\data\raw\WPTT2.1-Train\1021-P20.wptt,1021,Test,1021-P20
F:\PycharmProjects\DeepWriterID-v2\\data\raw\WPTT2.1-Train\1012-P16.wptt,1012,Test,1012-P16
F:\PycharmProjects\DeepWriterID-v2\\data\raw\WPTT2.1-Train\1012-P17.wptt,1012,Train,1012-P17
F:\PycharmProjects\DeepWriterID-v2\\data\raw\WPTT2.1-Train\1012-P18.wptt,1012,Train,1012-P18
F:\PycharmProjects\DeepWriterID-v2\\data\raw\WPTT2.1-Train\1012-P19.wptt,1012,Train,1012-P19
F:\PycharmProjects\DeepWriterID-v2\\data\raw\WPTT2.1-Train\1012-P20.wptt,1012,Train,1012-P20
F:\PycharmProjects\DeepWriterID-v2\\data\raw\WPTT2.1-Train\1022-P16.wptt,1022,Train,1022-P16
F:\PycharmProjects\DeepWriterID-v2\\data\raw\WPTT2.1-Train\1022-P17.wptt,1022,Train,1022-P17
F:\PycharmProjects\DeepWriterID-v2\\data\raw\WPTT2.1-Train\1022-P18.wptt,1022,Train,1022-P18
F:\PycharmProjects\DeepWriterID-v2\\data\raw\WPTT2.1-Train\1022-P19.wptt,1022,Test,1022-P19
F:\PycharmProjects\DeepWriterID-v2\\data\raw\WPTT2.1-Train\1022-P20.wptt,1022,Train,1022-P20
F:\PycharmProjects\DeepWriterID-v2\\data\raw\WPTT2.1-Train\1121-P16.wptt,1121,Train,1121-P16
F:\PycharmProjects\DeepWriterID-v2\\data\raw\WPTT2.1-Train\1121-P17.wptt,1121,Train,1121-P17
F:\PycharmProjects\DeepWriterID-v2\\data\raw\WPTT2.1-Train\1121-P18.wptt,1121,Train,1121-P18
F:\PycharmProjects\DeepWriterID-v2\\data\raw\WPTT2.1-Train\1121-P19.wptt,1121,Train,1121-P19
F:\PycharmProjects\DeepWriterID-v2\\data\raw\WPTT2.1-Train\1121-P20.wptt,1121,Test,1121-P20
F:\PycharmProjects\DeepWriterID-v2\\data\raw\WPTT2.1-Train\1023-P16.wptt,1023,Train,1023-P16
F:\PycharmProjects\DeepWriterID-v2\\data\raw\WPTT2.1-Train\1023-P17.wptt,1023,Train,1023-P17
F:\PycharmProjects\DeepWriterID-v2\\data\raw\WPTT2.1-Train\1023-P18.wptt,1023,Train,1023-P18
F:\PycharmProjects\DeepWriterID-v2\\data\raw\WPTT2.1-Train\1023-P19.wptt,1023,Test,1023-P19
F:\PycharmProjects\DeepWriterID-v2\\data\raw\WPTT2.1-Train\1023-P20.wptt,1023,Train,1023-P20
F:\PycharmProjects\DeepWriterID-v2\\data\raw\WPTT2.1-Train\1024-P16.wptt,1024,Train,1024-P16
F:\PycharmProjects\DeepWriterID-v2\\data\raw\WPTT2.1-Train\1024-P17.wptt,1024,Test,1024-P17
F:\PycharmProjects\DeepWriterID-v2\\data\raw\WPTT2.1-Train\1024-P18.wptt,1024,Train,1024-P18
F:\PycharmProjects\DeepWriterID-v2\\data\raw\WPTT2.1-Train\1024-P19.wptt,1024,Train,1024-P19
F:\PycharmProjects\DeepWriterID-v2\\data\raw\WPTT2.1-Train\1024-P20.wptt,1024,Train,1024-P20
F:\PycharmProjects\DeepWriterID-v2\\data\raw\WPTT2.1-Train\1025-P16.wptt,1025,Train,1025-P16
F:\PycharmProjects\DeepWriterID-v2\\data\raw\WPTT2.1-Train\1025-P17.wptt,1025,Train,1025-P17
F:\PycharmProjects\DeepWriterID-v2\\data\raw\WPTT2.1-Train\1025-P18.wptt,1025,Train,1025-P18
F:\PycharmProjects\DeepWriterID-v2\\data\raw\WPTT2.1-Train\1025-P19.wptt,1025,Train,1025-P19
F:\PycharmProjects\DeepWriterID-v2\\data\raw\WPTT2.1-Train\1025-P20.wptt,1025,Test,1025-P20
F:\PycharmProjects\DeepWriterID-v2\\data\raw\WPTT2.1-Train\1026-P16.wptt,1026,Train,1026-P16
F:\PycharmProjects\DeepWriterID-v2\\data\raw\WPTT2.1-Train\1026-P17.wptt,1026,Test,1026-P17
F:\PycharmProjects\DeepWriterID-v2\\data\raw\WPTT2.1-Train\1026-P18.wptt,1026,Train,1026-P18
F:\PycharmProjects\DeepWriterID-v2\\data\raw\WPTT2.1-Train\1026-P19.wptt,1026,Train,1026-P19
F:\PycharmProjects\DeepWriterID-v2\\data\raw\WPTT2.1-Train\1026-P20.wptt,1026,Train,1026-P20
F:\PycharmProjects\DeepWriterID-v2\\data\raw\WPTT2.1-Train\1027-P16.wptt,1027,Test,1027-P16
F:\PycharmProjects\DeepWriterID-v2\\data\raw\WPTT2.1-Train\1027-P17.wptt,1027,Train,1027-P17
F:\PycharmProjects\DeepWriterID-v2\\data\raw\WPTT2.1-Train\1027-P18.wptt,1027,Train,1027-P18
F:\PycharmProjects\DeepWriterID-v2\\data\raw\WPTT2.1-Train\1027-P19.wptt,1027,Train,1027-P19
F:\PycharmProjects\DeepWriterID-v2\\data\raw\WPTT2.1-Train\1027-P20.wptt,1027,Train,1027-P20
F:\PycharmProjects\DeepWriterID-v2\\data\raw\WPTT2.1-Train\1028-P16.wptt,1028,Train,1028-P16
F:\PycharmProjects\DeepWriterID-v2\\data\raw\WPTT2.1-Train\1028-P17.wptt,1028,Train,1028-P17
F:\PycharmProjects\DeepWriterID-v2\\data\raw\WPTT2.1-Train\1028-P18.wptt,1028,Test,1028-P18
F:\PycharmProjects\DeepWriterID-v2\\data\raw\WPTT2.1-Train\1028-P19.wptt,1028,Train,1028-P19
F:\PycharmProjects\DeepWriterID-v2\\data\raw\WPTT2.1-Train\1028-P20.wptt,1028,Train,1028-P20
F:\PycharmProjects\DeepWriterID-v2\\data\raw\WPTT2.1-Train\1029-P16.wptt,1029,Train,1029-P16
F:\PycharmProjects\DeepWriterID-v2\\data\raw\WPTT2.1-Train\1029-P17.wptt,1029,Train,1029-P17
F:\PycharmProjects\DeepWriterID-v2\\data\raw\WPTT2.1-Train\1029-P18.wptt,1029,Train,1029-P18
F:\PycharmProjects\DeepWriterID-v2\\data\raw\WPTT2.1-Train\1029-P19.wptt,1029,Train,1029-P19
F:\PycharmProjects\DeepWriterID-v2\\data\raw\WPTT2.1-Train\1029-P20.wptt,1029,Test,1029-P20
F:\PycharmProjects\DeepWriterID-v2\\data\raw\WPTT2.1-Train\1030-P16.wptt,1030,Train,1030-P16
F:\PycharmProjects\DeepWriterID-v2\\data\raw\WPTT2.1-Train\1030-P17.wptt,1030,Test,1030-P17
F:\PycharmProjects\DeepWriterID-v2\\data\raw\WPTT2.1-Train\1030-P18.wptt,1030,Train,1030-P18
F:\PycharmProjects\DeepWriterID-v2\\data\raw\WPTT2.1-Train\1030-P19.wptt,1030,Train,1030-P19
F:\PycharmProjects\DeepWriterID-v2\\data\raw\WPTT2.1-Train\1030-P20.wptt,1030,Train,1030-P20
F:\PycharmProjects\DeepWriterID-v2\\data\raw\WPTT2.1-Train\1031-P16.wptt,1031,Test,1031-P16
F:\PycharmProjects\DeepWriterID-v2\\data\raw\WPTT2.1-Train\1031-P17.wptt,1031,Train,1031-P17
F:\PycharmProjects\DeepWriterID-v2\\data\raw\WPTT2.1-Train\1031-P18.wptt,1031,Train,1031-P18
F:\PycharmProjects\DeepWriterID-v2\\data\raw\WPTT2.1-Train\1031-P19.wptt,1031,Train,1031-P19
F:\PycharmProjects\DeepWriterID-v2\\data\raw\WPTT2.1-Train\1031-P20.wptt,1031,Train,1031-P20
F:\PycharmProjects\DeepWriterID-v2\\data\raw\WPTT2.1-Train\1032-P16.wptt,1032,Train,1032-P16
F:\PycharmProjects\DeepWriterID-v2\\data\raw\WPTT2.1-Train\1032-P17.wptt,1032,Train,1032-P17
F:\PycharmProjects\DeepWriterID-v2\\data\raw\WPTT2.1-Train\1032-P18.wptt,1032,Test,1032-P18
F:\PycharmProjects\DeepWriterID-v2\\data\raw\WPTT2.1-Train\1032-P19.wptt,1032,Train,1032-P19
F:\PycharmProjects\DeepWriterID-v2\\data\raw\WPTT2.1-Train\1032-P20.wptt,1032,Train,1032-P20
F:\PycharmProjects\DeepWriterID-v2\\data\raw\WPTT2.1-Train\1033-P16.wptt,1033,Train,1033-P16
F:\PycharmProjects\DeepWriterID-v2\\data\raw\WPTT2.1-Train\1033-P17.wptt,1033,Train,1033-P17
F:\PycharmProjects\DeepWriterID-v2\\data\raw\WPTT2.1-Train\1033-P18.wptt,1033,Test,1033-P18
F:\PycharmProjects\DeepWriterID-v2\\data\raw\WPTT2.1-Train\1033-P19.wptt,1033,Train,1033-P19
F:\PycharmProjects\DeepWriterID-v2\\data\raw\WPTT2.1-Train\1033-P20.wptt,1033,Train,1033-P20
F:\PycharmProjects\DeepWriterID-v2\\data\raw\WPTT2.1-Train\1034-P16.wptt,1034,Train,1034-P16
F:\PycharmProjects\DeepWriterID-v2\\data\raw\WPTT2.1-Train\1034-P17.wptt,1034,Train,1034-P17
F:\PycharmProjects\DeepWriterID-v2\\data\raw\WPTT2.1-Train\1034-P18.wptt,1034,Train,1034-P18
F:\PycharmProjects\DeepWriterID-v2\\data\raw\WPTT2.1-Train\1034-P19.wptt,1034,Test,1034-P19
F:\PycharmProjects\DeepWriterID-v2\\data\raw\WPTT2.1-Train\1034-P20.wptt,1034,Train,1034-P20
F:\PycharmProjects\DeepWriterID-v2\\data\raw\WPTT2.1-Train\1035-P16.wptt,1035,Train,1035-P16
F:\PycharmProjects\DeepWriterID-v2\\data\raw\WPTT2.1-Train\1035-P17.wptt,1035,Train,1035-P17
F:\PycharmProjects\DeepWriterID-v2\\data\raw\WPTT2.1-Train\1035-P18.wptt,1035,Train,1035-P18
F:\PycharmProjects\DeepWriterID-v2\\data\raw\WPTT2.1-Train\1035-P19.wptt,1035,Test,1035-P19
F:\PycharmProjects\DeepWriterID-v2\\data\raw\WPTT2.1-Train\1035-P20.wptt,1035,Train,1035-P20
F:\PycharmProjects\DeepWriterID-v2\\data\raw\WPTT2.1-Train\1036-P16.wptt,1036,Test,1036-P16
F:\PycharmProjects\DeepWriterID-v2\\data\raw\WPTT2.1-Train\1036-P17.wptt,1036,Train,1036-P17
F:\PycharmProjects\DeepWriterID-v2\\data\raw\WPTT2.1-Train\1036-P18.wptt,1036,Train,1036-P18
F:\PycharmProjects\DeepWriterID-v2\\data\raw\WPTT2.1-Train\1036-P19.wptt,1036,Train,1036-P19
F:\PycharmProjects\DeepWriterID-v2\\data\raw\WPTT2.1-Train\1036-P20.wptt,1036,Train,1036-P20
F:\PycharmProjects\DeepWriterID-v2\\data\raw\WPTT2.1-Train\1037-P16.wptt,1037,Train,1037-P16
F:\PycharmProjects\DeepWriterID-v2\\data\raw\WPTT2.1-Train\1037-P17.wptt,1037,Test,1037-P17
F:\PycharmProjects\DeepWriterID-v2\\data\raw\WPTT2.1-Train\1037-P18.wptt,1037,Train,1037-P18
F:\PycharmProjects\DeepWriterID-v2\\data\raw\WPTT2.1-Train\1037-P19.wptt,1037,Train,1037-P19
F:\PycharmProjects\DeepWriterID-v2\\data\raw\WPTT2.1-Train\1037-P20.wptt,1037,Train,1037-P20
F:\PycharmProjects\DeepWriterID-v2\\data\raw\WPTT2.1-Train\1038-P16.wptt,1038,Test,1038-P16
F:\PycharmProjects\DeepWriterID-v2\\data\raw\WPTT2.1-Train\1038-P17.wptt,1038,Train,1038-P17
F:\PycharmProjects\DeepWriterID-v2\\data\raw\WPTT2.1-Train\1038-P18.wptt,1038,Train,1038-P18
F:\PycharmProjects\DeepWriterID-v2\\data\raw\WPTT2.1-Train\1038-P19.wptt,1038,Train,1038-P19
F:\PycharmProjects\DeepWriterID-v2\\data\raw\WPTT2.1-Train\1038-P20.wptt,1038,Train,1038-P20
F:\PycharmProjects\DeepWriterID-v2\\data\raw\WPTT2.1-Train\1039-P16.wptt,1039,Train,1039-P16
F:\PycharmProjects\DeepWriterID-v2\\data\raw\WPTT2.1-Train\1039-P17.wptt,1039,Test,1039-P17
F:\PycharmProjects\DeepWriterID-v2\\data\raw\WPTT2.1-Train\1039-P18.wptt,1039,Train,1039-P18
F:\PycharmProjects\DeepWriterID-v2\\data\raw\WPTT2.1-Train\1039-P19.wptt,1039,Train,1039-P19
F:\PycharmProjects\DeepWriterID-v2\\data\raw\WPTT2.1-Train\1039-P20.wptt,1039,Train,1039-P20
F:\PycharmProjects\DeepWriterID-v2\\data\raw\WPTT2.1-Train\1040-P16.wptt,1040,Test,1040-P16
F:\PycharmProjects\DeepWriterID-v2\\data\raw\WPTT2.1-Train\1040-P17.wptt,1040,Train,1040-P17
F:\PycharmProjects\DeepWriterID-v2\\data\raw\WPTT2.1-Train\1040-P18.wptt,1040,Train,1040-P18
F:\PycharmProjects\DeepWriterID-v2\\data\raw\WPTT2.1-Train\1040-P19.wptt,1040,Train,1040-P19
F:\PycharmProjects\DeepWriterID-v2\\data\raw\WPTT2.1-Train\1040-P20.wptt,1040,Train,1040-P20
F:\PycharmProjects\DeepWriterID-v2\\data\raw\WPTT2.1-Train\1041-P16.wptt,1041,Test,1041-P16
F:\PycharmProjects\DeepWriterID-v2\\data\raw\WPTT2.1-Train\1041-P17.wptt,1041,Train,1041-P17
F:\PycharmProjects\DeepWriterID-v2\\data\raw\WPTT2.1-Train\1041-P18.wptt,1041,Train,1041-P18
F:\PycharmProjects\DeepWriterID-v2\\data\raw\WPTT2.1-Train\1041-P19.wptt,1041,Train,1041-P19
F:\PycharmProjects\DeepWriterID-v2\\data\raw\WPTT2.1-Train\1041-P20.wptt,1041,Train,1041-P20
F:\PycharmProjects\DeepWriterID-v2\\data\raw\WPTT2.1-Train\1042-P16.wptt,1042,Train,1042-P16
F:\PycharmProjects\DeepWriterID-v2\\data\raw\WPTT2.1-Train\1042-P17.wptt,1042,Train,1042-P17
F:\PycharmProjects\DeepWriterID-v2\\data\raw\WPTT2.1-Train\1042-P18.wptt,1042,Test,1042-P18
F:\PycharmProjects\DeepWriterID-v2\\data\raw\WPTT2.1-Train\1042-P19.wptt,1042,Train,1042-P19
F:\PycharmProjects\DeepWriterID-v2\\data\raw\WPTT2.1-Train\1042-P20.wptt,1042,Train,1042-P20
F:\PycharmProjects\DeepWriterID-v2\\data\raw\WPTT2.1-Train\1043-P16.wptt,1043,Train,1043-P16
F:\PycharmProjects\DeepWriterID-v2\\data\raw\WPTT2.1-Train\1043-P17.wptt,1043,Train,1043-P17
F:\PycharmProjects\DeepWriterID-v2\\data\raw\WPTT2.1-Train\1043-P18.wptt,1043,Test,1043-P18
F:\PycharmProjects\DeepWriterID-v2\\data\raw\WPTT2.1-Train\1043-P19.wptt,1043,Train,1043-P19
F:\PycharmProjects\DeepWriterID-v2\\data\raw\WPTT2.1-Train\1043-P20.wptt,1043,Train,1043-P20
F:\PycharmProjects\DeepWriterID-v2\\data\raw\WPTT2.1-Train\1044-P16.wptt,1044,Train,1044-P16
F:\PycharmProjects\DeepWriterID-v2\\data\raw\WPTT2.1-Train\1044-P17.wptt,1044,Train,1044-P17
F:\PycharmProjects\DeepWriterID-v2\\data\raw\WPTT2.1-Train\1044-P18.wptt,1044,Train,1044-P18
F:\PycharmProjects\DeepWriterID-v2\\data\raw\WPTT2.1-Train\1044-P19.wptt,1044,Train,1044-P19
F:\PycharmProjects\DeepWriterID-v2\\data\raw\WPTT2.1-Train\1044-P20.wptt,1044,Test,1044-P20
F:\PycharmProjects\DeepWriterID-v2\\data\raw\WPTT2.1-Train\1045-P16.wptt,1045,Test,1045-P16
F:\PycharmProjects\DeepWriterID-v2\\data\raw\WPTT2.1-Train\1045-P17.wptt,1045,Train,1045-P17
F:\PycharmProjects\DeepWriterID-v2\\data\raw\WPTT2.1-Train\1045-P18.wptt,1045,Train,1045-P18
F:\PycharmProjects\DeepWriterID-v2\\data\raw\WPTT2.1-Train\1045-P19.wptt,1045,Train,1045-P19
F:\PycharmProjects\DeepWriterID-v2\\data\raw\WPTT2.1-Train\1045-P20.wptt,1045,Train,1045-P20
F:\PycharmProjects\DeepWriterID-v2\\data\raw\WPTT2.1-Train\1046-P16.wptt,1046,Train,1046-P16
F:\PycharmProjects\DeepWriterID-v2\\data\raw\WPTT2.1-Train\1046-P17.wptt,1046,Train,1046-P17
F:\PycharmProjects\DeepWriterID-v2\\data\raw\WPTT2.1-Train\1046-P18.wptt,1046,Train,1046-P18
F:\PycharmProjects\DeepWriterID-v2\\data\raw\WPTT2.1-Train\1046-P19.wptt,1046,Train,1046-P19
F:\PycharmProjects\DeepWriterID-v2\\data\raw\WPTT2.1-Train\1046-P20.wptt,1046,Test,1046-P20
F:\PycharmProjects\DeepWriterID-v2\\data\raw\WPTT2.1-Train\1047-P16.wptt,1047,Train,1047-P16
F:\PycharmProjects\DeepWriterID-v2\\data\raw\WPTT2.1-Train\1047-P17.wptt,1047,Train,1047-P17
F:\PycharmProjects\DeepWriterID-v2\\data\raw\WPTT2.1-Train\1047-P18.wptt,1047,Test,1047-P18
F:\PycharmProjects\DeepWriterID-v2\\data\raw\WPTT2.1-Train\1047-P19.wptt,1047,Train,1047-P19
F:\PycharmProjects\DeepWriterID-v2\\data\raw\WPTT2.1-Train\1047-P20.wptt,1047,Train,1047-P20
F:\PycharmProjects\DeepWriterID-v2\\data\raw\WPTT2.1-Train\1048-P16.wptt,1048,Test,1048-P16
F:\PycharmProjects\DeepWriterID-v2\\data\raw\WPTT2.1-Train\1048-P17.wptt,1048,Train,1048-P17
F:\PycharmProjects\DeepWriterID-v2\\data\raw\WPTT2.1-Train\1048-P18.wptt,1048,Train,1048-P18
F:\PycharmProjects\DeepWriterID-v2\\data\raw\WPTT2.1-Train\1048-P19.wptt,1048,Train,1048-P19
F:\PycharmProjects\DeepWriterID-v2\\data\raw\WPTT2.1-Train\1048-P20.wptt,1048,Train,1048-P20
F:\PycharmProjects\DeepWriterID-v2\\data\raw\WPTT2.1-Train\1049-P16.wptt,1049,Test,1049-P16
F:\PycharmProjects\DeepWriterID-v2\\data\raw\WPTT2.1-Train\1049-P17.wptt,1049,Train,1049-P17
F:\PycharmProjects\DeepWriterID-v2\\data\raw\WPTT2.1-Train\1049-P18.wptt,1049,Train,1049-P18
F:\PycharmProjects\DeepWriterID-v2\\data\raw\WPTT2.1-Train\1049-P19.wptt,1049,Train,1049-P19
F:\PycharmProjects\DeepWriterID-v2\\data\raw\WPTT2.1-Train\1049-P20.wptt,1049,Train,1049-P20
F:\PycharmProjects\DeepWriterID-v2\\data\raw\WPTT2.1-Train\1050-P16.wptt,1050,Train,1050-P16
F:\PycharmProjects\DeepWriterID-v2\\data\raw\WPTT2.1-Train\1050-P17.wptt,1050,Train,1050-P17
F:\PycharmProjects\DeepWriterID-v2\\data\raw\WPTT2.1-Train\1050-P18.wptt,1050,Train,1050-P18
F:\PycharmProjects\DeepWriterID-v2\\data\raw\WPTT2.1-Train\1050-P19.wptt,1050,Train,1050-P19
F:\PycharmProjects\DeepWriterID-v2\\data\raw\WPTT2.1-Train\1050-P20.wptt,1050,Test,1050-P20
F:\PycharmProjects\DeepWriterID-v2\\data\raw\WPTT2.1-Train\1051-P16.wptt,1051,Train,1051-P16
F:\PycharmProjects\DeepWriterID-v2\\data\raw\WPTT2.1-Train\1051-P17.wptt,1051,Train,1051-P17
F:\PycharmProjects\DeepWriterID-v2\\data\raw\WPTT2.1-Train\1051-P18.wptt,1051,Train,1051-P18
F:\PycharmProjects\DeepWriterID-v2\\data\raw\WPTT2.1-Train\1051-P19.wptt,1051,Test,1051-P19
F:\PycharmProjects\DeepWriterID-v2\\data\raw\WPTT2.1-Train\1051-P20.wptt,1051,Train,1051-P20
F:\PycharmProjects\DeepWriterID-v2\\data\raw\WPTT2.1-Train\1052-P16.wptt,1052,Train,1052-P16
F:\PycharmProjects\DeepWriterID-v2\\data\raw\WPTT2.1-Train\1052-P17.wptt,1052,Train,1052-P17
F:\PycharmProjects\DeepWriterID-v2\\data\raw\WPTT2.1-Train\1052-P18.wptt,1052,Train,1052-P18
F:\PycharmProjects\DeepWriterID-v2\\data\raw\WPTT2.1-Train\1052-P19.wptt,1052,Train,1052-P19
F:\PycharmProjects\DeepWriterID-v2\\data\raw\WPTT2.1-Train\1052-P20.wptt,1052,Test,1052-P20
F:\PycharmProjects\DeepWriterID-v2\\data\raw\WPTT2.1-Train\1053-P16.wptt,1053,Train,1053-P16
F:\PycharmProjects\DeepWriterID-v2\\data\raw\WPTT2.1-Train\1053-P17.wptt,1053,Train,1053-P17
F:\PycharmProjects\DeepWriterID-v2\\data\raw\WPTT2.1-Train\1053-P18.wptt,1053,Train,1053-P18
F:\PycharmProjects\DeepWriterID-v2\\data\raw\WPTT2.1-Train\1053-P19.wptt,1053,Train,1053-P19
F:\PycharmProjects\DeepWriterID-v2\\data\raw\WPTT2.1-Train\1053-P20.wptt,1053,Test,1053-P20
F:\PycharmProjects\DeepWriterID-v2\\data\raw\WPTT2.1-Train\1054-P16.wptt,1054,Train,1054-P16
F:\PycharmProjects\DeepWriterID-v2\\data\raw\WPTT2.1-Train\1054-P17.wptt,1054,Train,1054-P17
F:\PycharmProjects\DeepWriterID-v2\\data\raw\WPTT2.1-Train\1054-P18.wptt,1054,Train,1054-P18
F:\PycharmProjects\DeepWriterID-v2\\data\raw\WPTT2.1-Train\1054-P19.wptt,1054,Test,1054-P19
F:\PycharmProjects\DeepWriterID-v2\\data\raw\WPTT2.1-Train\1054-P20.wptt,1054,Train,1054-P20
F:\PycharmProjects\DeepWriterID-v2\\data\raw\WPTT2.1-Train\1055-P16.wptt,1055,Train,1055-P16
F:\PycharmProjects\DeepWriterID-v2\\data\raw\WPTT2.1-Train\1055-P17.wptt,1055,Test,1055-P17
F:\PycharmProjects\DeepWriterID-v2\\data\raw\WPTT2.1-Train\1055-P18.wptt,1055,Train,1055-P18
F:\PycharmProjects\DeepWriterID-v2\\data\raw\WPTT2.1-Train\1055-P19.wptt,1055,Train,1055-P19
F:\PycharmProjects\DeepWriterID-v2\\data\raw\WPTT2.1-Train\1055-P20.wptt,1055,Train,1055-P20
F:\PycharmProjects\DeepWriterID-v2\\data\raw\WPTT2.1-Train\1056-P16.wptt,1056,Train,1056-P16
F:\PycharmProjects\DeepWriterID-v2\\data\raw\WPTT2.1-Train\1056-P17.wptt,1056,Train,1056-P17
F:\PycharmProjects\DeepWriterID-v2\\data\raw\WPTT2.1-Train\1056-P18.wptt,1056,Train,1056-P18
F:\PycharmProjects\DeepWriterID-v2\\data\raw\WPTT2.1-Train\1056-P19.wptt,1056,Test,1056-P19
F:\PycharmProjects\DeepWriterID-v2\\data\raw\WPTT2.1-Train\1056-P20.wptt,1056,Train,1056-P20
F:\PycharmProjects\DeepWriterID-v2\\data\raw\WPTT2.1-Train\1057-P16.wptt,1057,Test,1057-P16
F:\PycharmProjects\DeepWriterID-v2\\data\raw\WPTT2.1-Train\1057-P17.wptt,1057,Train,1057-P17
F:\PycharmProjects\DeepWriterID-v2\\data\raw\WPTT2.1-Train\1057-P18.wptt,1057,Train,1057-P18
F:\PycharmProjects\DeepWriterID-v2\\data\raw\WPTT2.1-Train\1057-P19.wptt,1057,Train,1057-P19
F:\PycharmProjects\DeepWriterID-v2\\data\raw\WPTT2.1-Train\1057-P20.wptt,1057,Train,1057-P20
F:\PycharmProjects\DeepWriterID-v2\\data\raw\WPTT2.1-Train\1058-P16.wptt,1058,Train,1058-P16
F:\PycharmProjects\DeepWriterID-v2\\data\raw\WPTT2.1-Train\1058-P17.wptt,1058,Train,1058-P17
F:\PycharmProjects\DeepWriterID-v2\\data\raw\WPTT2.1-Train\1058-P18.wptt,1058,Train,1058-P18
F:\PycharmProjects\DeepWriterID-v2\\data\raw\WPTT2.1-Train\1058-P19.wptt,1058,Test,1058-P19
F:\PycharmProjects\DeepWriterID-v2\\data\raw\WPTT2.1-Train\1058-P20.wptt,1058,Train,1058-P20
F:\PycharmProjects\DeepWriterID-v2\\data\raw\WPTT2.1-Train\1059-P16.wptt,1059,Train,1059-P16
F:\PycharmProjects\DeepWriterID-v2\\data\raw\WPTT2.1-Train\1059-P17.wptt,1059,Train,1059-P17
F:\PycharmProjects\DeepWriterID-v2\\data\raw\WPTT2.1-Train\1059-P18.wptt,1059,Test,1059-P18
F:\PycharmProjects\DeepWriterID-v2\\data\raw\WPTT2.1-Train\1059-P19.wptt,1059,Train,1059-P19
F:\PycharmProjects\DeepWriterID-v2\\data\raw\WPTT2.1-Train\1059-P20.wptt,1059,Train,1059-P20
F:\PycharmProjects\DeepWriterID-v2\\data\raw\WPTT2.1-Train\1060-P16.wptt,1060,Train,1060-P16
F:\PycharmProjects\DeepWriterID-v2\\data\raw\WPTT2.1-Train\1060-P17.wptt,1060,Test,1060-P17
F:\PycharmProjects\DeepWriterID-v2\\data\raw\WPTT2.1-Train\1060-P18.wptt,1060,Train,1060-P18
F:\PycharmProjects\DeepWriterID-v2\\data\raw\WPTT2.1-Train\1060-P19.wptt,1060,Train,1060-P19
F:\PycharmProjects\DeepWriterID-v2\\data\raw\WPTT2.1-Train\1060-P20.wptt,1060,Train,1060-P20
F:\PycharmProjects\DeepWriterID-v2\\data\raw\WPTT2.1-Train\1061-P16.wptt,1061,Train,1061-P16
F:\PycharmProjects\DeepWriterID-v2\\data\raw\WPTT2.1-Train\1061-P17.wptt,1061,Train,1061-P17
F:\PycharmProjects\DeepWriterID-v2\\data\raw\WPTT2.1-Train\1061-P18.wptt,1061,Train,1061-P18
F:\PycharmProjects\DeepWriterID-v2\\data\raw\WPTT2.1-Train\1061-P19.wptt,1061,Test,1061-P19
F:\PycharmProjects\DeepWriterID-v2\\data\raw\WPTT2.1-Train\1061-P20.wptt,1061,Train,1061-P20
F:\PycharmProjects\DeepWriterID-v2\\data\raw\WPTT2.1-Train\1062-P16.wptt,1062,Train,1062-P16
F:\PycharmProjects\DeepWriterID-v2\\data\raw\WPTT2.1-Train\1062-P17.wptt,1062,Train,1062-P17
F:\PycharmProjects\DeepWriterID-v2\\data\raw\WPTT2.1-Train\1062-P18.wptt,1062,Train,1062-P18
F:\PycharmProjects\DeepWriterID-v2\\data\raw\WPTT2.1-Train\1062-P19.wptt,1062,Train,1062-P19
F:\PycharmProjects\DeepWriterID-v2\\data\raw\WPTT2.1-Train\1062-P20.wptt,1062,Test,1062-P20
F:\PycharmProjects\DeepWriterID-v2\\data\raw\WPTT2.1-Train\1063-P16.wptt,1063,Train,1063-P16
F:\PycharmProjects\DeepWriterID-v2\\data\raw\WPTT2.1-Train\1063-P17.wptt,1063,Train,1063-P17
F:\PycharmProjects\DeepWriterID-v2\\data\raw\WPTT2.1-Train\1063-P18.wptt,1063,Train,1063-P18
F:\PycharmProjects\DeepWriterID-v2\\data\raw\WPTT2.1-Train\1063-P19.wptt,1063,Test,1063-P19
F:\PycharmProjects\DeepWriterID-v2\\data\raw\WPTT2.1-Train\1063-P20.wptt,1063,Train,1063-P20
F:\PycharmProjects\DeepWriterID-v2\\data\raw\WPTT2.1-Train\1064-P16.wptt,1064,Train,1064-P16
F:\PycharmProjects\DeepWriterID-v2\\data\raw\WPTT2.1-Train\1064-P17.wptt,1064,Train,1064-P17
F:\PycharmProjects\DeepWriterID-v2\\data\raw\WPTT2.1-Train\1064-P18.wptt,1064,Train,1064-P18
F:\PycharmProjects\DeepWriterID-v2\\data\raw\WPTT2.1-Train\1064-P19.wptt,1064,Test,1064-P19
F:\PycharmProjects\DeepWriterID-v2\\data\raw\WPTT2.1-Train\1064-P20.wptt,1064,Train,1064-P20
F:\PycharmProjects\DeepWriterID-v2\\data\raw\WPTT2.1-Train\1065-P16.wptt,1065,Test,1065-P16
F:\PycharmProjects\DeepWriterID-v2\\data\raw\WPTT2.1-Train\1065-P17.wptt,1065,Train,1065-P17
F:\PycharmProjects\DeepWriterID-v2\\data\raw\WPTT2.1-Train\1065-P18.wptt,1065,Train,1065-P18
F:\PycharmProjects\DeepWriterID-v2\\data\raw\WPTT2.1-Train\1065-P19.wptt,1065,Train,1065-P19
F:\PycharmProjects\DeepWriterID-v2\\data\raw\WPTT2.1-Train\1065-P20.wptt,1065,Train,1065-P20
F:\PycharmProjects\DeepWriterID-v2\\data\raw\WPTT2.1-Train\1066-P16.wptt,1066,Test,1066-P16
F:\PycharmProjects\DeepWriterID-v2\\data\raw\WPTT2.1-Train\1066-P17.wptt,1066,Train,1066-P17
F:\PycharmProjects\DeepWriterID-v2\\data\raw\WPTT2.1-Train\1066-P18.wptt,1066,Train,1066-P18
F:\PycharmProjects\DeepWriterID-v2\\data\raw\WPTT2.1-Train\1066-P19.wptt,1066,Train,1066-P19
F:\PycharmProjects\DeepWriterID-v2\\data\raw\WPTT2.1-Train\1066-P20.wptt,1066,Train,1066-P20
F:\PycharmProjects\DeepWriterID-v2\\data\raw\WPTT2.1-Train\1067-P16.wptt,1067,Train,1067-P16
F:\PycharmProjects\DeepWriterID-v2\\data\raw\WPTT2.1-Train\1067-P17.wptt,1067,Train,1067-P17
F:\PycharmProjects\DeepWriterID-v2\\data\raw\WPTT2.1-Train\1067-P18.wptt,1067,Test,1067-P18
F:\PycharmProjects\DeepWriterID-v2\\data\raw\WPTT2.1-Train\1067-P19.wptt,1067,Train,1067-P19
F:\PycharmProjects\DeepWriterID-v2\\data\raw\WPTT2.1-Train\1067-P20.wptt,1067,Train,1067-P20
F:\PycharmProjects\DeepWriterID-v2\\data\raw\WPTT2.1-Train\1068-P16.wptt,1068,Train,1068-P16
F:\PycharmProjects\DeepWriterID-v2\\data\raw\WPTT2.1-Train\1068-P17.wptt,1068,Train,1068-P17
F:\PycharmProjects\DeepWriterID-v2\\data\raw\WPTT2.1-Train\1068-P18.wptt,1068,Train,1068-P18
F:\PycharmProjects\DeepWriterID-v2\\data\raw\WPTT2.1-Train\1068-P19.wptt,1068,Train,1068-P19
F:\PycharmProjects\DeepWriterID-v2\\data\raw\WPTT2.1-Train\1068-P20.wptt,1068,Test,1068-P20
F:\PycharmProjects\DeepWriterID-v2\\data\raw\WPTT2.1-Train\1069-P16.wptt,1069,Train,1069-P16
F:\PycharmProjects\DeepWriterID-v2\\data\raw\WPTT2.1-Train\1069-P17.wptt,1069,Train,1069-P17
F:\PycharmProjects\DeepWriterID-v2\\data\raw\WPTT2.1-Train\1069-P18.wptt,1069,Train,1069-P18
F:\PycharmProjects\DeepWriterID-v2\\data\raw\WPTT2.1-Train\1069-P19.wptt,1069,Test,1069-P19
F:\PycharmProjects\DeepWriterID-v2\\data\raw\WPTT2.1-Train\1069-P20.wptt,1069,Train,1069-P20
F:\PycharmProjects\DeepWriterID-v2\\data\raw\WPTT2.1-Train\1070-P16.wptt,1070,Train,1070-P16
F:\PycharmProjects\DeepWriterID-v2\\data\raw\WPTT2.1-Train\1070-P17.wptt,1070,Train,1070-P17
F:\PycharmProjects\DeepWriterID-v2\\data\raw\WPTT2.1-Train\1070-P18.wptt,1070,Train,1070-P18
F:\PycharmProjects\DeepWriterID-v2\\data\raw\WPTT2.1-Train\1070-P19.wptt,1070,Test,1070-P19
F:\PycharmProjects\DeepWriterID-v2\\data\raw\WPTT2.1-Train\1070-P20.wptt,1070,Train,1070-P20
F:\PycharmProjects\DeepWriterID-v2\\data\raw\WPTT2.1-Train\1071-P16.wptt,1071,Test,1071-P16
F:\PycharmProjects\DeepWriterID-v2\\data\raw\WPTT2.1-Train\1071-P17.wptt,1071,Train,1071-P17
F:\PycharmProjects\DeepWriterID-v2\\data\raw\WPTT2.1-Train\1071-P18.wptt,1071,Train,1071-P18
F:\PycharmProjects\DeepWriterID-v2\\data\raw\WPTT2.1-Train\1071-P19.wptt,1071,Train,1071-P19
F:\PycharmProjects\DeepWriterID-v2\\data\raw\WPTT2.1-Train\1071-P20.wptt,1071,Train,1071-P20
F:\PycharmProjects\DeepWriterID-v2\\data\raw\WPTT2.1-Train\1072-P16.wptt,1072,Test,1072-P16
F:\PycharmProjects\DeepWriterID-v2\\data\raw\WPTT2.1-Train\1072-P17.wptt,1072,Train,1072-P17
F:\PycharmProjects\DeepWriterID-v2\\data\raw\WPTT2.1-Train\1072-P18.wptt,1072,Train,1072-P18
F:\PycharmProjects\DeepWriterID-v2\\data\raw\WPTT2.1-Train\1072-P19.wptt,1072,Train,1072-P19
F:\PycharmProjects\DeepWriterID-v2\\data\raw\WPTT2.1-Train\1072-P20.wptt,1072,Train,1072-P20
F:\PycharmProjects\DeepWriterID-v2\\data\raw\WPTT2.1-Train\1073-P16.wptt,1073,Train,1073-P16
F:\PycharmProjects\DeepWriterID-v2\\data\raw\WPTT2.1-Train\1073-P17.wptt,1073,Train,1073-P17
F:\PycharmProjects\DeepWriterID-v2\\data\raw\WPTT2.1-Train\1073-P18.wptt,1073,Test,1073-P18
F:\PycharmProjects\DeepWriterID-v2\\data\raw\WPTT2.1-Train\1073-P19.wptt,1073,Train,1073-P19
F:\PycharmProjects\DeepWriterID-v2\\data\raw\WPTT2.1-Train\1073-P20.wptt,1073,Train,1073-P20
F:\PycharmProjects\DeepWriterID-v2\\data\raw\WPTT2.1-Train\1074-P16.wptt,1074,Train,1074-P16
F:\PycharmProjects\DeepWriterID-v2\\data\raw\WPTT2.1-Train\1074-P17.wptt,1074,Train,1074-P17
F:\PycharmProjects\DeepWriterID-v2\\data\raw\WPTT2.1-Train\1074-P18.wptt,1074,Train,1074-P18
F:\PycharmProjects\DeepWriterID-v2\\data\raw\WPTT2.1-Train\1074-P19.wptt,1074,Train,1074-P19
F:\PycharmProjects\DeepWriterID-v2\\data\raw\WPTT2.1-Train\1074-P20.wptt,1074,Test,1074-P20
F:\PycharmProjects\DeepWriterID-v2\\data\raw\WPTT2.1-Train\1075-P16.wptt,1075,Train,1075-P16
F:\PycharmProjects\DeepWriterID-v2\\data\raw\WPTT2.1-Train\1075-P17.wptt,1075,Test,1075-P17
F:\PycharmProjects\DeepWriterID-v2\\data\raw\WPTT2.1-Train\1075-P18.wptt,1075,Train,1075-P18
F:\PycharmProjects\DeepWriterID-v2\\data\raw\WPTT2.1-Train\1075-P19.wptt,1075,Train,1075-P19
F:\PycharmProjects\DeepWriterID-v2\\data\raw\WPTT2.1-Train\1075-P20.wptt,1075,Train,1075-P20
F:\PycharmProjects\DeepWriterID-v2\\data\raw\WPTT2.1-Train\1076-P16.wptt,1076,Train,1076-P16
F:\PycharmProjects\DeepWriterID-v2\\data\raw\WPTT2.1-Train\1076-P17.wptt,1076,Test,1076-P17
F:\PycharmProjects\DeepWriterID-v2\\data\raw\WPTT2.1-Train\1076-P18.wptt,1076,Train,1076-P18
F:\PycharmProjects\DeepWriterID-v2\\data\raw\WPTT2.1-Train\1076-P19.wptt,1076,Train,1076-P19
F:\PycharmProjects\DeepWriterID-v2\\data\raw\WPTT2.1-Train\1076-P20.wptt,1076,Train,1076-P20
F:\PycharmProjects\DeepWriterID-v2\\data\raw\WPTT2.1-Train\1077-P16.wptt,1077,Train,1077-P16
F:\PycharmProjects\DeepWriterID-v2\\data\raw\WPTT2.1-Train\1077-P17.wptt,1077,Train,1077-P17
F:\PycharmProjects\DeepWriterID-v2\\data\raw\WPTT2.1-Train\1077-P18.wptt,1077,Test,1077-P18
F:\PycharmProjects\DeepWriterID-v2\\data\raw\WPTT2.1-Train\1077-P19.wptt,1077,Train,1077-P19
F:\PycharmProjects\DeepWriterID-v2\\data\raw\WPTT2.1-Train\1077-P20.wptt,1077,Train,1077-P20
F:\PycharmProjects\DeepWriterID-v2\\data\raw\WPTT2.1-Train\1078-P16.wptt,1078,Train,1078-P16
F:\PycharmProjects\DeepWriterID-v2\\data\raw\WPTT2.1-Train\1078-P17.wptt,1078,Train,1078-P17
F:\PycharmProjects\DeepWriterID-v2\\data\raw\WPTT2.1-Train\1078-P18.wptt,1078,Train,1078-P18
F:\PycharmProjects\DeepWriterID-v2\\data\raw\WPTT2.1-Train\1078-P19.wptt,1078,Train,1078-P19
F:\PycharmProjects\DeepWriterID-v2\\data\raw\WPTT2.1-Train\1078-P20.wptt,1078,Test,1078-P20
F:\PycharmProjects\DeepWriterID-v2\\data\raw\WPTT2.1-Train\1079-P16.wptt,1079,Train,1079-P16
F:\PycharmProjects\DeepWriterID-v2\\data\raw\WPTT2.1-Train\1079-P17.wptt,1079,Test,1079-P17
F:\PycharmProjects\DeepWriterID-v2\\data\raw\WPTT2.1-Train\1079-P18.wptt,1079,Train,1079-P18
F:\PycharmProjects\DeepWriterID-v2\\data\raw\WPTT2.1-Train\1079-P19.wptt,1079,Train,1079-P19
F:\PycharmProjects\DeepWriterID-v2\\data\raw\WPTT2.1-Train\1079-P20.wptt,1079,Train,1079-P20
F:\PycharmProjects\DeepWriterID-v2\\data\raw\WPTT2.1-Train\1080-P16.wptt,1080,Train,1080-P16
F:\PycharmProjects\DeepWriterID-v2\\data\raw\WPTT2.1-Train\1080-P17.wptt,1080,Train,1080-P17
F:\PycharmProjects\DeepWriterID-v2\\data\raw\WPTT2.1-Train\1080-P18.wptt,1080,Test,1080-P18
F:\PycharmProjects\DeepWriterID-v2\\data\raw\WPTT2.1-Train\1080-P19.wptt,1080,Train,1080-P19
F:\PycharmProjects\DeepWriterID-v2\\data\raw\WPTT2.1-Train\1080-P20.wptt,1080,Train,1080-P20
F:\PycharmProjects\DeepWriterID-v2\\data\raw\WPTT2.1-Train\1081-P16.wptt,1081,Train,1081-P16
F:\PycharmProjects\DeepWriterID-v2\\data\raw\WPTT2.1-Train\1081-P17.wptt,1081,Test,1081-P17
F:\PycharmProjects\DeepWriterID-v2\\data\raw\WPTT2.1-Train\1081-P18.wptt,1081,Train,1081-P18
F:\PycharmProjects\DeepWriterID-v2\\data\raw\WPTT2.1-Train\1081-P19.wptt,1081,Train,1081-P19
F:\PycharmProjects\DeepWriterID-v2\\data\raw\WPTT2.1-Train\1081-P20.wptt,1081,Train,1081-P20
F:\PycharmProjects\DeepWriterID-v2\\data\raw\WPTT2.1-Train\1082-P16.wptt,1082,Train,1082-P16
F:\PycharmProjects\DeepWriterID-v2\\data\raw\WPTT2.1-Train\1082-P17.wptt,1082,Train,1082-P17
F:\PycharmProjects\DeepWriterID-v2\\data\raw\WPTT2.1-Train\1082-P18.wptt,1082,Train,1082-P18
F:\PycharmProjects\DeepWriterID-v2\\data\raw\WPTT2.1-Train\1082-P19.wptt,1082,Train,1082-P19
F:\PycharmProjects\DeepWriterID-v2\\data\raw\WPTT2.1-Train\1082-P20.wptt,1082,Test,1082-P20
F:\PycharmProjects\DeepWriterID-v2\\data\raw\WPTT2.1-Train\1083-P16.wptt,1083,Train,1083-P16
F:\PycharmProjects\DeepWriterID-v2\\data\raw\WPTT2.1-Train\1083-P17.wptt,1083,Test,1083-P17
F:\PycharmProjects\DeepWriterID-v2\\data\raw\WPTT2.1-Train\1083-P18.wptt,1083,Train,1083-P18
F:\PycharmProjects\DeepWriterID-v2\\data\raw\WPTT2.1-Train\1083-P19.wptt,1083,Train,1083-P19
F:\PycharmProjects\DeepWriterID-v2\\data\raw\WPTT2.1-Train\1083-P20.wptt,1083,Train,1083-P20
F:\PycharmProjects\DeepWriterID-v2\\data\raw\WPTT2.1-Train\1084-P16.wptt,1084,Train,1084-P16
F:\PycharmProjects\DeepWriterID-v2\\data\raw\WPTT2.1-Train\1084-P17.wptt,1084,Train,1084-P17
F:\PycharmProjects\DeepWriterID-v2\\data\raw\WPTT2.1-Train\1084-P18.wptt,1084,Test,1084-P18
F:\PycharmProjects\DeepWriterID-v2\\data\raw\WPTT2.1-Train\1084-P19.wptt,1084,Train,1084-P19
F:\PycharmProjects\DeepWriterID-v2\\data\raw\WPTT2.1-Train\1084-P20.wptt,1084,Train,1084-P20
F:\PycharmProjects\DeepWriterID-v2\\data\raw\WPTT2.1-Train\1085-P16.wptt,1085,Test,1085-P16
F:\PycharmProjects\DeepWriterID-v2\\data\raw\WPTT2.1-Train\1085-P17.wptt,1085,Train,1085-P17
F:\PycharmProjects\DeepWriterID-v2\\data\raw\WPTT2.1-Train\1085-P18.wptt,1085,Train,1085-P18
F:\PycharmProjects\DeepWriterID-v2\\data\raw\WPTT2.1-Train\1085-P19.wptt,1085,Train,1085-P19
F:\PycharmProjects\DeepWriterID-v2\\data\raw\WPTT2.1-Train\1085-P20.wptt,1085,Train,1085-P20
F:\PycharmProjects\DeepWriterID-v2\\data\raw\WPTT2.1-Train\1086-P16.wptt,1086,Train,1086-P16
F:\PycharmProjects\DeepWriterID-v2\\data\raw\WPTT2.1-Train\1086-P17.wptt,1086,Train,1086-P17
F:\PycharmProjects\DeepWriterID-v2\\data\raw\WPTT2.1-Train\1086-P18.wptt,1086,Train,1086-P18
F:\PycharmProjects\DeepWriterID-v2\\data\raw\WPTT2.1-Train\1086-P19.wptt,1086,Test,1086-P19
F:\PycharmProjects\DeepWriterID-v2\\data\raw\WPTT2.1-Train\1086-P20.wptt,1086,Train,1086-P20
F:\PycharmProjects\DeepWriterID-v2\\data\raw\WPTT2.1-Train\1087-P16.wptt,1087,Train,1087-P16
F:\PycharmProjects\DeepWriterID-v2\\data\raw\WPTT2.1-Train\1087-P17.wptt,1087,Train,1087-P17
F:\PycharmProjects\DeepWriterID-v2\\data\raw\WPTT2.1-Train\1087-P18.wptt,1087,Test,1087-P18
F:\PycharmProjects\DeepWriterID-v2\\data\raw\WPTT2.1-Train\1087-P19.wptt,1087,Train,1087-P19
F:\PycharmProjects\DeepWriterID-v2\\data\raw\WPTT2.1-Train\1087-P20.wptt,1087,Train,1087-P20
F:\PycharmProjects\DeepWriterID-v2\\data\raw\WPTT2.1-Train\1088-P16.wptt,1088,Train,1088-P16
F:\PycharmProjects\DeepWriterID-v2\\data\raw\WPTT2.1-Train\1088-P17.wptt,1088,Train,1088-P17
F:\PycharmProjects\DeepWriterID-v2\\data\raw\WPTT2.1-Train\1088-P18.wptt,1088,Train,1088-P18
F:\PycharmProjects\DeepWriterID-v2\\data\raw\WPTT2.1-Train\1088-P19.wptt,1088,Train,1088-P19
F:\PycharmProjects\DeepWriterID-v2\\data\raw\WPTT2.1-Train\1088-P20.wptt,1088,Test,1088-P20
F:\PycharmProjects\DeepWriterID-v2\\data\raw\WPTT2.1-Train\1089-P16.wptt,1089,Test,1089-P16
F:\PycharmProjects\DeepWriterID-v2\\data\raw\WPTT2.1-Train\1089-P17.wptt,1089,Train,1089-P17
F:\PycharmProjects\DeepWriterID-v2\\data\raw\WPTT2.1-Train\1089-P18.wptt,1089,Train,1089-P18
F:\PycharmProjects\DeepWriterID-v2\\data\raw\WPTT2.1-Train\1089-P19.wptt,1089,Train,1089-P19
F:\PycharmProjects\DeepWriterID-v2\\data\raw\WPTT2.1-Train\1089-P20.wptt,1089,Train,1089-P20
F:\PycharmProjects\DeepWriterID-v2\\data\raw\WPTT2.1-Train\1090-P16.wptt,1090,Test,1090-P16
F:\PycharmProjects\DeepWriterID-v2\\data\raw\WPTT2.1-Train\1090-P17.wptt,1090,Train,1090-P17
F:\PycharmProjects\DeepWriterID-v2\\data\raw\WPTT2.1-Train\1090-P18.wptt,1090,Train,1090-P18
F:\PycharmProjects\DeepWriterID-v2\\data\raw\WPTT2.1-Train\1090-P19.wptt,1090,Train,1090-P19
F:\PycharmProjects\DeepWriterID-v2\\data\raw\WPTT2.1-Train\1090-P20.wptt,1090,Train,1090-P20
F:\PycharmProjects\DeepWriterID-v2\\data\raw\WPTT2.1-Train\1091-P16.wptt,1091,Train,1091-P16
F:\PycharmProjects\DeepWriterID-v2\\data\raw\WPTT2.1-Train\1091-P17.wptt,1091,Test,1091-P17
F:\PycharmProjects\DeepWriterID-v2\\data\raw\WPTT2.1-Train\1091-P18.wptt,1091,Train,1091-P18
F:\PycharmProjects\DeepWriterID-v2\\data\raw\WPTT2.1-Train\1091-P19.wptt,1091,Train,1091-P19
F:\PycharmProjects\DeepWriterID-v2\\data\raw\WPTT2.1-Train\1091-P20.wptt,1091,Train,1091-P20
F:\PycharmProjects\DeepWriterID-v2\\data\raw\WPTT2.1-Train\1092-P16.wptt,1092,Train,1092-P16
F:\PycharmProjects\DeepWriterID-v2\\data\raw\WPTT2.1-Train\1092-P17.wptt,1092,Train,1092-P17
F:\PycharmProjects\DeepWriterID-v2\\data\raw\WPTT2.1-Train\1092-P18.wptt,1092,Test,1092-P18
F:\PycharmProjects\DeepWriterID-v2\\data\raw\WPTT2.1-Train\1092-P19.wptt,1092,Train,1092-P19
F:\PycharmProjects\DeepWriterID-v2\\data\raw\WPTT2.1-Train\1092-P20.wptt,1092,Train,1092-P20
F:\PycharmProjects\DeepWriterID-v2\\data\raw\WPTT2.1-Train\1093-P16.wptt,1093,Train,1093-P16
F:\PycharmProjects\DeepWriterID-v2\\data\raw\WPTT2.1-Train\1093-P17.wptt,1093,Train,1093-P17
F:\PycharmProjects\DeepWriterID-v2\\data\raw\WPTT2.1-Train\1093-P18.wptt,1093,Train,1093-P18
F:\PycharmProjects\DeepWriterID-v2\\data\raw\WPTT2.1-Train\1093-P19.wptt,1093,Train,1093-P19
F:\PycharmProjects\DeepWriterID-v2\\data\raw\WPTT2.1-Train\1093-P20.wptt,1093,Test,1093-P20
F:\PycharmProjects\DeepWriterID-v2\\data\raw\WPTT2.1-Train\1094-P16.wptt,1094,Test,1094-P16
F:\PycharmProjects\DeepWriterID-v2\\data\raw\WPTT2.1-Train\1094-P17.wptt,1094,Train,1094-P17
F:\PycharmProjects\DeepWriterID-v2\\data\raw\WPTT2.1-Train\1094-P18.wptt,1094,Train,1094-P18
F:\PycharmProjects\DeepWriterID-v2\\data\raw\WPTT2.1-Train\1094-P19.wptt,1094,Train,1094-P19
F:\PycharmProjects\DeepWriterID-v2\\data\raw\WPTT2.1-Train\1094-P20.wptt,1094,Train,1094-P20
F:\PycharmProjects\DeepWriterID-v2\\data\raw\WPTT2.1-Train\1095-P16.wptt,1095,Train,1095-P16
F:\PycharmProjects\DeepWriterID-v2\\data\raw\WPTT2.1-Train\1095-P17.wptt,1095,Train,1095-P17
F:\PycharmProjects\DeepWriterID-v2\\data\raw\WPTT2.1-Train\1095-P18.wptt,1095,Test,1095-P18
F:\PycharmProjects\DeepWriterID-v2\\data\raw\WPTT2.1-Train\1095-P19.wptt,1095,Train,1095-P19
F:\PycharmProjects\DeepWriterID-v2\\data\raw\WPTT2.1-Train\1095-P20.wptt,1095,Train,1095-P20
F:\PycharmProjects\DeepWriterID-v2\\data\raw\WPTT2.1-Train\1096-P16.wptt,1096,Train,1096-P16
F:\PycharmProjects\DeepWriterID-v2\\data\raw\WPTT2.1-Train\1096-P17.wptt,1096,Test,1096-P17
F:\PycharmProjects\DeepWriterID-v2\\data\raw\WPTT2.1-Train\1096-P18.wptt,1096,Train,1096-P18
F:\PycharmProjects\DeepWriterID-v2\\data\raw\WPTT2.1-Train\1096-P19.wptt,1096,Train,1096-P19
F:\PycharmProjects\DeepWriterID-v2\\data\raw\WPTT2.1-Train\1096-P20.wptt,1096,Train,1096-P20
F:\PycharmProjects\DeepWriterID-v2\\data\raw\WPTT2.1-Train\1097-P16.wptt,1097,Train,1097-P16
F:\PycharmProjects\DeepWriterID-v2\\data\raw\WPTT2.1-Train\1097-P17.wptt,1097,Train,1097-P17
F:\PycharmProjects\DeepWriterID-v2\\data\raw\WPTT2.1-Train\1097-P18.wptt,1097,Train,1097-P18
F:\PycharmProjects\DeepWriterID-v2\\data\raw\WPTT2.1-Train\1097-P19.wptt,1097,Test,1097-P19
F:\PycharmProjects\DeepWriterID-v2\\data\raw\WPTT2.1-Train\1097-P20.wptt,1097,Train,1097-P20
F:\PycharmProjects\DeepWriterID-v2\\data\raw\WPTT2.1-Train\1098-P16.wptt,1098,Train,1098-P16
F:\PycharmProjects\DeepWriterID-v2\\data\raw\WPTT2.1-Train\1098-P17.wptt,1098,Train,1098-P17
F:\PycharmProjects\DeepWriterID-v2\\data\raw\WPTT2.1-Train\1098-P18.wptt,1098,Test,1098-P18
F:\PycharmProjects\DeepWriterID-v2\\data\raw\WPTT2.1-Train\1098-P19.wptt,1098,Train,1098-P19
F:\PycharmProjects\DeepWriterID-v2\\data\raw\WPTT2.1-Train\1098-P20.wptt,1098,Train,1098-P20
F:\PycharmProjects\DeepWriterID-v2\\data\raw\WPTT2.1-Train\1099-P16.wptt,1099,Test,1099-P16
F:\PycharmProjects\DeepWriterID-v2\\data\raw\WPTT2.1-Train\1099-P17.wptt,1099,Train,1099-P17
F:\PycharmProjects\DeepWriterID-v2\\data\raw\WPTT2.1-Train\1099-P18.wptt,1099,Train,1099-P18
F:\PycharmProjects\DeepWriterID-v2\\data\raw\WPTT2.1-Train\1099-P19.wptt,1099,Train,1099-P19
F:\PycharmProjects\DeepWriterID-v2\\data\raw\WPTT2.1-Train\1099-P20.wptt,1099,Train,1099-P20
F:\PycharmProjects\DeepWriterID-v2\\data\raw\WPTT2.1-Train\1100-P16.wptt,1100,Train,1100-P16
F:\PycharmProjects\DeepWriterID-v2\\data\raw\WPTT2.1-Train\1100-P17.wptt,1100,Test,1100-P17
F:\PycharmProjects\DeepWriterID-v2\\data\raw\WPTT2.1-Train\1100-P18.wptt,1100,Train,1100-P18
F:\PycharmProjects\DeepWriterID-v2\\data\raw\WPTT2.1-Train\1100-P19.wptt,1100,Train,1100-P19
F:\PycharmProjects\DeepWriterID-v2\\data\raw\WPTT2.1-Train\1100-P20.wptt,1100,Train,1100-P20
F:\PycharmProjects\DeepWriterID-v2\\data\raw\WPTT2.1-Train\1111-P16.wptt,1111,Train,1111-P16
F:\PycharmProjects\DeepWriterID-v2\\data\raw\WPTT2.1-Train\1111-P17.wptt,1111,Train,1111-P17
F:\PycharmProjects\DeepWriterID-v2\\data\raw\WPTT2.1-Train\1111-P18.wptt,1111,Train,1111-P18
F:\PycharmProjects\DeepWriterID-v2\\data\raw\WPTT2.1-Train\1111-P19.wptt,1111,Train,1111-P19
F:\PycharmProjects\DeepWriterID-v2\\data\raw\WPTT2.1-Train\1111-P20.wptt,1111,Test,1111-P20
F:\PycharmProjects\DeepWriterID-v2\\data\raw\WPTT2.1-Train\1101-P16.wptt,1101,Train,1101-P16
F:\PycharmProjects\DeepWriterID-v2\\data\raw\WPTT2.1-Train\1101-P17.wptt,1101,Test,1101-P17
F:\PycharmProjects\DeepWriterID-v2\\data\raw\WPTT2.1-Train\1101-P18.wptt,1101,Train,1101-P18
F:\PycharmProjects\DeepWriterID-v2\\data\raw\WPTT2.1-Train\1101-P19.wptt,1101,Train,1101-P19
F:\PycharmProjects\DeepWriterID-v2\\data\raw\WPTT2.1-Train\1101-P20.wptt,1101,Train,1101-P20
F:\PycharmProjects\DeepWriterID-v2\\data\raw\WPTT2.1-Train\1112-P16.wptt,1112,Test,1112-P16
F:\PycharmProjects\DeepWriterID-v2\\data\raw\WPTT2.1-Train\1112-P17.wptt,1112,Train,1112-P17
F:\PycharmProjects\DeepWriterID-v2\\data\raw\WPTT2.1-Train\1112-P18.wptt,1112,Train,1112-P18
F:\PycharmProjects\DeepWriterID-v2\\data\raw\WPTT2.1-Train\1112-P19.wptt,1112,Train,1112-P19
F:\PycharmProjects\DeepWriterID-v2\\data\raw\WPTT2.1-Train\1112-P20.wptt,1112,Train,1112-P20
F:\PycharmProjects\DeepWriterID-v2\\data\raw\WPTT2.1-Train\1102-P16.wptt,1102,Train,1102-P16
F:\PycharmProjects\DeepWriterID-v2\\data\raw\WPTT2.1-Train\1102-P17.wptt,1102,Test,1102-P17
F:\PycharmProjects\DeepWriterID-v2\\data\raw\WPTT2.1-Train\1102-P18.wptt,1102,Train,1102-P18
F:\PycharmProjects\DeepWriterID-v2\\data\raw\WPTT2.1-Train\1102-P19.wptt,1102,Train,1102-P19
F:\PycharmProjects\DeepWriterID-v2\\data\raw\WPTT2.1-Train\1102-P20.wptt,1102,Train,1102-P20
F:\PycharmProjects\DeepWriterID-v2\\data\raw\WPTT2.1-Train\1113-P16.wptt,1113,Train,1113-P16
F:\PycharmProjects\DeepWriterID-v2\\data\raw\WPTT2.1-Train\1113-P17.wptt,1113,Test,1113-P17
F:\PycharmProjects\DeepWriterID-v2\\data\raw\WPTT2.1-Train\1113-P18.wptt,1113,Train,1113-P18
F:\PycharmProjects\DeepWriterID-v2\\data\raw\WPTT2.1-Train\1113-P19.wptt,1113,Train,1113-P19
F:\PycharmProjects\DeepWriterID-v2\\data\raw\WPTT2.1-Train\1113-P20.wptt,1113,Train,1113-P20
F:\PycharmProjects\DeepWriterID-v2\\data\raw\WPTT2.1-Train\1103-P16.wptt,1103,Train,1103-P16
F:\PycharmProjects\DeepWriterID-v2\\data\raw\WPTT2.1-Train\1103-P17.wptt,1103,Test,1103-P17
F:\PycharmProjects\DeepWriterID-v2\\data\raw\WPTT2.1-Train\1103-P18.wptt,1103,Train,1103-P18
F:\PycharmProjects\DeepWriterID-v2\\data\raw\WPTT2.1-Train\1103-P19.wptt,1103,Train,1103-P19
F:\PycharmProjects\DeepWriterID-v2\\data\raw\WPTT2.1-Train\1103-P20.wptt,1103,Train,1103-P20
F:\PycharmProjects\DeepWriterID-v2\\data\raw\WPTT2.1-Train\1114-P16.wptt,1114,Train,1114-P16
F:\PycharmProjects\DeepWriterID-v2\\data\raw\WPTT2.1-Train\1114-P17.wptt,1114,Train,1114-P17
F:\PycharmProjects\DeepWriterID-v2\\data\raw\WPTT2.1-Train\1114-P18.wptt,1114,Train,1114-P18
F:\PycharmProjects\DeepWriterID-v2\\data\raw\WPTT2.1-Train\1114-P19.wptt,1114,Test,1114-P19
F:\PycharmProjects\DeepWriterID-v2\\data\raw\WPTT2.1-Train\1114-P20.wptt,1114,Train,1114-P20
F:\PycharmProjects\DeepWriterID-v2\\data\raw\WPTT2.1-Train\1104-P16.wptt,1104,Train,1104-P16
F:\PycharmProjects\DeepWriterID-v2\\data\raw\WPTT2.1-Train\1104-P17.wptt,1104,Train,1104-P17
F:\PycharmProjects\DeepWriterID-v2\\data\raw\WPTT2.1-Train\1104-P18.wptt,1104,Train,1104-P18
F:\PycharmProjects\DeepWriterID-v2\\data\raw\WPTT2.1-Train\1104-P19.wptt,1104,Train,1104-P19
F:\PycharmProjects\DeepWriterID-v2\\data\raw\WPTT2.1-Train\1104-P20.wptt,1104,Test,1104-P20
F:\PycharmProjects\DeepWriterID-v2\\data\raw\WPTT2.1-Train\1115-P16.wptt,1115,Train,1115-P16
F:\PycharmProjects\DeepWriterID-v2\\data\raw\WPTT2.1-Train\1115-P17.wptt,1115,Train,1115-P17
F:\PycharmProjects\DeepWriterID-v2\\data\raw\WPTT2.1-Train\1115-P18.wptt,1115,Test,1115-P18
F:\PycharmProjects\DeepWriterID-v2\\data\raw\WPTT2.1-Train\1115-P19.wptt,1115,Train,1115-P19
F:\PycharmProjects\DeepWriterID-v2\\data\raw\WPTT2.1-Train\1115-P20.wptt,1115,Train,1115-P20
F:\PycharmProjects\DeepWriterID-v2\\data\raw\WPTT2.1-Train\1105-P16.wptt,1105,Test,1105-P16
F:\PycharmProjects\DeepWriterID-v2\\data\raw\WPTT2.1-Train\1105-P17.wptt,1105,Train,1105-P17
F:\PycharmProjects\DeepWriterID-v2\\data\raw\WPTT2.1-Train\1105-P18.wptt,1105,Train,1105-P18
F:\PycharmProjects\DeepWriterID-v2\\data\raw\WPTT2.1-Train\1105-P19.wptt,1105,Train,1105-P19
F:\PycharmProjects\DeepWriterID-v2\\data\raw\WPTT2.1-Train\1105-P20.wptt,1105,Train,1105-P20
F:\PycharmProjects\DeepWriterID-v2\\data\raw\WPTT2.1-Train\1116-P16.wptt,1116,Train,1116-P16
F:\PycharmProjects\DeepWriterID-v2\\data\raw\WPTT2.1-Train\1116-P17.wptt,1116,Train,1116-P17
F:\PycharmProjects\DeepWriterID-v2\\data\raw\WPTT2.1-Train\1116-P18.wptt,1116,Test,1116-P18
F:\PycharmProjects\DeepWriterID-v2\\data\raw\WPTT2.1-Train\1116-P19.wptt,1116,Train,1116-P19
F:\PycharmProjects\DeepWriterID-v2\\data\raw\WPTT2.1-Train\1116-P20.wptt,1116,Train,1116-P20
F:\PycharmProjects\DeepWriterID-v2\\data\raw\WPTT2.1-Train\1106-P16.wptt,1106,Test,1106-P16
F:\PycharmProjects\DeepWriterID-v2\\data\raw\WPTT2.1-Train\1106-P17.wptt,1106,Train,1106-P17
F:\PycharmProjects\DeepWriterID-v2\\data\raw\WPTT2.1-Train\1106-P18.wptt,1106,Train,1106-P18
F:\PycharmProjects\DeepWriterID-v2\\data\raw\WPTT2.1-Train\1106-P19.wptt,1106,Train,1106-P19
F:\PycharmProjects\DeepWriterID-v2\\data\raw\WPTT2.1-Train\1106-P20.wptt,1106,Train,1106-P20
F:\PycharmProjects\DeepWriterID-v2\\data\raw\WPTT2.1-Train\1117-P16.wptt,1117,Train,1117-P16
F:\PycharmProjects\DeepWriterID-v2\\data\raw\WPTT2.1-Train\1117-P17.wptt,1117,Test,1117-P17
F:\PycharmProjects\DeepWriterID-v2\\data\raw\WPTT2.1-Train\1117-P18.wptt,1117,Train,1117-P18
F:\PycharmProjects\DeepWriterID-v2\\data\raw\WPTT2.1-Train\1117-P19.wptt,1117,Train,1117-P19
F:\PycharmProjects\DeepWriterID-v2\\data\raw\WPTT2.1-Train\1117-P20.wptt,1117,Train,1117-P20
F:\PycharmProjects\DeepWriterID-v2\\data\raw\WPTT2.1-Train\1107-P16.wptt,1107,Train,1107-P16
F:\PycharmProjects\DeepWriterID-v2\\data\raw\WPTT2.1-Train\1107-P17.wptt,1107,Train,1107-P17
F:\PycharmProjects\DeepWriterID-v2\\data\raw\WPTT2.1-Train\1107-P18.wptt,1107,Train,1107-P18
F:\PycharmProjects\DeepWriterID-v2\\data\raw\WPTT2.1-Train\1107-P19.wptt,1107,Test,1107-P19
F:\PycharmProjects\DeepWriterID-v2\\data\raw\WPTT2.1-Train\1107-P20.wptt,1107,Train,1107-P20
F:\PycharmProjects\DeepWriterID-v2\\data\raw\WPTT2.1-Train\1118-P16.wptt,1118,Train,1118-P16
F:\PycharmProjects\DeepWriterID-v2\\data\raw\WPTT2.1-Train\1118-P17.wptt,1118,Train,1118-P17
F:\PycharmProjects\DeepWriterID-v2\\data\raw\WPTT2.1-Train\1118-P18.wptt,1118,Train,1118-P18
F:\PycharmProjects\DeepWriterID-v2\\data\raw\WPTT2.1-Train\1118-P19.wptt,1118,Test,1118-P19
F:\PycharmProjects\DeepWriterID-v2\\data\raw\WPTT2.1-Train\1118-P20.wptt,1118,Train,1118-P20
F:\PycharmProjects\DeepWriterID-v2\\data\raw\WPTT2.1-Train\1108-P16.wptt,1108,Train,1108-P16
F:\PycharmProjects\DeepWriterID-v2\\data\raw\WPTT2.1-Train\1108-P17.wptt,1108,Train,1108-P17
F:\PycharmProjects\DeepWriterID-v2\\data\raw\WPTT2.1-Train\1108-P18.wptt,1108,Train,1108-P18
F:\PycharmProjects\DeepWriterID-v2\\data\raw\WPTT2.1-Train\1108-P19.wptt,1108,Train,1108-P19
F:\PycharmProjects\DeepWriterID-v2\\data\raw\WPTT2.1-Train\1108-P20.wptt,1108,Test,1108-P20
F:\PycharmProjects\DeepWriterID-v2\\data\raw\WPTT2.1-Train\1119-P16.wptt,1119,Test,1119-P16
F:\PycharmProjects\DeepWriterID-v2\\data\raw\WPTT2.1-Train\1119-P17.wptt,1119,Train,1119-P17
F:\PycharmProjects\DeepWriterID-v2\\data\raw\WPTT2.1-Train\1119-P18.wptt,1119,Train,1119-P18
F:\PycharmProjects\DeepWriterID-v2\\data\raw\WPTT2.1-Train\1119-P19.wptt,1119,Train,1119-P19
F:\PycharmProjects\DeepWriterID-v2\\data\raw\WPTT2.1-Train\1119-P20.wptt,1119,Train,1119-P20
F:\PycharmProjects\DeepWriterID-v2\\data\raw\WPTT2.1-Train\1109-P16.wptt,1109,Train,1109-P16
F:\PycharmProjects\DeepWriterID-v2\\data\raw\WPTT2.1-Train\1109-P17.wptt,1109,Train,1109-P17
F:\PycharmProjects\DeepWriterID-v2\\data\raw\WPTT2.1-Train\1109-P18.wptt,1109,Train,1109-P18
F:\PycharmProjects\DeepWriterID-v2\\data\raw\WPTT2.1-Train\1109-P19.wptt,1109,Test,1109-P19
F:\PycharmProjects\DeepWriterID-v2\\data\raw\WPTT2.1-Train\1109-P20.wptt,1109,Train,1109-P20
F:\PycharmProjects\DeepWriterID-v2\\data\raw\WPTT2.1-Train\1120-P16.wptt,1120,Train,1120-P16
F:\PycharmProjects\DeepWriterID-v2\\data\raw\WPTT2.1-Train\1120-P17.wptt,1120,Test,1120-P17
F:\PycharmProjects\DeepWriterID-v2\\data\raw\WPTT2.1-Train\1120-P18.wptt,1120,Train,1120-P18
F:\PycharmProjects\DeepWriterID-v2\\data\raw\WPTT2.1-Train\1120-P19.wptt,1120,Train,1120-P19
F:\PycharmProjects\DeepWriterID-v2\\data\raw\WPTT2.1-Train\1120-P20.wptt,1120,Train,1120-P20
F:\PycharmProjects\DeepWriterID-v2\\data\raw\WPTT2.1-Train\1110-P16.wptt,1110,Train,1110-P16
F:\PycharmProjects\DeepWriterID-v2\\data\raw\WPTT2.1-Train\1110-P17.wptt,1110,Test,1110-P17
F:\PycharmProjects\DeepWriterID-v2\\data\raw\WPTT2.1-Train\1110-P18.wptt,1110,Train,1110-P18
F:\PycharmProjects\DeepWriterID-v2\\data\raw\WPTT2.1-Train\1110-P19.wptt,1110,Train,1110-P19
F:\PycharmProjects\DeepWriterID-v2\\data\raw\WPTT2.1-Train\1110-P20.wptt,1110,Train,1110-P20
F:\PycharmProjects\DeepWriterID-v2\\data\raw\WPTT2.1-Train\1143-P18.wptt,1143,Train,1143-P18
F:\PycharmProjects\DeepWriterID-v2\\data\raw\WPTT2.1-Train\1143-P16.wptt,1143,Train,1143-P16
F:\PycharmProjects\DeepWriterID-v2\\data\raw\WPTT2.1-Train\1143-P17.wptt,1143,Test,1143-P17
F:\PycharmProjects\DeepWriterID-v2\\data\raw\WPTT2.1-Train\1143-P19.wptt,1143,Train,1143-P19
F:\PycharmProjects\DeepWriterID-v2\\data\raw\WPTT2.1-Train\1143-P20.wptt,1143,Train,1143-P20
F:\PycharmProjects\DeepWriterID-v2\\data\raw\WPTT2.1-Train\1132-P19.wptt,1132,Test,1132-P19
F:\PycharmProjects\DeepWriterID-v2\\data\raw\WPTT2.1-Train\1132-P18.wptt,1132,Train,1132-P18
F:\PycharmProjects\DeepWriterID-v2\\data\raw\WPTT2.1-Train\1132-P20.wptt,1132,Train,1132-P20
F:\PycharmProjects\DeepWriterID-v2\\data\raw\WPTT2.1-Train\1132-P16.wptt,1132,Train,1132-P16
F:\PycharmProjects\DeepWriterID-v2\\data\raw\WPTT2.1-Train\1132-P17.wptt,1132,Train,1132-P17
F:\PycharmProjects\DeepWriterID-v2\\data\raw\WPTT2.1-Train\1133-P16.wptt,1133,Train,1133-P16
F:\PycharmProjects\DeepWriterID-v2\\data\raw\WPTT2.1-Train\1133-P17.wptt,1133,Train,1133-P17
F:\PycharmProjects\DeepWriterID-v2\\data\raw\WPTT2.1-Train\1133-P18.wptt,1133,Train,1133-P18
F:\PycharmProjects\DeepWriterID-v2\\data\raw\WPTT2.1-Train\1133-P19.wptt,1133,Test,1133-P19
F:\PycharmProjects\DeepWriterID-v2\\data\raw\WPTT2.1-Train\1133-P20.wptt,1133,Train,1133-P20
F:\PycharmProjects\DeepWriterID-v2\\data\raw\WPTT2.1-Train\1122-P16.wptt,1122,Train,1122-P16
F:\PycharmProjects\DeepWriterID-v2\\data\raw\WPTT2.1-Train\1122-P17.wptt,1122,Train,1122-P17
F:\PycharmProjects\DeepWriterID-v2\\data\raw\WPTT2.1-Train\1122-P18.wptt,1122,Train,1122-P18
F:\PycharmProjects\DeepWriterID-v2\\data\raw\WPTT2.1-Train\1122-P19.wptt,1122,Train,1122-P19
F:\PycharmProjects\DeepWriterID-v2\\data\raw\WPTT2.1-Train\1122-P20.wptt,1122,Test,1122-P20
F:\PycharmProjects\DeepWriterID-v2\\data\raw\WPTT2.1-Train\1134-P16.wptt,1134,Test,1134-P16
F:\PycharmProjects\DeepWriterID-v2\\data\raw\WPTT2.1-Train\1134-P17.wptt,1134,Train,1134-P17
F:\PycharmProjects\DeepWriterID-v2\\data\raw\WPTT2.1-Train\1134-P18.wptt,1134,Train,1134-P18
F:\PycharmProjects\DeepWriterID-v2\\data\raw\WPTT2.1-Train\1134-P19.wptt,1134,Train,1134-P19
F:\PycharmProjects\DeepWriterID-v2\\data\raw\WPTT2.1-Train\1134-P20.wptt,1134,Train,1134-P20
F:\PycharmProjects\DeepWriterID-v2\\data\raw\WPTT2.1-Train\1123-P16.wptt,1123,Train,1123-P16
F:\PycharmProjects\DeepWriterID-v2\\data\raw\WPTT2.1-Train\1123-P17.wptt,1123,Train,1123-P17
F:\PycharmProjects\DeepWriterID-v2\\data\raw\WPTT2.1-Train\1123-P18.wptt,1123,Train,1123-P18
F:\PycharmProjects\DeepWriterID-v2\\data\raw\WPTT2.1-Train\1123-P19.wptt,1123,Train,1123-P19
F:\PycharmProjects\DeepWriterID-v2\\data\raw\WPTT2.1-Train\1123-P20.wptt,1123,Test,1123-P20
F:\PycharmProjects\DeepWriterID-v2\\data\raw\WPTT2.1-Train\1135-P16.wptt,1135,Train,1135-P16
F:\PycharmProjects\DeepWriterID-v2\\data\raw\WPTT2.1-Train\1135-P17.wptt,1135,Train,1135-P17
F:\PycharmProjects\DeepWriterID-v2\\data\raw\WPTT2.1-Train\1135-P18.wptt,1135,Train,1135-P18
F:\PycharmProjects\DeepWriterID-v2\\data\raw\WPTT2.1-Train\1135-P19.wptt,1135,Train,1135-P19
F:\PycharmProjects\DeepWriterID-v2\\data\raw\WPTT2.1-Train\1135-P20.wptt,1135,Test,1135-P20
F:\PycharmProjects\DeepWriterID-v2\\data\raw\WPTT2.1-Train\1124-P16.wptt,1124,Train,1124-P16
F:\PycharmProjects\DeepWriterID-v2\\data\raw\WPTT2.1-Train\1124-P17.wptt,1124,Train,1124-P17
F:\PycharmProjects\DeepWriterID-v2\\data\raw\WPTT2.1-Train\1124-P18.wptt,1124,Train,1124-P18
F:\PycharmProjects\DeepWriterID-v2\\data\raw\WPTT2.1-Train\1124-P19.wptt,1124,Test,1124-P19
F:\PycharmProjects\DeepWriterID-v2\\data\raw\WPTT2.1-Train\1124-P20.wptt,1124,Train,1124-P20
F:\PycharmProjects\DeepWriterID-v2\\data\raw\WPTT2.1-Train\1136-P16.wptt,1136,Train,1136-P16
F:\PycharmProjects\DeepWriterID-v2\\data\raw\WPTT2.1-Train\1136-P17.wptt,1136,Test,1136-P17
F:\PycharmProjects\DeepWriterID-v2\\data\raw\WPTT2.1-Train\1136-P18.wptt,1136,Train,1136-P18
F:\PycharmProjects\DeepWriterID-v2\\data\raw\WPTT2.1-Train\1136-P19.wptt,1136,Train,1136-P19
F:\PycharmProjects\DeepWriterID-v2\\data\raw\WPTT2.1-Train\1136-P20.wptt,1136,Train,1136-P20
F:\PycharmProjects\DeepWriterID-v2\\data\raw\WPTT2.1-Train\1125-P16.wptt,1125,Train,1125-P16
F:\PycharmProjects\DeepWriterID-v2\\data\raw\WPTT2.1-Train\1125-P17.wptt,1125,Train,1125-P17
F:\PycharmProjects\DeepWriterID-v2\\data\raw\WPTT2.1-Train\1125-P18.wptt,1125,Train,1125-P18
F:\PycharmProjects\DeepWriterID-v2\\data\raw\WPTT2.1-Train\1125-P19.wptt,1125,Test,1125-P19
F:\PycharmProjects\DeepWriterID-v2\\data\raw\WPTT2.1-Train\1125-P20.wptt,1125,Train,1125-P20
F:\PycharmProjects\DeepWriterID-v2\\data\raw\WPTT2.1-Train\1137-P16.wptt,1137,Train,1137-P16
F:\PycharmProjects\DeepWriterID-v2\\data\raw\WPTT2.1-Train\1137-P17.wptt,1137,Train,1137-P17
F:\PycharmProjects\DeepWriterID-v2\\data\raw\WPTT2.1-Train\1137-P18.wptt,1137,Test,1137-P18
F:\PycharmProjects\DeepWriterID-v2\\data\raw\WPTT2.1-Train\1137-P19.wptt,1137,Train,1137-P19
F:\PycharmProjects\DeepWriterID-v2\\data\raw\WPTT2.1-Train\1137-P20.wptt,1137,Train,1137-P20
F:\PycharmProjects\DeepWriterID-v2\\data\raw\WPTT2.1-Train\1126-P16.wptt,1126,Train,1126-P16
F:\PycharmProjects\DeepWriterID-v2\\data\raw\WPTT2.1-Train\1126-P17.wptt,1126,Train,1126-P17
F:\PycharmProjects\DeepWriterID-v2\\data\raw\WPTT2.1-Train\1126-P18.wptt,1126,Train,1126-P18
F:\PycharmProjects\DeepWriterID-v2\\data\raw\WPTT2.1-Train\1126-P19.wptt,1126,Test,1126-P19
F:\PycharmProjects\DeepWriterID-v2\\data\raw\WPTT2.1-Train\1126-P20.wptt,1126,Train,1126-P20
F:\PycharmProjects\DeepWriterID-v2\\data\raw\WPTT2.1-Train\1138-P16.wptt,1138,Train,1138-P16
F:\PycharmProjects\DeepWriterID-v2\\data\raw\WPTT2.1-Train\1138-P17.wptt,1138,Test,1138-P17
F:\PycharmProjects\DeepWriterID-v2\\data\raw\WPTT2.1-Train\1138-P18.wptt,1138,Train,1138-P18
F:\PycharmProjects\DeepWriterID-v2\\data\raw\WPTT2.1-Train\1138-P19.wptt,1138,Train,1138-P19
F:\PycharmProjects\DeepWriterID-v2\\data\raw\WPTT2.1-Train\1138-P20.wptt,1138,Train,1138-P20
F:\PycharmProjects\DeepWriterID-v2\\data\raw\WPTT2.1-Train\1127-P16.wptt,1127,Train,1127-P16
F:\PycharmProjects\DeepWriterID-v2\\data\raw\WPTT2.1-Train\1127-P17.wptt,1127,Train,1127-P17
F:\PycharmProjects\DeepWriterID-v2\\data\raw\WPTT2.1-Train\1127-P18.wptt,1127,Test,1127-P18
F:\PycharmProjects\DeepWriterID-v2\\data\raw\WPTT2.1-Train\1127-P19.wptt,1127,Train,1127-P19
F:\PycharmProjects\DeepWriterID-v2\\data\raw\WPTT2.1-Train\1127-P20.wptt,1127,Train,1127-P20
F:\PycharmProjects\DeepWriterID-v2\\data\raw\WPTT2.1-Train\1139-P16.wptt,1139,Train,1139-P16
F:\PycharmProjects\DeepWriterID-v2\\data\raw\WPTT2.1-Train\1139-P17.wptt,1139,Train,1139-P17
F:\PycharmProjects\DeepWriterID-v2\\data\raw\WPTT2.1-Train\1139-P18.wptt,1139,Train,1139-P18
F:\PycharmProjects\DeepWriterID-v2\\data\raw\WPTT2.1-Train\1139-P19.wptt,1139,Test,1139-P19
F:\PycharmProjects\DeepWriterID-v2\\data\raw\WPTT2.1-Train\1139-P20.wptt,1139,Train,1139-P20
F:\PycharmProjects\DeepWriterID-v2\\data\raw\WPTT2.1-Train\1128-P16.wptt,1128,Train,1128-P16
F:\PycharmProjects\DeepWriterID-v2\\data\raw\WPTT2.1-Train\1128-P17.wptt,1128,Train,1128-P17
F:\PycharmProjects\DeepWriterID-v2\\data\raw\WPTT2.1-Train\1128-P18.wptt,1128,Train,1128-P18
F:\PycharmProjects\DeepWriterID-v2\\data\raw\WPTT2.1-Train\1128-P19.wptt,1128,Train,1128-P19
F:\PycharmProjects\DeepWriterID-v2\\data\raw\WPTT2.1-Train\1128-P20.wptt,1128,Test,1128-P20
F:\PycharmProjects\DeepWriterID-v2\\data\raw\WPTT2.1-Train\1140-P16.wptt,1140,Train,1140-P16
F:\PycharmProjects\DeepWriterID-v2\\data\raw\WPTT2.1-Train\1140-P17.wptt,1140,Test,1140-P17
F:\PycharmProjects\DeepWriterID-v2\\data\raw\WPTT2.1-Train\1140-P18.wptt,1140,Train,1140-P18
F:\PycharmProjects\DeepWriterID-v2\\data\raw\WPTT2.1-Train\1140-P19.wptt,1140,Train,1140-P19
F:\PycharmProjects\DeepWriterID-v2\\data\raw\WPTT2.1-Train\1140-P20.wptt,1140,Train,1140-P20
F:\PycharmProjects\DeepWriterID-v2\\data\raw\WPTT2.1-Train\1129-P16.wptt,1129,Train,1129-P16
F:\PycharmProjects\DeepWriterID-v2\\data\raw\WPTT2.1-Train\1129-P17.wptt,1129,Train,1129-P17
F:\PycharmProjects\DeepWriterID-v2\\data\raw\WPTT2.1-Train\1129-P18.wptt,1129,Train,1129-P18
F:\PycharmProjects\DeepWriterID-v2\\data\raw\WPTT2.1-Train\1129-P19.wptt,1129,Train,1129-P19
F:\PycharmProjects\DeepWriterID-v2\\data\raw\WPTT2.1-Train\1129-P20.wptt,1129,Test,1129-P20
F:\PycharmProjects\DeepWriterID-v2\\data\raw\WPTT2.1-Train\1141-P16.wptt,1141,Train,1141-P16
F:\PycharmProjects\DeepWriterID-v2\\data\raw\WPTT2.1-Train\1141-P17.wptt,1141,Train,1141-P17
F:\PycharmProjects\DeepWriterID-v2\\data\raw\WPTT2.1-Train\1141-P18.wptt,1141,Train,1141-P18
F:\PycharmProjects\DeepWriterID-v2\\data\raw\WPTT2.1-Train\1141-P19.wptt,1141,Test,1141-P19
F:\PycharmProjects\DeepWriterID-v2\\data\raw\WPTT2.1-Train\1141-P20.wptt,1141,Train,1141-P20
F:\PycharmProjects\DeepWriterID-v2\\data\raw\WPTT2.1-Train\1130-P16.wptt,1130,Test,1130-P16
F:\PycharmProjects\DeepWriterID-v2\\data\raw\WPTT2.1-Train\1130-P17.wptt,1130,Train,1130-P17
F:\PycharmProjects\DeepWriterID-v2\\data\raw\WPTT2.1-Train\1130-P18.wptt,1130,Train,1130-P18
F:\PycharmProjects\DeepWriterID-v2\\data\raw\WPTT2.1-Train\1130-P19.wptt,1130,Train,1130-P19
F:\PycharmProjects\DeepWriterID-v2\\data\raw\WPTT2.1-Train\1130-P20.wptt,1130,Train,1130-P20
F:\PycharmProjects\DeepWriterID-v2\\data\raw\WPTT2.1-Train\1142-P16.wptt,1142,Train,1142-P16
F:\PycharmProjects\DeepWriterID-v2\\data\raw\WPTT2.1-Train\1142-P17.wptt,1142,Test,1142-P17
F:\PycharmProjects\DeepWriterID-v2\\data\raw\WPTT2.1-Train\1142-P18.wptt,1142,Train,1142-P18
F:\PycharmProjects\DeepWriterID-v2\\data\raw\WPTT2.1-Train\1142-P19.wptt,1142,Train,1142-P19
F:\PycharmProjects\DeepWriterID-v2\\data\raw\WPTT2.1-Train\1142-P20.wptt,1142,Train,1142-P20
F:\PycharmProjects\DeepWriterID-v2\\data\raw\WPTT2.1-Train\1131-P16.wptt,1131,Train,1131-P16
F:\PycharmProjects\DeepWriterID-v2\\data\raw\WPTT2.1-Train\1131-P17.wptt,1131,Train,1131-P17
F:\PycharmProjects\DeepWriterID-v2\\data\raw\WPTT2.1-Train\1131-P18.wptt,1131,Test,1131-P18
F:\PycharmProjects\DeepWriterID-v2\\data\raw\WPTT2.1-Train\1131-P19.wptt,1131,Train,1131-P19
F:\PycharmProjects\DeepWriterID-v2\\data\raw\WPTT2.1-Train\1131-P20.wptt,1131,Train,1131-P20
F:\PycharmProjects\DeepWriterID-v2\\data\raw\WPTT2.1-Train\1165-P20.wptt,1165,Test,1165-P20
F:\PycharmProjects\DeepWriterID-v2\\data\raw\WPTT2.1-Train\1165-P16.wptt,1165,Train,1165-P16
F:\PycharmProjects\DeepWriterID-v2\\data\raw\WPTT2.1-Train\1165-P17.wptt,1165,Train,1165-P17
F:\PycharmProjects\DeepWriterID-v2\\data\raw\WPTT2.1-Train\1165-P18.wptt,1165,Train,1165-P18
F:\PycharmProjects\DeepWriterID-v2\\data\raw\WPTT2.1-Train\1165-P19.wptt,1165,Train,1165-P19
F:\PycharmProjects\DeepWriterID-v2\\data\raw\WPTT2.1-Train\1155-P16.wptt,1155,Train,1155-P16
F:\PycharmProjects\DeepWriterID-v2\\data\raw\WPTT2.1-Train\1155-P17.wptt,1155,Train,1155-P17
F:\PycharmProjects\DeepWriterID-v2\\data\raw\WPTT2.1-Train\1155-P18.wptt,1155,Train,1155-P18
F:\PycharmProjects\DeepWriterID-v2\\data\raw\WPTT2.1-Train\1155-P19.wptt,1155,Train,1155-P19
F:\PycharmProjects\DeepWriterID-v2\\data\raw\WPTT2.1-Train\1155-P20.wptt,1155,Test,1155-P20
F:\PycharmProjects\DeepWriterID-v2\\data\raw\WPTT2.1-Train\1154-P20.wptt,1154,Train,1154-P20
F:\PycharmProjects\DeepWriterID-v2\\data\raw\WPTT2.1-Train\1154-P16.wptt,1154,Train,1154-P16
F:\PycharmProjects\DeepWriterID-v2\\data\raw\WPTT2.1-Train\1154-P17.wptt,1154,Train,1154-P17
F:\PycharmProjects\DeepWriterID-v2\\data\raw\WPTT2.1-Train\1154-P18.wptt,1154,Train,1154-P18
F:\PycharmProjects\DeepWriterID-v2\\data\raw\WPTT2.1-Train\1154-P19.wptt,1154,Test,1154-P19
F:\PycharmProjects\DeepWriterID-v2\\data\raw\WPTT2.1-Train\1144-P16.wptt,1144,Train,1144-P16
F:\PycharmProjects\DeepWriterID-v2\\data\raw\WPTT2.1-Train\1144-P17.wptt,1144,Train,1144-P17
F:\PycharmProjects\DeepWriterID-v2\\data\raw\WPTT2.1-Train\1144-P18.wptt,1144,Train,1144-P18
F:\PycharmProjects\DeepWriterID-v2\\data\raw\WPTT2.1-Train\1144-P19.wptt,1144,Test,1144-P19
F:\PycharmProjects\DeepWriterID-v2\\data\raw\WPTT2.1-Train\1144-P20.wptt,1144,Train,1144-P20
F:\PycharmProjects\DeepWriterID-v2\\data\raw\WPTT2.1-Train\1156-P16.wptt,1156,Train,1156-P16
F:\PycharmProjects\DeepWriterID-v2\\data\raw\WPTT2.1-Train\1156-P17.wptt,1156,Train,1156-P17
F:\PycharmProjects\DeepWriterID-v2\\data\raw\WPTT2.1-Train\1156-P18.wptt,1156,Train,1156-P18
F:\PycharmProjects\DeepWriterID-v2\\data\raw\WPTT2.1-Train\1156-P19.wptt,1156,Train,1156-P19
F:\PycharmProjects\DeepWriterID-v2\\data\raw\WPTT2.1-Train\1156-P20.wptt,1156,Test,1156-P20
F:\PycharmProjects\DeepWriterID-v2\\data\raw\WPTT2.1-Train\1145-P16.wptt,1145,Test,1145-P16
F:\PycharmProjects\DeepWriterID-v2\\data\raw\WPTT2.1-Train\1145-P17.wptt,1145,Train,1145-P17
F:\PycharmProjects\DeepWriterID-v2\\data\raw\WPTT2.1-Train\1145-P18.wptt,1145,Train,1145-P18
F:\PycharmProjects\DeepWriterID-v2\\data\raw\WPTT2.1-Train\1145-P19.wptt,1145,Train,1145-P19
F:\PycharmProjects\DeepWriterID-v2\\data\raw\WPTT2.1-Train\1145-P20.wptt,1145,Train,1145-P20
F:\PycharmProjects\DeepWriterID-v2\\data\raw\WPTT2.1-Train\1157-P16.wptt,1157,Train,1157-P16
F:\PycharmProjects\DeepWriterID-v2\\data\raw\WPTT2.1-Train\1157-P17.wptt,1157,Train,1157-P17
F:\PycharmProjects\DeepWriterID-v2\\data\raw\WPTT2.1-Train\1157-P18.wptt,1157,Train,1157-P18
F:\PycharmProjects\DeepWriterID-v2\\data\raw\WPTT2.1-Train\1157-P19.wptt,1157,Test,1157-P19
F:\PycharmProjects\DeepWriterID-v2\\data\raw\WPTT2.1-Train\1157-P20.wptt,1157,Train,1157-P20
F:\PycharmProjects\DeepWriterID-v2\\data\raw\WPTT2.1-Train\1146-P16.wptt,1146,Train,1146-P16
F:\PycharmProjects\DeepWriterID-v2\\data\raw\WPTT2.1-Train\1146-P17.wptt,1146,Train,1146-P17
F:\PycharmProjects\DeepWriterID-v2\\data\raw\WPTT2.1-Train\1146-P18.wptt,1146,Test,1146-P18
F:\PycharmProjects\DeepWriterID-v2\\data\raw\WPTT2.1-Train\1146-P19.wptt,1146,Train,1146-P19
F:\PycharmProjects\DeepWriterID-v2\\data\raw\WPTT2.1-Train\1146-P20.wptt,1146,Train,1146-P20
F:\PycharmProjects\DeepWriterID-v2\\data\raw\WPTT2.1-Train\1158-P16.wptt,1158,Train,1158-P16
F:\PycharmProjects\DeepWriterID-v2\\data\raw\WPTT2.1-Train\1158-P17.wptt,1158,Train,1158-P17
F:\PycharmProjects\DeepWriterID-v2\\data\raw\WPTT2.1-Train\1158-P18.wptt,1158,Train,1158-P18
F:\PycharmProjects\DeepWriterID-v2\\data\raw\WPTT2.1-Train\1158-P19.wptt,1158,Train,1158-P19
F:\PycharmProjects\DeepWriterID-v2\\data\raw\WPTT2.1-Train\1158-P20.wptt,1158,Test,1158-P20
F:\PycharmProjects\DeepWriterID-v2\\data\raw\WPTT2.1-Train\1147-P16.wptt,1147,Train,1147-P16
F:\PycharmProjects\DeepWriterID-v2\\data\raw\WPTT2.1-Train\1147-P17.wptt,1147,Train,1147-P17
F:\PycharmProjects\DeepWriterID-v2\\data\raw\WPTT2.1-Train\1147-P18.wptt,1147,Test,1147-P18
F:\PycharmProjects\DeepWriterID-v2\\data\raw\WPTT2.1-Train\1147-P19.wptt,1147,Train,1147-P19
F:\PycharmProjects\DeepWriterID-v2\\data\raw\WPTT2.1-Train\1147-P20.wptt,1147,Train,1147-P20
F:\PycharmProjects\DeepWriterID-v2\\data\raw\WPTT2.1-Train\1159-P16.wptt,1159,Train,1159-P16
F:\PycharmProjects\DeepWriterID-v2\\data\raw\WPTT2.1-Train\1159-P17.wptt,1159,Train,1159-P17
F:\PycharmProjects\DeepWriterID-v2\\data\raw\WPTT2.1-Train\1159-P18.wptt,1159,Train,1159-P18
F:\PycharmProjects\DeepWriterID-v2\\data\raw\WPTT2.1-Train\1159-P19.wptt,1159,Test,1159-P19
F:\PycharmProjects\DeepWriterID-v2\\data\raw\WPTT2.1-Train\1159-P20.wptt,1159,Train,1159-P20
F:\PycharmProjects\DeepWriterID-v2\\data\raw\WPTT2.1-Train\1148-P16.wptt,1148,Test,1148-P16
F:\PycharmProjects\DeepWriterID-v2\\data\raw\WPTT2.1-Train\1148-P17.wptt,1148,Train,1148-P17
F:\PycharmProjects\DeepWriterID-v2\\data\raw\WPTT2.1-Train\1148-P18.wptt,1148,Train,1148-P18
F:\PycharmProjects\DeepWriterID-v2\\data\raw\WPTT2.1-Train\1148-P19.wptt,1148,Train,1148-P19
F:\PycharmProjects\DeepWriterID-v2\\data\raw\WPTT2.1-Train\1148-P20.wptt,1148,Train,1148-P20
F:\PycharmProjects\DeepWriterID-v2\\data\raw\WPTT2.1-Train\1160-P16.wptt,1160,Train,1160-P16
F:\PycharmProjects\DeepWriterID-v2\\data\raw\WPTT2.1-Train\1160-P17.wptt,1160,Train,1160-P17
F:\PycharmProjects\DeepWriterID-v2\\data\raw\WPTT2.1-Train\1160-P18.wptt,1160,Train,1160-P18
F:\PycharmProjects\DeepWriterID-v2\\data\raw\WPTT2.1-Train\1160-P19.wptt,1160,Test,1160-P19
F:\PycharmProjects\DeepWriterID-v2\\data\raw\WPTT2.1-Train\1160-P20.wptt,1160,Train,1160-P20
F:\PycharmProjects\DeepWriterID-v2\\data\raw\WPTT2.1-Train\1149-P16.wptt,1149,Train,1149-P16
F:\PycharmProjects\DeepWriterID-v2\\data\raw\WPTT2.1-Train\1149-P17.wptt,1149,Test,1149-P17
F:\PycharmProjects\DeepWriterID-v2\\data\raw\WPTT2.1-Train\1149-P18.wptt,1149,Train,1149-P18
F:\PycharmProjects\DeepWriterID-v2\\data\raw\WPTT2.1-Train\1149-P19.wptt,1149,Train,1149-P19
F:\PycharmProjects\DeepWriterID-v2\\data\raw\WPTT2.1-Train\1149-P20.wptt,1149,Train,1149-P20
F:\PycharmProjects\DeepWriterID-v2\\data\raw\WPTT2.1-Train\1161-P16.wptt,1161,Train,1161-P16
F:\PycharmProjects\DeepWriterID-v2\\data\raw\WPTT2.1-Train\1161-P17.wptt,1161,Test,1161-P17
F:\PycharmProjects\DeepWriterID-v2\\data\raw\WPTT2.1-Train\1161-P18.wptt,1161,Train,1161-P18
F:\PycharmProjects\DeepWriterID-v2\\data\raw\WPTT2.1-Train\1161-P19.wptt,1161,Train,1161-P19
F:\PycharmProjects\DeepWriterID-v2\\data\raw\WPTT2.1-Train\1161-P20.wptt,1161,Train,1161-P20
F:\PycharmProjects\DeepWriterID-v2\\data\raw\WPTT2.1-Train\1150-P16.wptt,1150,Train,1150-P16
F:\PycharmProjects\DeepWriterID-v2\\data\raw\WPTT2.1-Train\1150-P17.wptt,1150,Train,1150-P17
F:\PycharmProjects\DeepWriterID-v2\\data\raw\WPTT2.1-Train\1150-P18.wptt,1150,Train,1150-P18
F:\PycharmProjects\DeepWriterID-v2\\data\raw\WPTT2.1-Train\1150-P19.wptt,1150,Test,1150-P19
F:\PycharmProjects\DeepWriterID-v2\\data\raw\WPTT2.1-Train\1150-P20.wptt,1150,Train,1150-P20
F:\PycharmProjects\DeepWriterID-v2\\data\raw\WPTT2.1-Train\1162-P16.wptt,1162,Train,1162-P16
F:\PycharmProjects\DeepWriterID-v2\\data\raw\WPTT2.1-Train\1162-P17.wptt,1162,Train,1162-P17
F:\PycharmProjects\DeepWriterID-v2\\data\raw\WPTT2.1-Train\1162-P18.wptt,1162,Train,1162-P18
F:\PycharmProjects\DeepWriterID-v2\\data\raw\WPTT2.1-Train\1162-P19.wptt,1162,Test,1162-P19
F:\PycharmProjects\DeepWriterID-v2\\data\raw\WPTT2.1-Train\1162-P20.wptt,1162,Train,1162-P20
F:\PycharmProjects\DeepWriterID-v2\\data\raw\WPTT2.1-Train\1151-P16.wptt,1151,Train,1151-P16
F:\PycharmProjects\DeepWriterID-v2\\data\raw\WPTT2.1-Train\1151-P17.wptt,1151,Test,1151-P17
F:\PycharmProjects\DeepWriterID-v2\\data\raw\WPTT2.1-Train\1151-P18.wptt,1151,Train,1151-P18
F:\PycharmProjects\DeepWriterID-v2\\data\raw\WPTT2.1-Train\1151-P19.wptt,1151,Train,1151-P19
F:\PycharmProjects\DeepWriterID-v2\\data\raw\WPTT2.1-Train\1151-P20.wptt,1151,Train,1151-P20
F:\PycharmProjects\DeepWriterID-v2\\data\raw\WPTT2.1-Train\1163-P16.wptt,1163,Train,1163-P16
F:\PycharmProjects\DeepWriterID-v2\\data\raw\WPTT2.1-Train\1163-P17.wptt,1163,Train,1163-P17
F:\PycharmProjects\DeepWriterID-v2\\data\raw\WPTT2.1-Train\1163-P18.wptt,1163,Test,1163-P18
F:\PycharmProjects\DeepWriterID-v2\\data\raw\WPTT2.1-Train\1163-P19.wptt,1163,Train,1163-P19
F:\PycharmProjects\DeepWriterID-v2\\data\raw\WPTT2.1-Train\1163-P20.wptt,1163,Train,1163-P20
F:\PycharmProjects\DeepWriterID-v2\\data\raw\WPTT2.1-Train\1152-P16.wptt,1152,Train,1152-P16
F:\PycharmProjects\DeepWriterID-v2\\data\raw\WPTT2.1-Train\1152-P17.wptt,1152,Test,1152-P17
F:\PycharmProjects\DeepWriterID-v2\\data\raw\WPTT2.1-Train\1152-P18.wptt,1152,Train,1152-P18
F:\PycharmProjects\DeepWriterID-v2\\data\raw\WPTT2.1-Train\1152-P19.wptt,1152,Train,1152-P19
F:\PycharmProjects\DeepWriterID-v2\\data\raw\WPTT2.1-Train\1152-P20.wptt,1152,Train,1152-P20
F:\PycharmProjects\DeepWriterID-v2\\data\raw\WPTT2.1-Train\1164-P16.wptt,1164,Train,1164-P16
F:\PycharmProjects\DeepWriterID-v2\\data\raw\WPTT2.1-Train\1164-P17.wptt,1164,Train,1164-P17
F:\PycharmProjects\DeepWriterID-v2\\data\raw\WPTT2.1-Train\1164-P18.wptt,1164,Test,1164-P18
F:\PycharmProjects\DeepWriterID-v2\\data\raw\WPTT2.1-Train\1164-P19.wptt,1164,Train,1164-P19
F:\PycharmProjects\DeepWriterID-v2\\data\raw\WPTT2.1-Train\1164-P20.wptt,1164,Train,1164-P20
F:\PycharmProjects\DeepWriterID-v2\\data\raw\WPTT2.1-Train\1153-P16.wptt,1153,Train,1153-P16
F:\PycharmProjects\DeepWriterID-v2\\data\raw\WPTT2.1-Train\1153-P17.wptt,1153,Train,1153-P17
F:\PycharmProjects\DeepWriterID-v2\\data\raw\WPTT2.1-Train\1153-P18.wptt,1153,Train,1153-P18
F:\PycharmProjects\DeepWriterID-v2\\data\raw\WPTT2.1-Train\1153-P19.wptt,1153,Train,1153-P19
F:\PycharmProjects\DeepWriterID-v2\\data\raw\WPTT2.1-Train\1153-P20.wptt,1153,Test,1153-P20
F:\PycharmProjects\DeepWriterID-v2\\data\raw\WPTT2.1-Train\1188-P17.wptt,1188,Train,1188-P17
F:\PycharmProjects\DeepWriterID-v2\\data\raw\WPTT2.1-Train\1188-P16.wptt,1188,Train,1188-P16
F:\PycharmProjects\DeepWriterID-v2\\data\raw\WPTT2.1-Train\1188-P18.wptt,1188,Test,1188-P18
F:\PycharmProjects\DeepWriterID-v2\\data\raw\WPTT2.1-Train\1188-P19.wptt,1188,Train,1188-P19
F:\PycharmProjects\DeepWriterID-v2\\data\raw\WPTT2.1-Train\1188-P20.wptt,1188,Train,1188-P20
F:\PycharmProjects\DeepWriterID-v2\\data\raw\WPTT2.1-Train\1166-P16.wptt,1166,Train,1166-P16
F:\PycharmProjects\DeepWriterID-v2\\data\raw\WPTT2.1-Train\1166-P17.wptt,1166,Train,1166-P17
F:\PycharmProjects\DeepWriterID-v2\\data\raw\WPTT2.1-Train\1166-P18.wptt,1166,Test,1166-P18
F:\PycharmProjects\DeepWriterID-v2\\data\raw\WPTT2.1-Train\1166-P19.wptt,1166,Train,1166-P19
F:\PycharmProjects\DeepWriterID-v2\\data\raw\WPTT2.1-Train\1166-P20.wptt,1166,Train,1166-P20
F:\PycharmProjects\DeepWriterID-v2\\data\raw\WPTT2.1-Train\1177-P18.wptt,1177,Train,1177-P18
F:\PycharmProjects\DeepWriterID-v2\\data\raw\WPTT2.1-Train\1177-P17.wptt,1177,Train,1177-P17
F:\PycharmProjects\DeepWriterID-v2\\data\raw\WPTT2.1-Train\1177-P19.wptt,1177,Test,1177-P19
F:\PycharmProjects\DeepWriterID-v2\\data\raw\WPTT2.1-Train\1177-P20.wptt,1177,Train,1177-P20
F:\PycharmProjects\DeepWriterID-v2\\data\raw\WPTT2.1-Train\1177-P16.wptt,1177,Train,1177-P16
F:\PycharmProjects\DeepWriterID-v2\\data\raw\WPTT2.1-Train\1178-P16.wptt,1178,Train,1178-P16
F:\PycharmProjects\DeepWriterID-v2\\data\raw\WPTT2.1-Train\1178-P17.wptt,1178,Train,1178-P17
F:\PycharmProjects\DeepWriterID-v2\\data\raw\WPTT2.1-Train\1178-P18.wptt,1178,Train,1178-P18
F:\PycharmProjects\DeepWriterID-v2\\data\raw\WPTT2.1-Train\1178-P19.wptt,1178,Train,1178-P19
F:\PycharmProjects\DeepWriterID-v2\\data\raw\WPTT2.1-Train\1178-P20.wptt,1178,Test,1178-P20
F:\PycharmProjects\DeepWriterID-v2\\data\raw\WPTT2.1-Train\1167-P16.wptt,1167,Train,1167-P16
F:\PycharmProjects\DeepWriterID-v2\\data\raw\WPTT2.1-Train\1167-P17.wptt,1167,Test,1167-P17
F:\PycharmProjects\DeepWriterID-v2\\data\raw\WPTT2.1-Train\1167-P18.wptt,1167,Train,1167-P18
F:\PycharmProjects\DeepWriterID-v2\\data\raw\WPTT2.1-Train\1167-P19.wptt,1167,Train,1167-P19
F:\PycharmProjects\DeepWriterID-v2\\data\raw\WPTT2.1-Train\1167-P20.wptt,1167,Train,1167-P20
F:\PycharmProjects\DeepWriterID-v2\\data\raw\WPTT2.1-Train\1179-P16.wptt,1179,Test,1179-P16
F:\PycharmProjects\DeepWriterID-v2\\data\raw\WPTT2.1-Train\1179-P17.wptt,1179,Train,1179-P17
F:\PycharmProjects\DeepWriterID-v2\\data\raw\WPTT2.1-Train\1179-P18.wptt,1179,Train,1179-P18
F:\PycharmProjects\DeepWriterID-v2\\data\raw\WPTT2.1-Train\1179-P19.wptt,1179,Train,1179-P19
F:\PycharmProjects\DeepWriterID-v2\\data\raw\WPTT2.1-Train\1179-P20.wptt,1179,Train,1179-P20
F:\PycharmProjects\DeepWriterID-v2\\data\raw\WPTT2.1-Train\1168-P16.wptt,1168,Train,1168-P16
F:\PycharmProjects\DeepWriterID-v2\\data\raw\WPTT2.1-Train\1168-P17.wptt,1168,Train,1168-P17
F:\PycharmProjects\DeepWriterID-v2\\data\raw\WPTT2.1-Train\1168-P18.wptt,1168,Test,1168-P18
F:\PycharmProjects\DeepWriterID-v2\\data\raw\WPTT2.1-Train\1168-P19.wptt,1168,Train,1168-P19
F:\PycharmProjects\DeepWriterID-v2\\data\raw\WPTT2.1-Train\1168-P20.wptt,1168,Train,1168-P20
F:\PycharmProjects\DeepWriterID-v2\\data\raw\WPTT2.1-Train\1180-P16.wptt,1180,Test,1180-P16
F:\PycharmProjects\DeepWriterID-v2\\data\raw\WPTT2.1-Train\1180-P17.wptt,1180,Train,1180-P17
F:\PycharmProjects\DeepWriterID-v2\\data\raw\WPTT2.1-Train\1180-P18.wptt,1180,Train,1180-P18
F:\PycharmProjects\DeepWriterID-v2\\data\raw\WPTT2.1-Train\1180-P19.wptt,1180,Train,1180-P19
F:\PycharmProjects\DeepWriterID-v2\\data\raw\WPTT2.1-Train\1180-P20.wptt,1180,Train,1180-P20
F:\PycharmProjects\DeepWriterID-v2\\data\raw\WPTT2.1-Train\1169-P16.wptt,1169,Train,1169-P16
F:\PycharmProjects\DeepWriterID-v2\\data\raw\WPTT2.1-Train\1169-P17.wptt,1169,Train,1169-P17
F:\PycharmProjects\DeepWriterID-v2\\data\raw\WPTT2.1-Train\1169-P18.wptt,1169,Test,1169-P18
F:\PycharmProjects\DeepWriterID-v2\\data\raw\WPTT2.1-Train\1169-P19.wptt,1169,Train,1169-P19
F:\PycharmProjects\DeepWriterID-v2\\data\raw\WPTT2.1-Train\1169-P20.wptt,1169,Train,1169-P20
F:\PycharmProjects\DeepWriterID-v2\\data\raw\WPTT2.1-Train\1181-P16.wptt,1181,Train,1181-P16
F:\PycharmProjects\DeepWriterID-v2\\data\raw\WPTT2.1-Train\1181-P17.wptt,1181,Train,1181-P17
F:\PycharmProjects\DeepWriterID-v2\\data\raw\WPTT2.1-Train\1181-P18.wptt,1181,Test,1181-P18
F:\PycharmProjects\DeepWriterID-v2\\data\raw\WPTT2.1-Train\1181-P19.wptt,1181,Train,1181-P19
F:\PycharmProjects\DeepWriterID-v2\\data\raw\WPTT2.1-Train\1181-P20.wptt,1181,Train,1181-P20
F:\PycharmProjects\DeepWriterID-v2\\data\raw\WPTT2.1-Train\1170-P16.wptt,1170,Train,1170-P16
F:\PycharmProjects\DeepWriterID-v2\\data\raw\WPTT2.1-Train\1170-P17.wptt,1170,Train,1170-P17
F:\PycharmProjects\DeepWriterID-v2\\data\raw\WPTT2.1-Train\1170-P18.wptt,1170,Train,1170-P18
F:\PycharmProjects\DeepWriterID-v2\\data\raw\WPTT2.1-Train\1170-P19.wptt,1170,Test,1170-P19
F:\PycharmProjects\DeepWriterID-v2\\data\raw\WPTT2.1-Train\1170-P20.wptt,1170,Train,1170-P20
F:\PycharmProjects\DeepWriterID-v2\\data\raw\WPTT2.1-Train\1182-P16.wptt,1182,Train,1182-P16
F:\PycharmProjects\DeepWriterID-v2\\data\raw\WPTT2.1-Train\1182-P17.wptt,1182,Test,1182-P17
F:\PycharmProjects\DeepWriterID-v2\\data\raw\WPTT2.1-Train\1182-P18.wptt,1182,Train,1182-P18
F:\PycharmProjects\DeepWriterID-v2\\data\raw\WPTT2.1-Train\1182-P19.wptt,1182,Train,1182-P19
F:\PycharmProjects\DeepWriterID-v2\\data\raw\WPTT2.1-Train\1182-P20.wptt,1182,Train,1182-P20
F:\PycharmProjects\DeepWriterID-v2\\data\raw\WPTT2.1-Train\1171-P16.wptt,1171,Train,1171-P16
F:\PycharmProjects\DeepWriterID-v2\\data\raw\WPTT2.1-Train\1171-P17.wptt,1171,Train,1171-P17
F:\PycharmProjects\DeepWriterID-v2\\data\raw\WPTT2.1-Train\1171-P18.wptt,1171,Train,1171-P18
F:\PycharmProjects\DeepWriterID-v2\\data\raw\WPTT2.1-Train\1171-P19.wptt,1171,Test,1171-P19
F:\PycharmProjects\DeepWriterID-v2\\data\raw\WPTT2.1-Train\1171-P20.wptt,1171,Train,1171-P20
F:\PycharmProjects\DeepWriterID-v2\\data\raw\WPTT2.1-Train\1183-P16.wptt,1183,Train,1183-P16
F:\PycharmProjects\DeepWriterID-v2\\data\raw\WPTT2.1-Train\1183-P17.wptt,1183,Test,1183-P17
F:\PycharmProjects\DeepWriterID-v2\\data\raw\WPTT2.1-Train\1183-P18.wptt,1183,Train,1183-P18
F:\PycharmProjects\DeepWriterID-v2\\data\raw\WPTT2.1-Train\1183-P19.wptt,1183,Train,1183-P19
F:\PycharmProjects\DeepWriterID-v2\\data\raw\WPTT2.1-Train\1183-P20.wptt,1183,Train,1183-P20
F:\PycharmProjects\DeepWriterID-v2\\data\raw\WPTT2.1-Train\1172-P16.wptt,1172,Train,1172-P16
F:\PycharmProjects\DeepWriterID-v2\\data\raw\WPTT2.1-Train\1172-P17.wptt,1172,Train,1172-P17
F:\PycharmProjects\DeepWriterID-v2\\data\raw\WPTT2.1-Train\1172-P18.wptt,1172,Train,1172-P18
F:\PycharmProjects\DeepWriterID-v2\\data\raw\WPTT2.1-Train\1172-P19.wptt,1172,Train,1172-P19
F:\PycharmProjects\DeepWriterID-v2\\data\raw\WPTT2.1-Train\1172-P20.wptt,1172,Test,1172-P20
F:\PycharmProjects\DeepWriterID-v2\\data\raw\WPTT2.1-Train\1184-P16.wptt,1184,Train,1184-P16
F:\PycharmProjects\DeepWriterID-v2\\data\raw\WPTT2.1-Train\1184-P17.wptt,1184,Train,1184-P17
F:\PycharmProjects\DeepWriterID-v2\\data\raw\WPTT2.1-Train\1184-P18.wptt,1184,Train,1184-P18
F:\PycharmProjects\DeepWriterID-v2\\data\raw\WPTT2.1-Train\1184-P19.wptt,1184,Train,1184-P19
F:\PycharmProjects\DeepWriterID-v2\\data\raw\WPTT2.1-Train\1184-P20.wptt,1184,Test,1184-P20
F:\PycharmProjects\DeepWriterID-v2\\data\raw\WPTT2.1-Train\1173-P16.wptt,1173,Train,1173-P16
F:\PycharmProjects\DeepWriterID-v2\\data\raw\WPTT2.1-Train\1173-P17.wptt,1173,Test,1173-P17
F:\PycharmProjects\DeepWriterID-v2\\data\raw\WPTT2.1-Train\1173-P18.wptt,1173,Train,1173-P18
F:\PycharmProjects\DeepWriterID-v2\\data\raw\WPTT2.1-Train\1173-P19.wptt,1173,Train,1173-P19
F:\PycharmProjects\DeepWriterID-v2\\data\raw\WPTT2.1-Train\1173-P20.wptt,1173,Train,1173-P20
F:\PycharmProjects\DeepWriterID-v2\\data\raw\WPTT2.1-Train\1185-P16.wptt,1185,Train,1185-P16
F:\PycharmProjects\DeepWriterID-v2\\data\raw\WPTT2.1-Train\1185-P17.wptt,1185,Test,1185-P17
F:\PycharmProjects\DeepWriterID-v2\\data\raw\WPTT2.1-Train\1185-P18.wptt,1185,Train,1185-P18
F:\PycharmProjects\DeepWriterID-v2\\data\raw\WPTT2.1-Train\1185-P19.wptt,1185,Train,1185-P19
F:\PycharmProjects\DeepWriterID-v2\\data\raw\WPTT2.1-Train\1185-P20.wptt,1185,Train,1185-P20
F:\PycharmProjects\DeepWriterID-v2\\data\raw\WPTT2.1-Train\1174-P16.wptt,1174,Train,1174-P16
F:\PycharmProjects\DeepWriterID-v2\\data\raw\WPTT2.1-Train\1174-P17.wptt,1174,Train,1174-P17
F:\PycharmProjects\DeepWriterID-v2\\data\raw\WPTT2.1-Train\1174-P18.wptt,1174,Train,1174-P18
F:\PycharmProjects\DeepWriterID-v2\\data\raw\WPTT2.1-Train\1174-P19.wptt,1174,Train,1174-P19
F:\PycharmProjects\DeepWriterID-v2\\data\raw\WPTT2.1-Train\1174-P20.wptt,1174,Test,1174-P20
F:\PycharmProjects\DeepWriterID-v2\\data\raw\WPTT2.1-Train\1186-P16.wptt,1186,Train,1186-P16
F:\PycharmProjects\DeepWriterID-v2\\data\raw\WPTT2.1-Train\1186-P17.wptt,1186,Train,1186-P17
F:\PycharmProjects\DeepWriterID-v2\\data\raw\WPTT2.1-Train\1186-P18.wptt,1186,Test,1186-P18
F:\PycharmProjects\DeepWriterID-v2\\data\raw\WPTT2.1-Train\1186-P19.wptt,1186,Train,1186-P19
F:\PycharmProjects\DeepWriterID-v2\\data\raw\WPTT2.1-Train\1186-P20.wptt,1186,Train,1186-P20
F:\PycharmProjects\DeepWriterID-v2\\data\raw\WPTT2.1-Train\1175-P16.wptt,1175,Train,1175-P16
F:\PycharmProjects\DeepWriterID-v2\\data\raw\WPTT2.1-Train\1175-P17.wptt,1175,Train,1175-P17
F:\PycharmProjects\DeepWriterID-v2\\data\raw\WPTT2.1-Train\1175-P18.wptt,1175,Train,1175-P18
F:\PycharmProjects\DeepWriterID-v2\\data\raw\WPTT2.1-Train\1175-P19.wptt,1175,Train,1175-P19
F:\PycharmProjects\DeepWriterID-v2\\data\raw\WPTT2.1-Train\1175-P20.wptt,1175,Test,1175-P20
F:\PycharmProjects\DeepWriterID-v2\\data\raw\WPTT2.1-Train\1187-P16.wptt,1187,Train,1187-P16
F:\PycharmProjects\DeepWriterID-v2\\data\raw\WPTT2.1-Train\1187-P17.wptt,1187,Test,1187-P17
F:\PycharmProjects\DeepWriterID-v2\\data\raw\WPTT2.1-Train\1187-P18.wptt,1187,Train,1187-P18
F:\PycharmProjects\DeepWriterID-v2\\data\raw\WPTT2.1-Train\1187-P19.wptt,1187,Train,1187-P19
F:\PycharmProjects\DeepWriterID-v2\\data\raw\WPTT2.1-Train\1187-P20.wptt,1187,Train,1187-P20
F:\PycharmProjects\DeepWriterID-v2\\data\raw\WPTT2.1-Train\1176-P16.wptt,1176,Train,1176-P16
F:\PycharmProjects\DeepWriterID-v2\\data\raw\WPTT2.1-Train\1176-P17.wptt,1176,Train,1176-P17
F:\PycharmProjects\DeepWriterID-v2\\data\raw\WPTT2.1-Train\1176-P18.wptt,1176,Train,1176-P18
F:\PycharmProjects\DeepWriterID-v2\\data\raw\WPTT2.1-Train\1176-P19.wptt,1176,Test,1176-P19
F:\PycharmProjects\DeepWriterID-v2\\data\raw\WPTT2.1-Train\1176-P20.wptt,1176,Train,1176-P20
F:\PycharmProjects\DeepWriterID-v2\\data\raw\WPTT2.1-Train\1210-P19.wptt,1210,Train,1210-P19
F:\PycharmProjects\DeepWriterID-v2\\data\raw\WPTT2.1-Train\1210-P16.wptt,1210,Train,1210-P16
F:\PycharmProjects\DeepWriterID-v2\\data\raw\WPTT2.1-Train\1210-P17.wptt,1210,Train,1210-P17
F:\PycharmProjects\DeepWriterID-v2\\data\raw\WPTT2.1-Train\1210-P18.wptt,1210,Train,1210-P18
F:\PycharmProjects\DeepWriterID-v2\\data\raw\WPTT2.1-Train\1210-P20.wptt,1210,Test,1210-P20
F:\PycharmProjects\DeepWriterID-v2\\data\raw\WPTT2.1-Train\1199-P20.wptt,1199,Train,1199-P20
F:\PycharmProjects\DeepWriterID-v2\\data\raw\WPTT2.1-Train\1199-P19.wptt,1199,Test,1199-P19
F:\PycharmProjects\DeepWriterID-v2\\data\raw\WPTT2.1-Train\1199-P16.wptt,1199,Train,1199-P16
F:\PycharmProjects\DeepWriterID-v2\\data\raw\WPTT2.1-Train\1199-P17.wptt,1199,Train,1199-P17
F:\PycharmProjects\DeepWriterID-v2\\data\raw\WPTT2.1-Train\1199-P18.wptt,1199,Train,1199-P18
F:\PycharmProjects\DeepWriterID-v2\\data\raw\WPTT2.1-Train\1200-P16.wptt,1200,Test,1200-P16
F:\PycharmProjects\DeepWriterID-v2\\data\raw\WPTT2.1-Train\1200-P17.wptt,1200,Train,1200-P17
F:\PycharmProjects\DeepWriterID-v2\\data\raw\WPTT2.1-Train\1200-P18.wptt,1200,Train,1200-P18
F:\PycharmProjects\DeepWriterID-v2\\data\raw\WPTT2.1-Train\1200-P19.wptt,1200,Train,1200-P19
F:\PycharmProjects\DeepWriterID-v2\\data\raw\WPTT2.1-Train\1200-P20.wptt,1200,Train,1200-P20
F:\PycharmProjects\DeepWriterID-v2\\data\raw\WPTT2.1-Train\1189-P16.wptt,1189,Train,1189-P16
F:\PycharmProjects\DeepWriterID-v2\\data\raw\WPTT2.1-Train\1189-P17.wptt,1189,Train,1189-P17
F:\PycharmProjects\DeepWriterID-v2\\data\raw\WPTT2.1-Train\1189-P18.wptt,1189,Train,1189-P18
F:\PycharmProjects\DeepWriterID-v2\\data\raw\WPTT2.1-Train\1189-P19.wptt,1189,Test,1189-P19
F:\PycharmProjects\DeepWriterID-v2\\data\raw\WPTT2.1-Train\1189-P20.wptt,1189,Train,1189-P20
F:\PycharmProjects\DeepWriterID-v2\\data\raw\WPTT2.1-Train\1201-P16.wptt,1201,Train,1201-P16
F:\PycharmProjects\DeepWriterID-v2\\data\raw\WPTT2.1-Train\1201-P17.wptt,1201,Train,1201-P17
F:\PycharmProjects\DeepWriterID-v2\\data\raw\WPTT2.1-Train\1201-P18.wptt,1201,Test,1201-P18
F:\PycharmProjects\DeepWriterID-v2\\data\raw\WPTT2.1-Train\1201-P19.wptt,1201,Train,1201-P19
F:\PycharmProjects\DeepWriterID-v2\\data\raw\WPTT2.1-Train\1201-P20.wptt,1201,Train,1201-P20
F:\PycharmProjects\DeepWriterID-v2\\data\raw\WPTT2.1-Train\1190-P16.wptt,1190,Test,1190-P16
F:\PycharmProjects\DeepWriterID-v2\\data\raw\WPTT2.1-Train\1190-P17.wptt,1190,Train,1190-P17
F:\PycharmProjects\DeepWriterID-v2\\data\raw\WPTT2.1-Train\1190-P18.wptt,1190,Train,1190-P18
F:\PycharmProjects\DeepWriterID-v2\\data\raw\WPTT2.1-Train\1190-P19.wptt,1190,Train,1190-P19
F:\PycharmProjects\DeepWriterID-v2\\data\raw\WPTT2.1-Train\1190-P20.wptt,1190,Train,1190-P20
F:\PycharmProjects\DeepWriterID-v2\\data\raw\WPTT2.1-Train\1202-P16.wptt,1202,Train,1202-P16
F:\PycharmProjects\DeepWriterID-v2\\data\raw\WPTT2.1-Train\1202-P17.wptt,1202,Test,1202-P17
F:\PycharmProjects\DeepWriterID-v2\\data\raw\WPTT2.1-Train\1202-P18.wptt,1202,Train,1202-P18
F:\PycharmProjects\DeepWriterID-v2\\data\raw\WPTT2.1-Train\1202-P19.wptt,1202,Train,1202-P19
F:\PycharmProjects\DeepWriterID-v2\\data\raw\WPTT2.1-Train\1202-P20.wptt,1202,Train,1202-P20
F:\PycharmProjects\DeepWriterID-v2\\data\raw\WPTT2.1-Train\1191-P16.wptt,1191,Train,1191-P16
F:\PycharmProjects\DeepWriterID-v2\\data\raw\WPTT2.1-Train\1191-P17.wptt,1191,Train,1191-P17
F:\PycharmProjects\DeepWriterID-v2\\data\raw\WPTT2.1-Train\1191-P18.wptt,1191,Train,1191-P18
F:\PycharmProjects\DeepWriterID-v2\\data\raw\WPTT2.1-Train\1191-P19.wptt,1191,Train,1191-P19
F:\PycharmProjects\DeepWriterID-v2\\data\raw\WPTT2.1-Train\1191-P20.wptt,1191,Test,1191-P20
F:\PycharmProjects\DeepWriterID-v2\\data\raw\WPTT2.1-Train\1203-P16.wptt,1203,Train,1203-P16
F:\PycharmProjects\DeepWriterID-v2\\data\raw\WPTT2.1-Train\1203-P17.wptt,1203,Train,1203-P17
F:\PycharmProjects\DeepWriterID-v2\\data\raw\WPTT2.1-Train\1203-P18.wptt,1203,Train,1203-P18
F:\PycharmProjects\DeepWriterID-v2\\data\raw\WPTT2.1-Train\1203-P19.wptt,1203,Train,1203-P19
F:\PycharmProjects\DeepWriterID-v2\\data\raw\WPTT2.1-Train\1203-P20.wptt,1203,Test,1203-P20
F:\PycharmProjects\DeepWriterID-v2\\data\raw\WPTT2.1-Train\1192-P16.wptt,1192,Train,1192-P16
F:\PycharmProjects\DeepWriterID-v2\\data\raw\WPTT2.1-Train\1192-P17.wptt,1192,Train,1192-P17
F:\PycharmProjects\DeepWriterID-v2\\data\raw\WPTT2.1-Train\1192-P18.wptt,1192,Train,1192-P18
F:\PycharmProjects\DeepWriterID-v2\\data\raw\WPTT2.1-Train\1192-P19.wptt,1192,Train,1192-P19
F:\PycharmProjects\DeepWriterID-v2\\data\raw\WPTT2.1-Train\1192-P20.wptt,1192,Test,1192-P20
F:\PycharmProjects\DeepWriterID-v2\\data\raw\WPTT2.1-Train\1204-P16.wptt,1204,Train,1204-P16
F:\PycharmProjects\DeepWriterID-v2\\data\raw\WPTT2.1-Train\1204-P17.wptt,1204,Train,1204-P17
F:\PycharmProjects\DeepWriterID-v2\\data\raw\WPTT2.1-Train\1204-P18.wptt,1204,Train,1204-P18
F:\PycharmProjects\DeepWriterID-v2\\data\raw\WPTT2.1-Train\1204-P19.wptt,1204,Train,1204-P19
F:\PycharmProjects\DeepWriterID-v2\\data\raw\WPTT2.1-Train\1204-P20.wptt,1204,Test,1204-P20
F:\PycharmProjects\DeepWriterID-v2\\data\raw\WPTT2.1-Train\1193-P16.wptt,1193,Train,1193-P16
F:\PycharmProjects\DeepWriterID-v2\\data\raw\WPTT2.1-Train\1193-P17.wptt,1193,Train,1193-P17
F:\PycharmProjects\DeepWriterID-v2\\data\raw\WPTT2.1-Train\1193-P18.wptt,1193,Test,1193-P18
F:\PycharmProjects\DeepWriterID-v2\\data\raw\WPTT2.1-Train\1193-P19.wptt,1193,Train,1193-P19
F:\PycharmProjects\DeepWriterID-v2\\data\raw\WPTT2.1-Train\1193-P20.wptt,1193,Train,1193-P20
F:\PycharmProjects\DeepWriterID-v2\\data\raw\WPTT2.1-Train\1205-P16.wptt,1205,Test,1205-P16
F:\PycharmProjects\DeepWriterID-v2\\data\raw\WPTT2.1-Train\1205-P17.wptt,1205,Train,1205-P17
F:\PycharmProjects\DeepWriterID-v2\\data\raw\WPTT2.1-Train\1205-P18.wptt,1205,Train,1205-P18
F:\PycharmProjects\DeepWriterID-v2\\data\raw\WPTT2.1-Train\1205-P19.wptt,1205,Train,1205-P19
F:\PycharmProjects\DeepWriterID-v2\\data\raw\WPTT2.1-Train\1205-P20.wptt,1205,Train,1205-P20
F:\PycharmProjects\DeepWriterID-v2\\data\raw\WPTT2.1-Train\1194-P16.wptt,1194,Train,1194-P16
F:\PycharmProjects\DeepWriterID-v2\\data\raw\WPTT2.1-Train\1194-P17.wptt,1194,Test,1194-P17
F:\PycharmProjects\DeepWriterID-v2\\data\raw\WPTT2.1-Train\1194-P18.wptt,1194,Train,1194-P18
F:\PycharmProjects\DeepWriterID-v2\\data\raw\WPTT2.1-Train\1194-P19.wptt,1194,Train,1194-P19
F:\PycharmProjects\DeepWriterID-v2\\data\raw\WPTT2.1-Train\1194-P20.wptt,1194,Train,1194-P20
F:\PycharmProjects\DeepWriterID-v2\\data\raw\WPTT2.1-Train\1206-P16.wptt,1206,Train,1206-P16
F:\PycharmProjects\DeepWriterID-v2\\data\raw\WPTT2.1-Train\1206-P17.wptt,1206,Train,1206-P17
F:\PycharmProjects\DeepWriterID-v2\\data\raw\WPTT2.1-Train\1206-P18.wptt,1206,Train,1206-P18
F:\PycharmProjects\DeepWriterID-v2\\data\raw\WPTT2.1-Train\1206-P19.wptt,1206,Test,1206-P19
F:\PycharmProjects\DeepWriterID-v2\\data\raw\WPTT2.1-Train\1206-P20.wptt,1206,Train,1206-P20
F:\PycharmProjects\DeepWriterID-v2\\data\raw\WPTT2.1-Train\1195-P16.wptt,1195,Train,1195-P16
F:\PycharmProjects\DeepWriterID-v2\\data\raw\WPTT2.1-Train\1195-P17.wptt,1195,Train,1195-P17
F:\PycharmProjects\DeepWriterID-v2\\data\raw\WPTT2.1-Train\1195-P18.wptt,1195,Test,1195-P18
F:\PycharmProjects\DeepWriterID-v2\\data\raw\WPTT2.1-Train\1195-P19.wptt,1195,Train,1195-P19
F:\PycharmProjects\DeepWriterID-v2\\data\raw\WPTT2.1-Train\1195-P20.wptt,1195,Train,1195-P20
F:\PycharmProjects\DeepWriterID-v2\\data\raw\WPTT2.1-Train\1207-P16.wptt,1207,Train,1207-P16
F:\PycharmProjects\DeepWriterID-v2\\data\raw\WPTT2.1-Train\1207-P17.wptt,1207,Train,1207-P17
F:\PycharmProjects\DeepWriterID-v2\\data\raw\WPTT2.1-Train\1207-P18.wptt,1207,Test,1207-P18
F:\PycharmProjects\DeepWriterID-v2\\data\raw\WPTT2.1-Train\1207-P19.wptt,1207,Train,1207-P19
F:\PycharmProjects\DeepWriterID-v2\\data\raw\WPTT2.1-Train\1207-P20.wptt,1207,Train,1207-P20
F:\PycharmProjects\DeepWriterID-v2\\data\raw\WPTT2.1-Train\1196-P16.wptt,1196,Test,1196-P16
F:\PycharmProjects\DeepWriterID-v2\\data\raw\WPTT2.1-Train\1196-P17.wptt,1196,Train,1196-P17
F:\PycharmProjects\DeepWriterID-v2\\data\raw\WPTT2.1-Train\1196-P18.wptt,1196,Train,1196-P18
F:\PycharmProjects\DeepWriterID-v2\\data\raw\WPTT2.1-Train\1196-P19.wptt,1196,Train,1196-P19
F:\PycharmProjects\DeepWriterID-v2\\data\raw\WPTT2.1-Train\1196-P20.wptt,1196,Train,1196-P20
F:\PycharmProjects\DeepWriterID-v2\\data\raw\WPTT2.1-Train\1208-P16.wptt,1208,Train,1208-P16
F:\PycharmProjects\DeepWriterID-v2\\data\raw\WPTT2.1-Train\1208-P17.wptt,1208,Train,1208-P17
F:\PycharmProjects\DeepWriterID-v2\\data\raw\WPTT2.1-Train\1208-P18.wptt,1208,Train,1208-P18
F:\PycharmProjects\DeepWriterID-v2\\data\raw\WPTT2.1-Train\1208-P19.wptt,1208,Train,1208-P19
F:\PycharmProjects\DeepWriterID-v2\\data\raw\WPTT2.1-Train\1208-P20.wptt,1208,Test,1208-P20
F:\PycharmProjects\DeepWriterID-v2\\data\raw\WPTT2.1-Train\1197-P16.wptt,1197,Train,1197-P16
F:\PycharmProjects\DeepWriterID-v2\\data\raw\WPTT2.1-Train\1197-P17.wptt,1197,Test,1197-P17
F:\PycharmProjects\DeepWriterID-v2\\data\raw\WPTT2.1-Train\1197-P18.wptt,1197,Train,1197-P18
F:\PycharmProjects\DeepWriterID-v2\\data\raw\WPTT2.1-Train\1197-P19.wptt,1197,Train,1197-P19
F:\PycharmProjects\DeepWriterID-v2\\data\raw\WPTT2.1-Train\1197-P20.wptt,1197,Train,1197-P20
F:\PycharmProjects\DeepWriterID-v2\\data\raw\WPTT2.1-Train\1209-P16.wptt,1209,Train,1209-P16
F:\PycharmProjects\DeepWriterID-v2\\data\raw\WPTT2.1-Train\1209-P17.wptt,1209,Train,1209-P17
F:\PycharmProjects\DeepWriterID-v2\\data\raw\WPTT2.1-Train\1209-P18.wptt,1209,Train,1209-P18
F:\PycharmProjects\DeepWriterID-v2\\data\raw\WPTT2.1-Train\1209-P19.wptt,1209,Test,1209-P19
F:\PycharmProjects\DeepWriterID-v2\\data\raw\WPTT2.1-Train\1209-P20.wptt,1209,Train,1209-P20
F:\PycharmProjects\DeepWriterID-v2\\data\raw\WPTT2.1-Train\1198-P16.wptt,1198,Train,1198-P16
F:\PycharmProjects\DeepWriterID-v2\\data\raw\WPTT2.1-Train\1198-P17.wptt,1198,Train,1198-P17
F:\PycharmProjects\DeepWriterID-v2\\data\raw\WPTT2.1-Train\1198-P18.wptt,1198,Train,1198-P18
F:\PycharmProjects\DeepWriterID-v2\\data\raw\WPTT2.1-Train\1198-P19.wptt,1198,Train,1198-P19
F:\PycharmProjects\DeepWriterID-v2\\data\raw\WPTT2.1-Train\1198-P20.wptt,1198,Test,1198-P20
F:\PycharmProjects\DeepWriterID-v2\\data\raw\WPTT2.1-Train\1233-P16.wptt,1233,Train,1233-P16
F:\PycharmProjects\DeepWriterID-v2\\data\raw\WPTT2.1-Train\1233-P17.wptt,1233,Train,1233-P17
F:\PycharmProjects\DeepWriterID-v2\\data\raw\WPTT2.1-Train\1233-P18.wptt,1233,Train,1233-P18
F:\PycharmProjects\DeepWriterID-v2\\data\raw\WPTT2.1-Train\1233-P19.wptt,1233,Test,1233-P19
F:\PycharmProjects\DeepWriterID-v2\\data\raw\WPTT2.1-Train\1233-P20.wptt,1233,Train,1233-P20
F:\PycharmProjects\DeepWriterID-v2\\data\raw\WPTT2.1-Train\1222-P17.wptt,1222,Train,1222-P17
F:\PycharmProjects\DeepWriterID-v2\\data\raw\WPTT2.1-Train\1222-P16.wptt,1222,Train,1222-P16
F:\PycharmProjects\DeepWriterID-v2\\data\raw\WPTT2.1-Train\1222-P18.wptt,1222,Train,1222-P18
F:\PycharmProjects\DeepWriterID-v2\\data\raw\WPTT2.1-Train\1222-P19.wptt,1222,Train,1222-P19
F:\PycharmProjects\DeepWriterID-v2\\data\raw\WPTT2.1-Train\1222-P20.wptt,1222,Test,1222-P20
F:\PycharmProjects\DeepWriterID-v2\\data\raw\WPTT2.1-Train\1211-P16.wptt,1211,Train,1211-P16
F:\PycharmProjects\DeepWriterID-v2\\data\raw\WPTT2.1-Train\1211-P17.wptt,1211,Train,1211-P17
F:\PycharmProjects\DeepWriterID-v2\\data\raw\WPTT2.1-Train\1211-P18.wptt,1211,Train,1211-P18
F:\PycharmProjects\DeepWriterID-v2\\data\raw\WPTT2.1-Train\1211-P19.wptt,1211,Test,1211-P19
F:\PycharmProjects\DeepWriterID-v2\\data\raw\WPTT2.1-Train\1211-P20.wptt,1211,Train,1211-P20
F:\PycharmProjects\DeepWriterID-v2\\data\raw\WPTT2.1-Train\1223-P16.wptt,1223,Test,1223-P16
F:\PycharmProjects\DeepWriterID-v2\\data\raw\WPTT2.1-Train\1223-P17.wptt,1223,Train,1223-P17
F:\PycharmProjects\DeepWriterID-v2\\data\raw\WPTT2.1-Train\1223-P18.wptt,1223,Train,1223-P18
F:\PycharmProjects\DeepWriterID-v2\\data\raw\WPTT2.1-Train\1223-P19.wptt,1223,Train,1223-P19
F:\PycharmProjects\DeepWriterID-v2\\data\raw\WPTT2.1-Train\1223-P20.wptt,1223,Train,1223-P20
F:\PycharmProjects\DeepWriterID-v2\\data\raw\WPTT2.1-Train\1212-P16.wptt,1212,Train,1212-P16
F:\PycharmProjects\DeepWriterID-v2\\data\raw\WPTT2.1-Train\1212-P17.wptt,1212,Test,1212-P17
F:\PycharmProjects\DeepWriterID-v2\\data\raw\WPTT2.1-Train\1212-P18.wptt,1212,Train,1212-P18
F:\PycharmProjects\DeepWriterID-v2\\data\raw\WPTT2.1-Train\1212-P19.wptt,1212,Train,1212-P19
F:\PycharmProjects\DeepWriterID-v2\\data\raw\WPTT2.1-Train\1212-P20.wptt,1212,Train,1212-P20
F:\PycharmProjects\DeepWriterID-v2\\data\raw\WPTT2.1-Train\1224-P16.wptt,1224,Test,1224-P16
F:\PycharmProjects\DeepWriterID-v2\\data\raw\WPTT2.1-Train\1224-P17.wptt,1224,Train,1224-P17
F:\PycharmProjects\DeepWriterID-v2\\data\raw\WPTT2.1-Train\1224-P18.wptt,1224,Train,1224-P18
F:\PycharmProjects\DeepWriterID-v2\\data\raw\WPTT2.1-Train\1224-P19.wptt,1224,Train,1224-P19
F:\PycharmProjects\DeepWriterID-v2\\data\raw\WPTT2.1-Train\1224-P20.wptt,1224,Train,1224-P20
F:\PycharmProjects\DeepWriterID-v2\\data\raw\WPTT2.1-Train\1213-P16.wptt,1213,Train,1213-P16
F:\PycharmProjects\DeepWriterID-v2\\data\raw\WPTT2.1-Train\1213-P17.wptt,1213,Test,1213-P17
F:\PycharmProjects\DeepWriterID-v2\\data\raw\WPTT2.1-Train\1213-P18.wptt,1213,Train,1213-P18
F:\PycharmProjects\DeepWriterID-v2\\data\raw\WPTT2.1-Train\1213-P19.wptt,1213,Train,1213-P19
F:\PycharmProjects\DeepWriterID-v2\\data\raw\WPTT2.1-Train\1213-P20.wptt,1213,Train,1213-P20
F:\PycharmProjects\DeepWriterID-v2\\data\raw\WPTT2.1-Train\1225-P16.wptt,1225,Train,1225-P16
F:\PycharmProjects\DeepWriterID-v2\\data\raw\WPTT2.1-Train\1225-P17.wptt,1225,Train,1225-P17
F:\PycharmProjects\DeepWriterID-v2\\data\raw\WPTT2.1-Train\1225-P18.wptt,1225,Train,1225-P18
F:\PycharmProjects\DeepWriterID-v2\\data\raw\WPTT2.1-Train\1225-P19.wptt,1225,Train,1225-P19
F:\PycharmProjects\DeepWriterID-v2\\data\raw\WPTT2.1-Train\1225-P20.wptt,1225,Test,1225-P20
F:\PycharmProjects\DeepWriterID-v2\\data\raw\WPTT2.1-Train\1214-P16.wptt,1214,Train,1214-P16
F:\PycharmProjects\DeepWriterID-v2\\data\raw\WPTT2.1-Train\1214-P17.wptt,1214,Train,1214-P17
F:\PycharmProjects\DeepWriterID-v2\\data\raw\WPTT2.1-Train\1214-P18.wptt,1214,Test,1214-P18
F:\PycharmProjects\DeepWriterID-v2\\data\raw\WPTT2.1-Train\1214-P19.wptt,1214,Train,1214-P19
F:\PycharmProjects\DeepWriterID-v2\\data\raw\WPTT2.1-Train\1214-P20.wptt,1214,Train,1214-P20
F:\PycharmProjects\DeepWriterID-v2\\data\raw\WPTT2.1-Train\1226-P16.wptt,1226,Train,1226-P16
F:\PycharmProjects\DeepWriterID-v2\\data\raw\WPTT2.1-Train\1226-P17.wptt,1226,Train,1226-P17
F:\PycharmProjects\DeepWriterID-v2\\data\raw\WPTT2.1-Train\1226-P18.wptt,1226,Train,1226-P18
F:\PycharmProjects\DeepWriterID-v2\\data\raw\WPTT2.1-Train\1226-P19.wptt,1226,Train,1226-P19
F:\PycharmProjects\DeepWriterID-v2\\data\raw\WPTT2.1-Train\1226-P20.wptt,1226,Test,1226-P20
F:\PycharmProjects\DeepWriterID-v2\\data\raw\WPTT2.1-Train\1215-P16.wptt,1215,Train,1215-P16
F:\PycharmProjects\DeepWriterID-v2\\data\raw\WPTT2.1-Train\1215-P17.wptt,1215,Train,1215-P17
F:\PycharmProjects\DeepWriterID-v2\\data\raw\WPTT2.1-Train\1215-P18.wptt,1215,Train,1215-P18
F:\PycharmProjects\DeepWriterID-v2\\data\raw\WPTT2.1-Train\1215-P19.wptt,1215,Test,1215-P19
F:\PycharmProjects\DeepWriterID-v2\\data\raw\WPTT2.1-Train\1215-P20.wptt,1215,Train,1215-P20
F:\PycharmProjects\DeepWriterID-v2\\data\raw\WPTT2.1-Train\1227-P16.wptt,1227,Train,1227-P16
F:\PycharmProjects\DeepWriterID-v2\\data\raw\WPTT2.1-Train\1227-P17.wptt,1227,Train,1227-P17
F:\PycharmProjects\DeepWriterID-v2\\data\raw\WPTT2.1-Train\1227-P18.wptt,1227,Test,1227-P18
F:\PycharmProjects\DeepWriterID-v2\\data\raw\WPTT2.1-Train\1227-P19.wptt,1227,Train,1227-P19
F:\PycharmProjects\DeepWriterID-v2\\data\raw\WPTT2.1-Train\1227-P20.wptt,1227,Train,1227-P20
F:\PycharmProjects\DeepWriterID-v2\\data\raw\WPTT2.1-Train\1216-P16.wptt,1216,Train,1216-P16
F:\PycharmProjects\DeepWriterID-v2\\data\raw\WPTT2.1-Train\1216-P17.wptt,1216,Train,1216-P17
F:\PycharmProjects\DeepWriterID-v2\\data\raw\WPTT2.1-Train\1216-P18.wptt,1216,Train,1216-P18
F:\PycharmProjects\DeepWriterID-v2\\data\raw\WPTT2.1-Train\1216-P19.wptt,1216,Train,1216-P19
F:\PycharmProjects\DeepWriterID-v2\\data\raw\WPTT2.1-Train\1216-P20.wptt,1216,Test,1216-P20
F:\PycharmProjects\DeepWriterID-v2\\data\raw\WPTT2.1-Train\1228-P16.wptt,1228,Train,1228-P16
F:\PycharmProjects\DeepWriterID-v2\\data\raw\WPTT2.1-Train\1228-P17.wptt,1228,Train,1228-P17
F:\PycharmProjects\DeepWriterID-v2\\data\raw\WPTT2.1-Train\1228-P18.wptt,1228,Test,1228-P18
F:\PycharmProjects\DeepWriterID-v2\\data\raw\WPTT2.1-Train\1228-P19.wptt,1228,Train,1228-P19
F:\PycharmProjects\DeepWriterID-v2\\data\raw\WPTT2.1-Train\1228-P20.wptt,1228,Train,1228-P20
F:\PycharmProjects\DeepWriterID-v2\\data\raw\WPTT2.1-Train\1217-P16.wptt,1217,Test,1217-P16
F:\PycharmProjects\DeepWriterID-v2\\data\raw\WPTT2.1-Train\1217-P17.wptt,1217,Train,1217-P17
F:\PycharmProjects\DeepWriterID-v2\\data\raw\WPTT2.1-Train\1217-P18.wptt,1217,Train,1217-P18
F:\PycharmProjects\DeepWriterID-v2\\data\raw\WPTT2.1-Train\1217-P19.wptt,1217,Train,1217-P19
F:\PycharmProjects\DeepWriterID-v2\\data\raw\WPTT2.1-Train\1217-P20.wptt,1217,Train,1217-P20
F:\PycharmProjects\DeepWriterID-v2\\data\raw\WPTT2.1-Train\1229-P16.wptt,1229,Train,1229-P16
F:\PycharmProjects\DeepWriterID-v2\\data\raw\WPTT2.1-Train\1229-P17.wptt,1229,Train,1229-P17
F:\PycharmProjects\DeepWriterID-v2\\data\raw\WPTT2.1-Train\1229-P18.wptt,1229,Test,1229-P18
F:\PycharmProjects\DeepWriterID-v2\\data\raw\WPTT2.1-Train\1229-P19.wptt,1229,Train,1229-P19
F:\PycharmProjects\DeepWriterID-v2\\data\raw\WPTT2.1-Train\1229-P20.wptt,1229,Train,1229-P20
F:\PycharmProjects\DeepWriterID-v2\\data\raw\WPTT2.1-Train\1218-P16.wptt,1218,Train,1218-P16
F:\PycharmProjects\DeepWriterID-v2\\data\raw\WPTT2.1-Train\1218-P17.wptt,1218,Test,1218-P17
F:\PycharmProjects\DeepWriterID-v2\\data\raw\WPTT2.1-Train\1218-P18.wptt,1218,Train,1218-P18
F:\PycharmProjects\DeepWriterID-v2\\data\raw\WPTT2.1-Train\1218-P19.wptt,1218,Train,1218-P19
F:\PycharmProjects\DeepWriterID-v2\\data\raw\WPTT2.1-Train\1218-P20.wptt,1218,Train,1218-P20
F:\PycharmProjects\DeepWriterID-v2\\data\raw\WPTT2.1-Train\1230-P16.wptt,1230,Train,1230-P16
F:\PycharmProjects\DeepWriterID-v2\\data\raw\WPTT2.1-Train\1230-P17.wptt,1230,Train,1230-P17
F:\PycharmProjects\DeepWriterID-v2\\data\raw\WPTT2.1-Train\1230-P18.wptt,1230,Train,1230-P18
F:\PycharmProjects\DeepWriterID-v2\\data\raw\WPTT2.1-Train\1230-P19.wptt,1230,Test,1230-P19
F:\PycharmProjects\DeepWriterID-v2\\data\raw\WPTT2.1-Train\1230-P20.wptt,1230,Train,1230-P20
F:\PycharmProjects\DeepWriterID-v2\\data\raw\WPTT2.1-Train\1219-P16.wptt,1219,Train,1219-P16
F:\PycharmProjects\DeepWriterID-v2\\data\raw\WPTT2.1-Train\1219-P17.wptt,1219,Train,1219-P17
F:\PycharmProjects\DeepWriterID-v2\\data\raw\WPTT2.1-Train\1219-P18.wptt,1219,Test,1219-P18
F:\PycharmProjects\DeepWriterID-v2\\data\raw\WPTT2.1-Train\1219-P19.wptt,1219,Train,1219-P19
F:\PycharmProjects\DeepWriterID-v2\\data\raw\WPTT2.1-Train\1219-P20.wptt,1219,Train,1219-P20
F:\PycharmProjects\DeepWriterID-v2\\data\raw\WPTT2.1-Train\1231-P16.wptt,1231,Train,1231-P16
F:\PycharmProjects\DeepWriterID-v2\\data\raw\WPTT2.1-Train\1231-P17.wptt,1231,Train,1231-P17
F:\PycharmProjects\DeepWriterID-v2\\data\raw\WPTT2.1-Train\1231-P18.wptt,1231,Test,1231-P18
F:\PycharmProjects\DeepWriterID-v2\\data\raw\WPTT2.1-Train\1231-P19.wptt,1231,Train,1231-P19
F:\PycharmProjects\DeepWriterID-v2\\data\raw\WPTT2.1-Train\1231-P20.wptt,1231,Train,1231-P20
F:\PycharmProjects\DeepWriterID-v2\\data\raw\WPTT2.1-Train\1220-P16.wptt,1220,Test,1220-P16
F:\PycharmProjects\DeepWriterID-v2\\data\raw\WPTT2.1-Train\1220-P17.wptt,1220,Train,1220-P17
F:\PycharmProjects\DeepWriterID-v2\\data\raw\WPTT2.1-Train\1220-P18.wptt,1220,Train,1220-P18
F:\PycharmProjects\DeepWriterID-v2\\data\raw\WPTT2.1-Train\1220-P19.wptt,1220,Train,1220-P19
F:\PycharmProjects\DeepWriterID-v2\\data\raw\WPTT2.1-Train\1220-P20.wptt,1220,Train,1220-P20
F:\PycharmProjects\DeepWriterID-v2\\data\raw\WPTT2.1-Train\1232-P16.wptt,1232,Test,1232-P16
F:\PycharmProjects\DeepWriterID-v2\\data\raw\WPTT2.1-Train\1232-P17.wptt,1232,Train,1232-P17
F:\PycharmProjects\DeepWriterID-v2\\data\raw\WPTT2.1-Train\1232-P18.wptt,1232,Train,1232-P18
F:\PycharmProjects\DeepWriterID-v2\\data\raw\WPTT2.1-Train\1232-P19.wptt,1232,Train,1232-P19
F:\PycharmProjects\DeepWriterID-v2\\data\raw\WPTT2.1-Train\1232-P20.wptt,1232,Train,1232-P20
F:\PycharmProjects\DeepWriterID-v2\\data\raw\WPTT2.1-Train\1221-P16.wptt,1221,Test,1221-P16
F:\PycharmProjects\DeepWriterID-v2\\data\raw\WPTT2.1-Train\1221-P17.wptt,1221,Train,1221-P17
F:\PycharmProjects\DeepWriterID-v2\\data\raw\WPTT2.1-Train\1221-P18.wptt,1221,Train,1221-P18
F:\PycharmProjects\DeepWriterID-v2\\data\raw\WPTT2.1-Train\1221-P19.wptt,1221,Train,1221-P19
F:\PycharmProjects\DeepWriterID-v2\\data\raw\WPTT2.1-Train\1221-P20.wptt,1221,Train,1221-P20
F:\PycharmProjects\DeepWriterID-v2\\data\raw\WPTT2.1-Train\1234-P16.wptt,1234,Train,1234-P16
F:\PycharmProjects\DeepWriterID-v2\\data\raw\WPTT2.1-Train\1234-P17.wptt,1234,Train,1234-P17
F:\PycharmProjects\DeepWriterID-v2\\data\raw\WPTT2.1-Train\1234-P18.wptt,1234,Train,1234-P18
F:\PycharmProjects\DeepWriterID-v2\\data\raw\WPTT2.1-Train\1234-P19.wptt,1234,Train,1234-P19
F:\PycharmProjects\DeepWriterID-v2\\data\raw\WPTT2.1-Train\1234-P20.wptt,1234,Test,1234-P20
F:\PycharmProjects\DeepWriterID-v2\\data\raw\WPTT2.1-Train\1235-P16.wptt,1235,Train,1235-P16
F:\PycharmProjects\DeepWriterID-v2\\data\raw\WPTT2.1-Train\1235-P17.wptt,1235,Train,1235-P17
F:\PycharmProjects\DeepWriterID-v2\\data\raw\WPTT2.1-Train\1235-P18.wptt,1235,Train,1235-P18
F:\PycharmProjects\DeepWriterID-v2\\data\raw\WPTT2.1-Train\1235-P19.wptt,1235,Test,1235-P19
F:\PycharmProjects\DeepWriterID-v2\\data\raw\WPTT2.1-Train\1235-P20.wptt,1235,Train,1235-P20
F:\PycharmProjects\DeepWriterID-v2\\data\raw\WPTT2.1-Train\1236-P16.wptt,1236,Train,1236-P16
F:\PycharmProjects\DeepWriterID-v2\\data\raw\WPTT2.1-Train\1236-P17.wptt,1236,Test,1236-P17
F:\PycharmProjects\DeepWriterID-v2\\data\raw\WPTT2.1-Train\1236-P18.wptt,1236,Train,1236-P18
F:\PycharmProjects\DeepWriterID-v2\\data\raw\WPTT2.1-Train\1236-P19.wptt,1236,Train,1236-P19
F:\PycharmProjects\DeepWriterID-v2\\data\raw\WPTT2.1-Train\1236-P20.wptt,1236,Train,1236-P20
F:\PycharmProjects\DeepWriterID-v2\\data\raw\WPTT2.1-Train\1237-P16.wptt,1237,Train,1237-P16
F:\PycharmProjects\DeepWriterID-v2\\data\raw\WPTT2.1-Train\1237-P17.wptt,1237,Train,1237-P17
F:\PycharmProjects\DeepWriterID-v2\\data\raw\WPTT2.1-Train\1237-P18.wptt,1237,Train,1237-P18
F:\PycharmProjects\DeepWriterID-v2\\data\raw\WPTT2.1-Train\1237-P19.wptt,1237,Test,1237-P19
F:\PycharmProjects\DeepWriterID-v2\\data\raw\WPTT2.1-Train\1237-P20.wptt,1237,Train,1237-P20
F:\PycharmProjects\DeepWriterID-v2\\data\raw\WPTT2.1-Train\1238-P16.wptt,1238,Train,1238-P16
F:\PycharmProjects\DeepWriterID-v2\\data\raw\WPTT2.1-Train\1238-P17.wptt,1238,Train,1238-P17
F:\PycharmProjects\DeepWriterID-v2\\data\raw\WPTT2.1-Train\1238-P18.wptt,1238,Train,1238-P18
F:\PycharmProjects\DeepWriterID-v2\\data\raw\WPTT2.1-Train\1238-P19.wptt,1238,Train,1238-P19
F:\PycharmProjects\DeepWriterID-v2\\data\raw\WPTT2.1-Train\1238-P20.wptt,1238,Test,1238-P20
F:\PycharmProjects\DeepWriterID-v2\\data\raw\WPTT2.1-Train\1239-P16.wptt,1239,Test,1239-P16
F:\PycharmProjects\DeepWriterID-v2\\data\raw\WPTT2.1-Train\1239-P17.wptt,1239,Train,1239-P17
F:\PycharmProjects\DeepWriterID-v2\\data\raw\WPTT2.1-Train\1239-P18.wptt,1239,Train,1239-P18
F:\PycharmProjects\DeepWriterID-v2\\data\raw\WPTT2.1-Train\1239-P19.wptt,1239,Train,1239-P19
F:\PycharmProjects\DeepWriterID-v2\\data\raw\WPTT2.1-Train\1239-P20.wptt,1239,Train,1239-P20
F:\PycharmProjects\DeepWriterID-v2\\data\raw\WPTT2.1-Train\1240-P16.wptt,1240,Train,1240-P16
F:\PycharmProjects\DeepWriterID-v2\\data\raw\WPTT2.1-Train\1240-P17.wptt,1240,Train,1240-P17
F:\PycharmProjects\DeepWriterID-v2\\data\raw\WPTT2.1-Train\1240-P18.wptt,1240,Test,1240-P18
F:\PycharmProjects\DeepWriterID-v2\\data\raw\WPTT2.1-Train\1240-P19.wptt,1240,Train,1240-P19
F:\PycharmProjects\DeepWriterID-v2\\data\raw\WPTT2.1-Train\1240-P20.wptt,1240,Train,1240-P20
F:\PycharmProjects\DeepWriterID-v2\\data\raw\WPTT2.2-Train\513-P15.wptt,513,Train,513-P15
F:\PycharmProjects\DeepWriterID-v2\\data\raw\WPTT2.2-Train\513-P16.wptt,513,Train,513-P16
F:\PycharmProjects\DeepWriterID-v2\\data\raw\WPTT2.2-Train\513-P17.wptt,513,Train,513-P17
F:\PycharmProjects\DeepWriterID-v2\\data\raw\WPTT2.2-Train\513-P18.wptt,513,Train,513-P18
F:\PycharmProjects\DeepWriterID-v2\\data\raw\WPTT2.2-Train\513-P14.wptt,513,Test,513-P14
F:\PycharmProjects\DeepWriterID-v2\\data\raw\WPTT2.2-Train\501-P14.wptt,501,Train,501-P14
F:\PycharmProjects\DeepWriterID-v2\\data\raw\WPTT2.2-Train\501-P15.wptt,501,Train,501-P15
F:\PycharmProjects\DeepWriterID-v2\\data\raw\WPTT2.2-Train\501-P16.wptt,501,Train,501-P16
F:\PycharmProjects\DeepWriterID-v2\\data\raw\WPTT2.2-Train\501-P17.wptt,501,Train,501-P17
F:\PycharmProjects\DeepWriterID-v2\\data\raw\WPTT2.2-Train\501-P18.wptt,501,Test,501-P18
F:\PycharmProjects\DeepWriterID-v2\\data\raw\WPTT2.2-Train\514-P15.wptt,514,Train,514-P15
F:\PycharmProjects\DeepWriterID-v2\\data\raw\WPTT2.2-Train\514-P14.wptt,514,Test,514-P14
F:\PycharmProjects\DeepWriterID-v2\\data\raw\WPTT2.2-Train\514-P16.wptt,514,Train,514-P16
F:\PycharmProjects\DeepWriterID-v2\\data\raw\WPTT2.2-Train\514-P17.wptt,514,Train,514-P17
F:\PycharmProjects\DeepWriterID-v2\\data\raw\WPTT2.2-Train\514-P18.wptt,514,Train,514-P18
F:\PycharmProjects\DeepWriterID-v2\\data\raw\WPTT2.2-Train\502-P14.wptt,502,Test,502-P14
F:\PycharmProjects\DeepWriterID-v2\\data\raw\WPTT2.2-Train\502-P15.wptt,502,Train,502-P15
F:\PycharmProjects\DeepWriterID-v2\\data\raw\WPTT2.2-Train\502-P16.wptt,502,Train,502-P16
F:\PycharmProjects\DeepWriterID-v2\\data\raw\WPTT2.2-Train\502-P17.wptt,502,Train,502-P17
F:\PycharmProjects\DeepWriterID-v2\\data\raw\WPTT2.2-Train\502-P18.wptt,502,Train,502-P18
F:\PycharmProjects\DeepWriterID-v2\\data\raw\WPTT2.2-Train\516-P18.wptt,516,Train,516-P18
F:\PycharmProjects\DeepWriterID-v2\\data\raw\WPTT2.2-Train\516-P14.wptt,516,Train,516-P14
F:\PycharmProjects\DeepWriterID-v2\\data\raw\WPTT2.2-Train\516-P15.wptt,516,Train,516-P15
F:\PycharmProjects\DeepWriterID-v2\\data\raw\WPTT2.2-Train\516-P16.wptt,516,Train,516-P16
F:\PycharmProjects\DeepWriterID-v2\\data\raw\WPTT2.2-Train\516-P17.wptt,516,Test,516-P17
F:\PycharmProjects\DeepWriterID-v2\\data\raw\WPTT2.2-Train\517-P14.wptt,517,Train,517-P14
F:\PycharmProjects\DeepWriterID-v2\\data\raw\WPTT2.2-Train\517-P15.wptt,517,Test,517-P15
F:\PycharmProjects\DeepWriterID-v2\\data\raw\WPTT2.2-Train\517-P16.wptt,517,Train,517-P16
F:\PycharmProjects\DeepWriterID-v2\\data\raw\WPTT2.2-Train\517-P17.wptt,517,Train,517-P17
F:\PycharmProjects\DeepWriterID-v2\\data\raw\WPTT2.2-Train\517-P18.wptt,517,Train,517-P18
F:\PycharmProjects\DeepWriterID-v2\\data\raw\WPTT2.2-Train\503-P14.wptt,503,Train,503-P14
F:\PycharmProjects\DeepWriterID-v2\\data\raw\WPTT2.2-Train\503-P15.wptt,503,Train,503-P15
F:\PycharmProjects\DeepWriterID-v2\\data\raw\WPTT2.2-Train\503-P16.wptt,503,Train,503-P16
F:\PycharmProjects\DeepWriterID-v2\\data\raw\WPTT2.2-Train\503-P17.wptt,503,Train,503-P17
F:\PycharmProjects\DeepWriterID-v2\\data\raw\WPTT2.2-Train\503-P18.wptt,503,Test,503-P18
F:\PycharmProjects\DeepWriterID-v2\\data\raw\WPTT2.2-Train\518-P14.wptt,518,Train,518-P14
F:\PycharmProjects\DeepWriterID-v2\\data\raw\WPTT2.2-Train\518-P15.wptt,518,Train,518-P15
F:\PycharmProjects\DeepWriterID-v2\\data\raw\WPTT2.2-Train\518-P16.wptt,518,Train,518-P16
F:\PycharmProjects\DeepWriterID-v2\\data\raw\WPTT2.2-Train\518-P17.wptt,518,Train,518-P17
F:\PycharmProjects\DeepWriterID-v2\\data\raw\WPTT2.2-Train\518-P18.wptt,518,Test,518-P18
F:\PycharmProjects\DeepWriterID-v2\\data\raw\WPTT2.2-Train\504-P14.wptt,504,Train,504-P14
F:\PycharmProjects\DeepWriterID-v2\\data\raw\WPTT2.2-Train\504-P15.wptt,504,Train,504-P15
F:\PycharmProjects\DeepWriterID-v2\\data\raw\WPTT2.2-Train\504-P16.wptt,504,Train,504-P16
F:\PycharmProjects\DeepWriterID-v2\\data\raw\WPTT2.2-Train\504-P17.wptt,504,Test,504-P17
F:\PycharmProjects\DeepWriterID-v2\\data\raw\WPTT2.2-Train\504-P18.wptt,504,Train,504-P18
F:\PycharmProjects\DeepWriterID-v2\\data\raw\WPTT2.2-Train\519-P14.wptt,519,Test,519-P14
F:\PycharmProjects\DeepWriterID-v2\\data\raw\WPTT2.2-Train\519-P15.wptt,519,Train,519-P15
F:\PycharmProjects\DeepWriterID-v2\\data\raw\WPTT2.2-Train\519-P16.wptt,519,Train,519-P16
F:\PycharmProjects\DeepWriterID-v2\\data\raw\WPTT2.2-Train\519-P17.wptt,519,Train,519-P17
F:\PycharmProjects\DeepWriterID-v2\\data\raw\WPTT2.2-Train\519-P18.wptt,519,Train,519-P18
F:\PycharmProjects\DeepWriterID-v2\\data\raw\WPTT2.2-Train\505-P14.wptt,505,Train,505-P14
F:\PycharmProjects\DeepWriterID-v2\\data\raw\WPTT2.2-Train\505-P15.wptt,505,Train,505-P15
F:\PycharmProjects\DeepWriterID-v2\\data\raw\WPTT2.2-Train\505-P16.wptt,505,Train,505-P16
F:\PycharmProjects\DeepWriterID-v2\\data\raw\WPTT2.2-Train\505-P17.wptt,505,Train,505-P17
F:\PycharmProjects\DeepWriterID-v2\\data\raw\WPTT2.2-Train\505-P18.wptt,505,Test,505-P18
F:\PycharmProjects\DeepWriterID-v2\\data\raw\WPTT2.2-Train\520-P14.wptt,520,Train,520-P14
F:\PycharmProjects\DeepWriterID-v2\\data\raw\WPTT2.2-Train\520-P15.wptt,520,Train,520-P15
F:\PycharmProjects\DeepWriterID-v2\\data\raw\WPTT2.2-Train\520-P16.wptt,520,Train,520-P16
F:\PycharmProjects\DeepWriterID-v2\\data\raw\WPTT2.2-Train\520-P17.wptt,520,Test,520-P17
F:\PycharmProjects\DeepWriterID-v2\\data\raw\WPTT2.2-Train\520-P18.wptt,520,Train,520-P18
F:\PycharmProjects\DeepWriterID-v2\\data\raw\WPTT2.2-Train\506-P14.wptt,506,Train,506-P14
F:\PycharmProjects\DeepWriterID-v2\\data\raw\WPTT2.2-Train\506-P15.wptt,506,Test,506-P15
F:\PycharmProjects\DeepWriterID-v2\\data\raw\WPTT2.2-Train\506-P16.wptt,506,Train,506-P16
F:\PycharmProjects\DeepWriterID-v2\\data\raw\WPTT2.2-Train\506-P17.wptt,506,Train,506-P17
F:\PycharmProjects\DeepWriterID-v2\\data\raw\WPTT2.2-Train\506-P18.wptt,506,Train,506-P18
F:\PycharmProjects\DeepWriterID-v2\\data\raw\WPTT2.2-Train\521-P14.wptt,521,Test,521-P14
F:\PycharmProjects\DeepWriterID-v2\\data\raw\WPTT2.2-Train\521-P15.wptt,521,Train,521-P15
F:\PycharmProjects\DeepWriterID-v2\\data\raw\WPTT2.2-Train\521-P16.wptt,521,Train,521-P16
F:\PycharmProjects\DeepWriterID-v2\\data\raw\WPTT2.2-Train\521-P17.wptt,521,Train,521-P17
F:\PycharmProjects\DeepWriterID-v2\\data\raw\WPTT2.2-Train\521-P18.wptt,521,Train,521-P18
F:\PycharmProjects\DeepWriterID-v2\\data\raw\WPTT2.2-Train\507-P14.wptt,507,Train,507-P14
F:\PycharmProjects\DeepWriterID-v2\\data\raw\WPTT2.2-Train\507-P15.wptt,507,Train,507-P15
F:\PycharmProjects\DeepWriterID-v2\\data\raw\WPTT2.2-Train\507-P16.wptt,507,Train,507-P16
F:\PycharmProjects\DeepWriterID-v2\\data\raw\WPTT2.2-Train\507-P17.wptt,507,Test,507-P17
F:\PycharmProjects\DeepWriterID-v2\\data\raw\WPTT2.2-Train\507-P18.wptt,507,Train,507-P18
F:\PycharmProjects\DeepWriterID-v2\\data\raw\WPTT2.2-Train\522-P14.wptt,522,Train,522-P14
F:\PycharmProjects\DeepWriterID-v2\\data\raw\WPTT2.2-Train\522-P15.wptt,522,Train,522-P15
F:\PycharmProjects\DeepWriterID-v2\\data\raw\WPTT2.2-Train\522-P16.wptt,522,Train,522-P16
F:\PycharmProjects\DeepWriterID-v2\\data\raw\WPTT2.2-Train\522-P17.wptt,522,Test,522-P17
F:\PycharmProjects\DeepWriterID-v2\\data\raw\WPTT2.2-Train\522-P18.wptt,522,Train,522-P18
F:\PycharmProjects\DeepWriterID-v2\\data\raw\WPTT2.2-Train\508-P14.wptt,508,Train,508-P14
F:\PycharmProjects\DeepWriterID-v2\\data\raw\WPTT2.2-Train\508-P15.wptt,508,Train,508-P15
F:\PycharmProjects\DeepWriterID-v2\\data\raw\WPTT2.2-Train\508-P16.wptt,508,Test,508-P16
F:\PycharmProjects\DeepWriterID-v2\\data\raw\WPTT2.2-Train\508-P17.wptt,508,Train,508-P17
F:\PycharmProjects\DeepWriterID-v2\\data\raw\WPTT2.2-Train\508-P18.wptt,508,Train,508-P18
F:\PycharmProjects\DeepWriterID-v2\\data\raw\WPTT2.2-Train\523-P14.wptt,523,Train,523-P14
F:\PycharmProjects\DeepWriterID-v2\\data\raw\WPTT2.2-Train\523-P15.wptt,523,Train,523-P15
F:\PycharmProjects\DeepWriterID-v2\\data\raw\WPTT2.2-Train\523-P16.wptt,523,Test,523-P16
F:\PycharmProjects\DeepWriterID-v2\\data\raw\WPTT2.2-Train\523-P17.wptt,523,Train,523-P17
F:\PycharmProjects\DeepWriterID-v2\\data\raw\WPTT2.2-Train\523-P18.wptt,523,Train,523-P18
F:\PycharmProjects\DeepWriterID-v2\\data\raw\WPTT2.2-Train\509-P14.wptt,509,Train,509-P14
F:\PycharmProjects\DeepWriterID-v2\\data\raw\WPTT2.2-Train\509-P15.wptt,509,Train,509-P15
F:\PycharmProjects\DeepWriterID-v2\\data\raw\WPTT2.2-Train\509-P16.wptt,509,Train,509-P16
F:\PycharmProjects\DeepWriterID-v2\\data\raw\WPTT2.2-Train\509-P17.wptt,509,Train,509-P17
F:\PycharmProjects\DeepWriterID-v2\\data\raw\WPTT2.2-Train\509-P18.wptt,509,Test,509-P18
F:\PycharmProjects\DeepWriterID-v2\\data\raw\WPTT2.2-Train\524-P14.wptt,524,Train,524-P14
F:\PycharmProjects\DeepWriterID-v2\\data\raw\WPTT2.2-Train\524-P15.wptt,524,Test,524-P15
F:\PycharmProjects\DeepWriterID-v2\\data\raw\WPTT2.2-Train\524-P16.wptt,524,Train,524-P16
F:\PycharmProjects\DeepWriterID-v2\\data\raw\WPTT2.2-Train\524-P17.wptt,524,Train,524-P17
F:\PycharmProjects\DeepWriterID-v2\\data\raw\WPTT2.2-Train\524-P18.wptt,524,Train,524-P18
F:\PycharmProjects\DeepWriterID-v2\\data\raw\WPTT2.2-Train\510-P14.wptt,510,Test,510-P14
F:\PycharmProjects\DeepWriterID-v2\\data\raw\WPTT2.2-Train\510-P15.wptt,510,Train,510-P15
F:\PycharmProjects\DeepWriterID-v2\\data\raw\WPTT2.2-Train\510-P16.wptt,510,Train,510-P16
F:\PycharmProjects\DeepWriterID-v2\\data\raw\WPTT2.2-Train\510-P17.wptt,510,Train,510-P17
F:\PycharmProjects\DeepWriterID-v2\\data\raw\WPTT2.2-Train\510-P18.wptt,510,Train,510-P18
F:\PycharmProjects\DeepWriterID-v2\\data\raw\WPTT2.2-Train\525-P14.wptt,525,Train,525-P14
F:\PycharmProjects\DeepWriterID-v2\\data\raw\WPTT2.2-Train\525-P15.wptt,525,Train,525-P15
F:\PycharmProjects\DeepWriterID-v2\\data\raw\WPTT2.2-Train\525-P16.wptt,525,Train,525-P16
F:\PycharmProjects\DeepWriterID-v2\\data\raw\WPTT2.2-Train\525-P17.wptt,525,Test,525-P17
F:\PycharmProjects\DeepWriterID-v2\\data\raw\WPTT2.2-Train\525-P18.wptt,525,Train,525-P18
F:\PycharmProjects\DeepWriterID-v2\\data\raw\WPTT2.2-Train\511-P14.wptt,511,Train,511-P14
F:\PycharmProjects\DeepWriterID-v2\\data\raw\WPTT2.2-Train\511-P15.wptt,511,Train,511-P15
F:\PycharmProjects\DeepWriterID-v2\\data\raw\WPTT2.2-Train\511-P16.wptt,511,Train,511-P16
F:\PycharmProjects\DeepWriterID-v2\\data\raw\WPTT2.2-Train\511-P17.wptt,511,Test,511-P17
F:\PycharmProjects\DeepWriterID-v2\\data\raw\WPTT2.2-Train\511-P18.wptt,511,Train,511-P18
F:\PycharmProjects\DeepWriterID-v2\\data\raw\WPTT2.2-Train\526-P14.wptt,526,Test,526-P14
F:\PycharmProjects\DeepWriterID-v2\\data\raw\WPTT2.2-Train\526-P15.wptt,526,Train,526-P15
F:\PycharmProjects\DeepWriterID-v2\\data\raw\WPTT2.2-Train\526-P16.wptt,526,Train,526-P16
F:\PycharmProjects\DeepWriterID-v2\\data\raw\WPTT2.2-Train\526-P17.wptt,526,Train,526-P17
F:\PycharmProjects\DeepWriterID-v2\\data\raw\WPTT2.2-Train\526-P18.wptt,526,Train,526-P18
F:\PycharmProjects\DeepWriterID-v2\\data\raw\WPTT2.2-Train\512-P14.wptt,512,Test,512-P14
F:\PycharmProjects\DeepWriterID-v2\\data\raw\WPTT2.2-Train\512-P15.wptt,512,Train,512-P15
F:\PycharmProjects\DeepWriterID-v2\\data\raw\WPTT2.2-Train\512-P16.wptt,512,Train,512-P16
F:\PycharmProjects\DeepWriterID-v2\\data\raw\WPTT2.2-Train\512-P17.wptt,512,Train,512-P17
F:\PycharmProjects\DeepWriterID-v2\\data\raw\WPTT2.2-Train\512-P18.wptt,512,Train,512-P18
F:\PycharmProjects\DeepWriterID-v2\\data\raw\WPTT2.2-Train\527-P14.wptt,527,Train,527-P14
F:\PycharmProjects\DeepWriterID-v2\\data\raw\WPTT2.2-Train\527-P15.wptt,527,Test,527-P15
F:\PycharmProjects\DeepWriterID-v2\\data\raw\WPTT2.2-Train\527-P16.wptt,527,Train,527-P16
F:\PycharmProjects\DeepWriterID-v2\\data\raw\WPTT2.2-Train\527-P17.wptt,527,Train,527-P17
F:\PycharmProjects\DeepWriterID-v2\\data\raw\WPTT2.2-Train\527-P18.wptt,527,Train,527-P18
F:\PycharmProjects\DeepWriterID-v2\\data\raw\WPTT2.2-Train\515-P14.wptt,515,Train,515-P14
F:\PycharmProjects\DeepWriterID-v2\\data\raw\WPTT2.2-Train\515-P15.wptt,515,Train,515-P15
F:\PycharmProjects\DeepWriterID-v2\\data\raw\WPTT2.2-Train\515-P16.wptt,515,Train,515-P16
F:\PycharmProjects\DeepWriterID-v2\\data\raw\WPTT2.2-Train\515-P17.wptt,515,Test,515-P17
F:\PycharmProjects\DeepWriterID-v2\\data\raw\WPTT2.2-Train\515-P18.wptt,515,Train,515-P18
F:\PycharmProjects\DeepWriterID-v2\\data\raw\WPTT2.2-Train\528-P14.wptt,528,Train,528-P14
F:\PycharmProjects\DeepWriterID-v2\\data\raw\WPTT2.2-Train\528-P15.wptt,528,Test,528-P15
F:\PycharmProjects\DeepWriterID-v2\\data\raw\WPTT2.2-Train\528-P16.wptt,528,Train,528-P16
F:\PycharmProjects\DeepWriterID-v2\\data\raw\WPTT2.2-Train\528-P17.wptt,528,Train,528-P17
F:\PycharmProjects\DeepWriterID-v2\\data\raw\WPTT2.2-Train\528-P18.wptt,528,Train,528-P18
F:\PycharmProjects\DeepWriterID-v2\\data\raw\WPTT2.2-Train\529-P14.wptt,529,Train,529-P14
F:\PycharmProjects\DeepWriterID-v2\\data\raw\WPTT2.2-Train\529-P15.wptt,529,Train,529-P15
F:\PycharmProjects\DeepWriterID-v2\\data\raw\WPTT2.2-Train\529-P16.wptt,529,Train,529-P16
F:\PycharmProjects\DeepWriterID-v2\\data\raw\WPTT2.2-Train\529-P17.wptt,529,Train,529-P17
F:\PycharmProjects\DeepWriterID-v2\\data\raw\WPTT2.2-Train\529-P18.wptt,529,Test,529-P18
F:\PycharmProjects\DeepWriterID-v2\\data\raw\WPTT2.2-Train\625-P18.wptt,625,Train,625-P18
F:\PycharmProjects\DeepWriterID-v2\\data\raw\WPTT2.2-Train\625-P14.wptt,625,Train,625-P14
F:\PycharmProjects\DeepWriterID-v2\\data\raw\WPTT2.2-Train\625-P15.wptt,625,Train,625-P15
F:\PycharmProjects\DeepWriterID-v2\\data\raw\WPTT2.2-Train\625-P16.wptt,625,Test,625-P16
F:\PycharmProjects\DeepWriterID-v2\\data\raw\WPTT2.2-Train\625-P17.wptt,625,Train,625-P17
F:\PycharmProjects\DeepWriterID-v2\\data\raw\WPTT2.2-Train\530-P14.wptt,530,Train,530-P14
F:\PycharmProjects\DeepWriterID-v2\\data\raw\WPTT2.2-Train\530-P15.wptt,530,Train,530-P15
F:\PycharmProjects\DeepWriterID-v2\\data\raw\WPTT2.2-Train\530-P16.wptt,530,Train,530-P16
F:\PycharmProjects\DeepWriterID-v2\\data\raw\WPTT2.2-Train\530-P17.wptt,530,Test,530-P17
F:\PycharmProjects\DeepWriterID-v2\\data\raw\WPTT2.2-Train\530-P18.wptt,530,Train,530-P18
F:\PycharmProjects\DeepWriterID-v2\\data\raw\WPTT2.2-Train\531-P14.wptt,531,Test,531-P14
F:\PycharmProjects\DeepWriterID-v2\\data\raw\WPTT2.2-Train\531-P15.wptt,531,Train,531-P15
F:\PycharmProjects\DeepWriterID-v2\\data\raw\WPTT2.2-Train\531-P16.wptt,531,Train,531-P16
F:\PycharmProjects\DeepWriterID-v2\\data\raw\WPTT2.2-Train\531-P17.wptt,531,Train,531-P17
F:\PycharmProjects\DeepWriterID-v2\\data\raw\WPTT2.2-Train\531-P18.wptt,531,Train,531-P18
F:\PycharmProjects\DeepWriterID-v2\\data\raw\WPTT2.2-Train\532-P14.wptt,532,Train,532-P14
F:\PycharmProjects\DeepWriterID-v2\\data\raw\WPTT2.2-Train\532-P15.wptt,532,Train,532-P15
F:\PycharmProjects\DeepWriterID-v2\\data\raw\WPTT2.2-Train\532-P16.wptt,532,Train,532-P16
F:\PycharmProjects\DeepWriterID-v2\\data\raw\WPTT2.2-Train\532-P17.wptt,532,Test,532-P17
F:\PycharmProjects\DeepWriterID-v2\\data\raw\WPTT2.2-Train\532-P18.wptt,532,Train,532-P18
F:\PycharmProjects\DeepWriterID-v2\\data\raw\WPTT2.2-Train\533-P14.wptt,533,Train,533-P14
F:\PycharmProjects\DeepWriterID-v2\\data\raw\WPTT2.2-Train\533-P15.wptt,533,Train,533-P15
F:\PycharmProjects\DeepWriterID-v2\\data\raw\WPTT2.2-Train\533-P16.wptt,533,Test,533-P16
F:\PycharmProjects\DeepWriterID-v2\\data\raw\WPTT2.2-Train\533-P17.wptt,533,Train,533-P17
F:\PycharmProjects\DeepWriterID-v2\\data\raw\WPTT2.2-Train\533-P18.wptt,533,Train,533-P18
F:\PycharmProjects\DeepWriterID-v2\\data\raw\WPTT2.2-Train\534-P14.wptt,534,Train,534-P14
F:\PycharmProjects\DeepWriterID-v2\\data\raw\WPTT2.2-Train\534-P15.wptt,534,Train,534-P15
F:\PycharmProjects\DeepWriterID-v2\\data\raw\WPTT2.2-Train\534-P16.wptt,534,Train,534-P16
F:\PycharmProjects\DeepWriterID-v2\\data\raw\WPTT2.2-Train\534-P17.wptt,534,Train,534-P17
F:\PycharmProjects\DeepWriterID-v2\\data\raw\WPTT2.2-Train\534-P18.wptt,534,Test,534-P18
F:\PycharmProjects\DeepWriterID-v2\\data\raw\WPTT2.2-Train\535-P14.wptt,535,Train,535-P14
F:\PycharmProjects\DeepWriterID-v2\\data\raw\WPTT2.2-Train\535-P15.wptt,535,Train,535-P15
F:\PycharmProjects\DeepWriterID-v2\\data\raw\WPTT2.2-Train\535-P16.wptt,535,Train,535-P16
F:\PycharmProjects\DeepWriterID-v2\\data\raw\WPTT2.2-Train\535-P17.wptt,535,Test,535-P17
F:\PycharmProjects\DeepWriterID-v2\\data\raw\WPTT2.2-Train\535-P18.wptt,535,Train,535-P18
F:\PycharmProjects\DeepWriterID-v2\\data\raw\WPTT2.2-Train\536-P14.wptt,536,Train,536-P14
F:\PycharmProjects\DeepWriterID-v2\\data\raw\WPTT2.2-Train\536-P15.wptt,536,Test,536-P15
F:\PycharmProjects\DeepWriterID-v2\\data\raw\WPTT2.2-Train\536-P16.wptt,536,Train,536-P16
F:\PycharmProjects\DeepWriterID-v2\\data\raw\WPTT2.2-Train\536-P17.wptt,536,Train,536-P17
F:\PycharmProjects\DeepWriterID-v2\\data\raw\WPTT2.2-Train\536-P18.wptt,536,Train,536-P18
F:\PycharmProjects\DeepWriterID-v2\\data\raw\WPTT2.2-Train\537-P14.wptt,537,Train,537-P14
F:\PycharmProjects\DeepWriterID-v2\\data\raw\WPTT2.2-Train\537-P15.wptt,537,Train,537-P15
F:\PycharmProjects\DeepWriterID-v2\\data\raw\WPTT2.2-Train\537-P16.wptt,537,Test,537-P16
F:\PycharmProjects\DeepWriterID-v2\\data\raw\WPTT2.2-Train\537-P17.wptt,537,Train,537-P17
F:\PycharmProjects\DeepWriterID-v2\\data\raw\WPTT2.2-Train\537-P18.wptt,537,Train,537-P18
F:\PycharmProjects\DeepWriterID-v2\\data\raw\WPTT2.2-Train\538-P14.wptt,538,Train,538-P14
F:\PycharmProjects\DeepWriterID-v2\\data\raw\WPTT2.2-Train\538-P15.wptt,538,Train,538-P15
F:\PycharmProjects\DeepWriterID-v2\\data\raw\WPTT2.2-Train\538-P16.wptt,538,Test,538-P16
F:\PycharmProjects\DeepWriterID-v2\\data\raw\WPTT2.2-Train\538-P17.wptt,538,Train,538-P17
F:\PycharmProjects\DeepWriterID-v2\\data\raw\WPTT2.2-Train\538-P18.wptt,538,Train,538-P18
F:\PycharmProjects\DeepWriterID-v2\\data\raw\WPTT2.2-Train\539-P14.wptt,539,Train,539-P14
F:\PycharmProjects\DeepWriterID-v2\\data\raw\WPTT2.2-Train\539-P15.wptt,539,Train,539-P15
F:\PycharmProjects\DeepWriterID-v2\\data\raw\WPTT2.2-Train\539-P16.wptt,539,Train,539-P16
F:\PycharmProjects\DeepWriterID-v2\\data\raw\WPTT2.2-Train\539-P17.wptt,539,Train,539-P17
F:\PycharmProjects\DeepWriterID-v2\\data\raw\WPTT2.2-Train\539-P18.wptt,539,Test,539-P18
F:\PycharmProjects\DeepWriterID-v2\\data\raw\WPTT2.2-Train\540-P14.wptt,540,Train,540-P14
F:\PycharmProjects\DeepWriterID-v2\\data\raw\WPTT2.2-Train\540-P15.wptt,540,Train,540-P15
F:\PycharmProjects\DeepWriterID-v2\\data\raw\WPTT2.2-Train\540-P16.wptt,540,Train,540-P16
F:\PycharmProjects\DeepWriterID-v2\\data\raw\WPTT2.2-Train\540-P17.wptt,540,Test,540-P17
F:\PycharmProjects\DeepWriterID-v2\\data\raw\WPTT2.2-Train\540-P18.wptt,540,Train,540-P18
F:\PycharmProjects\DeepWriterID-v2\\data\raw\WPTT2.2-Train\541-P14.wptt,541,Train,541-P14
F:\PycharmProjects\DeepWriterID-v2\\data\raw\WPTT2.2-Train\541-P15.wptt,541,Train,541-P15
F:\PycharmProjects\DeepWriterID-v2\\data\raw\WPTT2.2-Train\541-P16.wptt,541,Train,541-P16
F:\PycharmProjects\DeepWriterID-v2\\data\raw\WPTT2.2-Train\541-P17.wptt,541,Train,541-P17
F:\PycharmProjects\DeepWriterID-v2\\data\raw\WPTT2.2-Train\541-P18.wptt,541,Test,541-P18
F:\PycharmProjects\DeepWriterID-v2\\data\raw\WPTT2.2-Train\542-P14.wptt,542,Train,542-P14
F:\PycharmProjects\DeepWriterID-v2\\data\raw\WPTT2.2-Train\542-P15.wptt,542,Train,542-P15
F:\PycharmProjects\DeepWriterID-v2\\data\raw\WPTT2.2-Train\542-P16.wptt,542,Train,542-P16
F:\PycharmProjects\DeepWriterID-v2\\data\raw\WPTT2.2-Train\542-P17.wptt,542,Train,542-P17
F:\PycharmProjects\DeepWriterID-v2\\data\raw\WPTT2.2-Train\542-P18.wptt,542,Test,542-P18
F:\PycharmProjects\DeepWriterID-v2\\data\raw\WPTT2.2-Train\543-P14.wptt,543,Train,543-P14
F:\PycharmProjects\DeepWriterID-v2\\data\raw\WPTT2.2-Train\543-P15.wptt,543,Train,543-P15
F:\PycharmProjects\DeepWriterID-v2\\data\raw\WPTT2.2-Train\543-P16.wptt,543,Train,543-P16
F:\PycharmProjects\DeepWriterID-v2\\data\raw\WPTT2.2-Train\543-P17.wptt,543,Train,543-P17
F:\PycharmProjects\DeepWriterID-v2\\data\raw\WPTT2.2-Train\543-P18.wptt,543,Test,543-P18
F:\PycharmProjects\DeepWriterID-v2\\data\raw\WPTT2.2-Train\544-P14.wptt,544,Test,544-P14
F:\PycharmProjects\DeepWriterID-v2\\data\raw\WPTT2.2-Train\544-P15.wptt,544,Train,544-P15
F:\PycharmProjects\DeepWriterID-v2\\data\raw\WPTT2.2-Train\544-P16.wptt,544,Train,544-P16
F:\PycharmProjects\DeepWriterID-v2\\data\raw\WPTT2.2-Train\544-P17.wptt,544,Train,544-P17
F:\PycharmProjects\DeepWriterID-v2\\data\raw\WPTT2.2-Train\544-P18.wptt,544,Train,544-P18
F:\PycharmProjects\DeepWriterID-v2\\data\raw\WPTT2.2-Train\545-P14.wptt,545,Train,545-P14
F:\PycharmProjects\DeepWriterID-v2\\data\raw\WPTT2.2-Train\545-P15.wptt,545,Train,545-P15
F:\PycharmProjects\DeepWriterID-v2\\data\raw\WPTT2.2-Train\545-P16.wptt,545,Train,545-P16
F:\PycharmProjects\DeepWriterID-v2\\data\raw\WPTT2.2-Train\545-P17.wptt,545,Train,545-P17
F:\PycharmProjects\DeepWriterID-v2\\data\raw\WPTT2.2-Train\545-P18.wptt,545,Test,545-P18
F:\PycharmProjects\DeepWriterID-v2\\data\raw\WPTT2.2-Train\546-P14.wptt,546,Test,546-P14
F:\PycharmProjects\DeepWriterID-v2\\data\raw\WPTT2.2-Train\546-P15.wptt,546,Train,546-P15
F:\PycharmProjects\DeepWriterID-v2\\data\raw\WPTT2.2-Train\546-P16.wptt,546,Train,546-P16
F:\PycharmProjects\DeepWriterID-v2\\data\raw\WPTT2.2-Train\546-P17.wptt,546,Train,546-P17
F:\PycharmProjects\DeepWriterID-v2\\data\raw\WPTT2.2-Train\546-P18.wptt,546,Train,546-P18
F:\PycharmProjects\DeepWriterID-v2\\data\raw\WPTT2.2-Train\547-P14.wptt,547,Train,547-P14
F:\PycharmProjects\DeepWriterID-v2\\data\raw\WPTT2.2-Train\547-P15.wptt,547,Train,547-P15
F:\PycharmProjects\DeepWriterID-v2\\data\raw\WPTT2.2-Train\547-P16.wptt,547,Train,547-P16
F:\PycharmProjects\DeepWriterID-v2\\data\raw\WPTT2.2-Train\547-P17.wptt,547,Test,547-P17
F:\PycharmProjects\DeepWriterID-v2\\data\raw\WPTT2.2-Train\547-P18.wptt,547,Train,547-P18
F:\PycharmProjects\DeepWriterID-v2\\data\raw\WPTT2.2-Train\548-P14.wptt,548,Train,548-P14
F:\PycharmProjects\DeepWriterID-v2\\data\raw\WPTT2.2-Train\548-P15.wptt,548,Train,548-P15
F:\PycharmProjects\DeepWriterID-v2\\data\raw\WPTT2.2-Train\548-P16.wptt,548,Train,548-P16
F:\PycharmProjects\DeepWriterID-v2\\data\raw\WPTT2.2-Train\548-P17.wptt,548,Test,548-P17
F:\PycharmProjects\DeepWriterID-v2\\data\raw\WPTT2.2-Train\548-P18.wptt,548,Train,548-P18
F:\PycharmProjects\DeepWriterID-v2\\data\raw\WPTT2.2-Train\549-P14.wptt,549,Train,549-P14
F:\PycharmProjects\DeepWriterID-v2\\data\raw\WPTT2.2-Train\549-P15.wptt,549,Train,549-P15
F:\PycharmProjects\DeepWriterID-v2\\data\raw\WPTT2.2-Train\549-P16.wptt,549,Train,549-P16
F:\PycharmProjects\DeepWriterID-v2\\data\raw\WPTT2.2-Train\549-P17.wptt,549,Test,549-P17
F:\PycharmProjects\DeepWriterID-v2\\data\raw\WPTT2.2-Train\549-P18.wptt,549,Train,549-P18
F:\PycharmProjects\DeepWriterID-v2\\data\raw\WPTT2.2-Train\550-P14.wptt,550,Train,550-P14
F:\PycharmProjects\DeepWriterID-v2\\data\raw\WPTT2.2-Train\550-P15.wptt,550,Train,550-P15
F:\PycharmProjects\DeepWriterID-v2\\data\raw\WPTT2.2-Train\550-P16.wptt,550,Train,550-P16
F:\PycharmProjects\DeepWriterID-v2\\data\raw\WPTT2.2-Train\550-P17.wptt,550,Test,550-P17
F:\PycharmProjects\DeepWriterID-v2\\data\raw\WPTT2.2-Train\550-P18.wptt,550,Train,550-P18
F:\PycharmProjects\DeepWriterID-v2\\data\raw\WPTT2.2-Train\551-P14.wptt,551,Train,551-P14
F:\PycharmProjects\DeepWriterID-v2\\data\raw\WPTT2.2-Train\551-P15.wptt,551,Test,551-P15
F:\PycharmProjects\DeepWriterID-v2\\data\raw\WPTT2.2-Train\551-P16.wptt,551,Train,551-P16
F:\PycharmProjects\DeepWriterID-v2\\data\raw\WPTT2.2-Train\551-P17.wptt,551,Train,551-P17
F:\PycharmProjects\DeepWriterID-v2\\data\raw\WPTT2.2-Train\551-P18.wptt,551,Train,551-P18
F:\PycharmProjects\DeepWriterID-v2\\data\raw\WPTT2.2-Train\552-P14.wptt,552,Train,552-P14
F:\PycharmProjects\DeepWriterID-v2\\data\raw\WPTT2.2-Train\552-P15.wptt,552,Train,552-P15
F:\PycharmProjects\DeepWriterID-v2\\data\raw\WPTT2.2-Train\552-P16.wptt,552,Test,552-P16
F:\PycharmProjects\DeepWriterID-v2\\data\raw\WPTT2.2-Train\552-P17.wptt,552,Train,552-P17
F:\PycharmProjects\DeepWriterID-v2\\data\raw\WPTT2.2-Train\552-P18.wptt,552,Train,552-P18
F:\PycharmProjects\DeepWriterID-v2\\data\raw\WPTT2.2-Train\553-P14.wptt,553,Train,553-P14
F:\PycharmProjects\DeepWriterID-v2\\data\raw\WPTT2.2-Train\553-P15.wptt,553,Train,553-P15
F:\PycharmProjects\DeepWriterID-v2\\data\raw\WPTT2.2-Train\553-P16.wptt,553,Test,553-P16
F:\PycharmProjects\DeepWriterID-v2\\data\raw\WPTT2.2-Train\553-P17.wptt,553,Train,553-P17
F:\PycharmProjects\DeepWriterID-v2\\data\raw\WPTT2.2-Train\553-P18.wptt,553,Train,553-P18
F:\PycharmProjects\DeepWriterID-v2\\data\raw\WPTT2.2-Train\554-P14.wptt,554,Train,554-P14
F:\PycharmProjects\DeepWriterID-v2\\data\raw\WPTT2.2-Train\554-P15.wptt,554,Train,554-P15
F:\PycharmProjects\DeepWriterID-v2\\data\raw\WPTT2.2-Train\554-P16.wptt,554,Train,554-P16
F:\PycharmProjects\DeepWriterID-v2\\data\raw\WPTT2.2-Train\554-P17.wptt,554,Test,554-P17
F:\PycharmProjects\DeepWriterID-v2\\data\raw\WPTT2.2-Train\554-P18.wptt,554,Train,554-P18
F:\PycharmProjects\DeepWriterID-v2\\data\raw\WPTT2.2-Train\555-P14.wptt,555,Train,555-P14
F:\PycharmProjects\DeepWriterID-v2\\data\raw\WPTT2.2-Train\555-P15.wptt,555,Train,555-P15
F:\PycharmProjects\DeepWriterID-v2\\data\raw\WPTT2.2-Train\555-P16.wptt,555,Train,555-P16
F:\PycharmProjects\DeepWriterID-v2\\data\raw\WPTT2.2-Train\555-P17.wptt,555,Train,555-P17
F:\PycharmProjects\DeepWriterID-v2\\data\raw\WPTT2.2-Train\555-P18.wptt,555,Test,555-P18
F:\PycharmProjects\DeepWriterID-v2\\data\raw\WPTT2.2-Train\556-P14.wptt,556,Test,556-P14
F:\PycharmProjects\DeepWriterID-v2\\data\raw\WPTT2.2-Train\556-P15.wptt,556,Train,556-P15
F:\PycharmProjects\DeepWriterID-v2\\data\raw\WPTT2.2-Train\556-P16.wptt,556,Train,556-P16
F:\PycharmProjects\DeepWriterID-v2\\data\raw\WPTT2.2-Train\556-P17.wptt,556,Train,556-P17
F:\PycharmProjects\DeepWriterID-v2\\data\raw\WPTT2.2-Train\556-P18.wptt,556,Train,556-P18
F:\PycharmProjects\DeepWriterID-v2\\data\raw\WPTT2.2-Train\557-P14.wptt,557,Train,557-P14
F:\PycharmProjects\DeepWriterID-v2\\data\raw\WPTT2.2-Train\557-P15.wptt,557,Train,557-P15
F:\PycharmProjects\DeepWriterID-v2\\data\raw\WPTT2.2-Train\557-P16.wptt,557,Test,557-P16
F:\PycharmProjects\DeepWriterID-v2\\data\raw\WPTT2.2-Train\557-P17.wptt,557,Train,557-P17
F:\PycharmProjects\DeepWriterID-v2\\data\raw\WPTT2.2-Train\557-P18.wptt,557,Train,557-P18
F:\PycharmProjects\DeepWriterID-v2\\data\raw\WPTT2.2-Train\558-P14.wptt,558,Train,558-P14
F:\PycharmProjects\DeepWriterID-v2\\data\raw\WPTT2.2-Train\558-P15.wptt,558,Test,558-P15
F:\PycharmProjects\DeepWriterID-v2\\data\raw\WPTT2.2-Train\558-P16.wptt,558,Train,558-P16
F:\PycharmProjects\DeepWriterID-v2\\data\raw\WPTT2.2-Train\558-P17.wptt,558,Train,558-P17
F:\PycharmProjects\DeepWriterID-v2\\data\raw\WPTT2.2-Train\558-P18.wptt,558,Train,558-P18
F:\PycharmProjects\DeepWriterID-v2\\data\raw\WPTT2.2-Train\559-P14.wptt,559,Train,559-P14
F:\PycharmProjects\DeepWriterID-v2\\data\raw\WPTT2.2-Train\559-P15.wptt,559,Train,559-P15
F:\PycharmProjects\DeepWriterID-v2\\data\raw\WPTT2.2-Train\559-P16.wptt,559,Train,559-P16
F:\PycharmProjects\DeepWriterID-v2\\data\raw\WPTT2.2-Train\559-P17.wptt,559,Train,559-P17
F:\PycharmProjects\DeepWriterID-v2\\data\raw\WPTT2.2-Train\559-P18.wptt,559,Test,559-P18
F:\PycharmProjects\DeepWriterID-v2\\data\raw\WPTT2.2-Train\560-P14.wptt,560,Train,560-P14
F:\PycharmProjects\DeepWriterID-v2\\data\raw\WPTT2.2-Train\560-P15.wptt,560,Train,560-P15
F:\PycharmProjects\DeepWriterID-v2\\data\raw\WPTT2.2-Train\560-P16.wptt,560,Train,560-P16
F:\PycharmProjects\DeepWriterID-v2\\data\raw\WPTT2.2-Train\560-P17.wptt,560,Train,560-P17
F:\PycharmProjects\DeepWriterID-v2\\data\raw\WPTT2.2-Train\560-P18.wptt,560,Test,560-P18
F:\PycharmProjects\DeepWriterID-v2\\data\raw\WPTT2.2-Train\561-P14.wptt,561,Train,561-P14
F:\PycharmProjects\DeepWriterID-v2\\data\raw\WPTT2.2-Train\561-P15.wptt,561,Train,561-P15
F:\PycharmProjects\DeepWriterID-v2\\data\raw\WPTT2.2-Train\561-P16.wptt,561,Test,561-P16
F:\PycharmProjects\DeepWriterID-v2\\data\raw\WPTT2.2-Train\561-P17.wptt,561,Train,561-P17
F:\PycharmProjects\DeepWriterID-v2\\data\raw\WPTT2.2-Train\561-P18.wptt,561,Train,561-P18
F:\PycharmProjects\DeepWriterID-v2\\data\raw\WPTT2.2-Train\562-P14.wptt,562,Train,562-P14
F:\PycharmProjects\DeepWriterID-v2\\data\raw\WPTT2.2-Train\562-P15.wptt,562,Train,562-P15
F:\PycharmProjects\DeepWriterID-v2\\data\raw\WPTT2.2-Train\562-P16.wptt,562,Test,562-P16
F:\PycharmProjects\DeepWriterID-v2\\data\raw\WPTT2.2-Train\562-P17.wptt,562,Train,562-P17
F:\PycharmProjects\DeepWriterID-v2\\data\raw\WPTT2.2-Train\562-P18.wptt,562,Train,562-P18
F:\PycharmProjects\DeepWriterID-v2\\data\raw\WPTT2.2-Train\563-P14.wptt,563,Train,563-P14
F:\PycharmProjects\DeepWriterID-v2\\data\raw\WPTT2.2-Train\563-P15.wptt,563,Test,563-P15
F:\PycharmProjects\DeepWriterID-v2\\data\raw\WPTT2.2-Train\563-P16.wptt,563,Train,563-P16
F:\PycharmProjects\DeepWriterID-v2\\data\raw\WPTT2.2-Train\563-P17.wptt,563,Train,563-P17
F:\PycharmProjects\DeepWriterID-v2\\data\raw\WPTT2.2-Train\563-P18.wptt,563,Train,563-P18
F:\PycharmProjects\DeepWriterID-v2\\data\raw\WPTT2.2-Train\564-P14.wptt,564,Train,564-P14
F:\PycharmProjects\DeepWriterID-v2\\data\raw\WPTT2.2-Train\564-P15.wptt,564,Train,564-P15
F:\PycharmProjects\DeepWriterID-v2\\data\raw\WPTT2.2-Train\564-P16.wptt,564,Train,564-P16
F:\PycharmProjects\DeepWriterID-v2\\data\raw\WPTT2.2-Train\564-P17.wptt,564,Test,564-P17
F:\PycharmProjects\DeepWriterID-v2\\data\raw\WPTT2.2-Train\564-P18.wptt,564,Train,564-P18
F:\PycharmProjects\DeepWriterID-v2\\data\raw\WPTT2.2-Train\565-P14.wptt,565,Train,565-P14
F:\PycharmProjects\DeepWriterID-v2\\data\raw\WPTT2.2-Train\565-P15.wptt,565,Train,565-P15
F:\PycharmProjects\DeepWriterID-v2\\data\raw\WPTT2.2-Train\565-P16.wptt,565,Train,565-P16
F:\PycharmProjects\DeepWriterID-v2\\data\raw\WPTT2.2-Train\565-P17.wptt,565,Test,565-P17
F:\PycharmProjects\DeepWriterID-v2\\data\raw\WPTT2.2-Train\565-P18.wptt,565,Train,565-P18
F:\PycharmProjects\DeepWriterID-v2\\data\raw\WPTT2.2-Train\566-P14.wptt,566,Train,566-P14
F:\PycharmProjects\DeepWriterID-v2\\data\raw\WPTT2.2-Train\566-P15.wptt,566,Test,566-P15
F:\PycharmProjects\DeepWriterID-v2\\data\raw\WPTT2.2-Train\566-P16.wptt,566,Train,566-P16
F:\PycharmProjects\DeepWriterID-v2\\data\raw\WPTT2.2-Train\566-P17.wptt,566,Train,566-P17
F:\PycharmProjects\DeepWriterID-v2\\data\raw\WPTT2.2-Train\566-P18.wptt,566,Train,566-P18
F:\PycharmProjects\DeepWriterID-v2\\data\raw\WPTT2.2-Train\567-P14.wptt,567,Train,567-P14
F:\PycharmProjects\DeepWriterID-v2\\data\raw\WPTT2.2-Train\567-P15.wptt,567,Test,567-P15
F:\PycharmProjects\DeepWriterID-v2\\data\raw\WPTT2.2-Train\567-P16.wptt,567,Train,567-P16
F:\PycharmProjects\DeepWriterID-v2\\data\raw\WPTT2.2-Train\567-P17.wptt,567,Train,567-P17
F:\PycharmProjects\DeepWriterID-v2\\data\raw\WPTT2.2-Train\567-P18.wptt,567,Train,567-P18
F:\PycharmProjects\DeepWriterID-v2\\data\raw\WPTT2.2-Train\568-P14.wptt,568,Train,568-P14
F:\PycharmProjects\DeepWriterID-v2\\data\raw\WPTT2.2-Train\568-P15.wptt,568,Train,568-P15
F:\PycharmProjects\DeepWriterID-v2\\data\raw\WPTT2.2-Train\568-P16.wptt,568,Test,568-P16
F:\PycharmProjects\DeepWriterID-v2\\data\raw\WPTT2.2-Train\568-P17.wptt,568,Train,568-P17
F:\PycharmProjects\DeepWriterID-v2\\data\raw\WPTT2.2-Train\568-P18.wptt,568,Train,568-P18
F:\PycharmProjects\DeepWriterID-v2\\data\raw\WPTT2.2-Train\569-P14.wptt,569,Test,569-P14
F:\PycharmProjects\DeepWriterID-v2\\data\raw\WPTT2.2-Train\569-P15.wptt,569,Train,569-P15
F:\PycharmProjects\DeepWriterID-v2\\data\raw\WPTT2.2-Train\569-P16.wptt,569,Train,569-P16
F:\PycharmProjects\DeepWriterID-v2\\data\raw\WPTT2.2-Train\569-P17.wptt,569,Train,569-P17
F:\PycharmProjects\DeepWriterID-v2\\data\raw\WPTT2.2-Train\569-P18.wptt,569,Train,569-P18
F:\PycharmProjects\DeepWriterID-v2\\data\raw\WPTT2.2-Train\570-P14.wptt,570,Train,570-P14
F:\PycharmProjects\DeepWriterID-v2\\data\raw\WPTT2.2-Train\570-P15.wptt,570,Train,570-P15
F:\PycharmProjects\DeepWriterID-v2\\data\raw\WPTT2.2-Train\570-P16.wptt,570,Test,570-P16
F:\PycharmProjects\DeepWriterID-v2\\data\raw\WPTT2.2-Train\570-P17.wptt,570,Train,570-P17
F:\PycharmProjects\DeepWriterID-v2\\data\raw\WPTT2.2-Train\570-P18.wptt,570,Train,570-P18
F:\PycharmProjects\DeepWriterID-v2\\data\raw\WPTT2.2-Train\571-P14.wptt,571,Test,571-P14
F:\PycharmProjects\DeepWriterID-v2\\data\raw\WPTT2.2-Train\571-P15.wptt,571,Train,571-P15
F:\PycharmProjects\DeepWriterID-v2\\data\raw\WPTT2.2-Train\571-P16.wptt,571,Train,571-P16
F:\PycharmProjects\DeepWriterID-v2\\data\raw\WPTT2.2-Train\571-P17.wptt,571,Train,571-P17
F:\PycharmProjects\DeepWriterID-v2\\data\raw\WPTT2.2-Train\571-P18.wptt,571,Train,571-P18
F:\PycharmProjects\DeepWriterID-v2\\data\raw\WPTT2.2-Train\572-P14.wptt,572,Train,572-P14
F:\PycharmProjects\DeepWriterID-v2\\data\raw\WPTT2.2-Train\572-P15.wptt,572,Train,572-P15
F:\PycharmProjects\DeepWriterID-v2\\data\raw\WPTT2.2-Train\572-P16.wptt,572,Train,572-P16
F:\PycharmProjects\DeepWriterID-v2\\data\raw\WPTT2.2-Train\572-P17.wptt,572,Test,572-P17
F:\PycharmProjects\DeepWriterID-v2\\data\raw\WPTT2.2-Train\572-P18.wptt,572,Train,572-P18
F:\PycharmProjects\DeepWriterID-v2\\data\raw\WPTT2.2-Train\573-P14.wptt,573,Test,573-P14
F:\PycharmProjects\DeepWriterID-v2\\data\raw\WPTT2.2-Train\573-P15.wptt,573,Train,573-P15
F:\PycharmProjects\DeepWriterID-v2\\data\raw\WPTT2.2-Train\573-P16.wptt,573,Train,573-P16
F:\PycharmProjects\DeepWriterID-v2\\data\raw\WPTT2.2-Train\573-P17.wptt,573,Train,573-P17
F:\PycharmProjects\DeepWriterID-v2\\data\raw\WPTT2.2-Train\573-P18.wptt,573,Train,573-P18
F:\PycharmProjects\DeepWriterID-v2\\data\raw\WPTT2.2-Train\574-P14.wptt,574,Test,574-P14
F:\PycharmProjects\DeepWriterID-v2\\data\raw\WPTT2.2-Train\574-P15.wptt,574,Train,574-P15
F:\PycharmProjects\DeepWriterID-v2\\data\raw\WPTT2.2-Train\574-P16.wptt,574,Train,574-P16
F:\PycharmProjects\DeepWriterID-v2\\data\raw\WPTT2.2-Train\574-P17.wptt,574,Train,574-P17
F:\PycharmProjects\DeepWriterID-v2\\data\raw\WPTT2.2-Train\574-P18.wptt,574,Train,574-P18
F:\PycharmProjects\DeepWriterID-v2\\data\raw\WPTT2.2-Train\575-P14.wptt,575,Train,575-P14
F:\PycharmProjects\DeepWriterID-v2\\data\raw\WPTT2.2-Train\575-P15.wptt,575,Test,575-P15
F:\PycharmProjects\DeepWriterID-v2\\data\raw\WPTT2.2-Train\575-P16.wptt,575,Train,575-P16
F:\PycharmProjects\DeepWriterID-v2\\data\raw\WPTT2.2-Train\575-P17.wptt,575,Train,575-P17
F:\PycharmProjects\DeepWriterID-v2\\data\raw\WPTT2.2-Train\575-P18.wptt,575,Train,575-P18
F:\PycharmProjects\DeepWriterID-v2\\data\raw\WPTT2.2-Train\576-P14.wptt,576,Train,576-P14
F:\PycharmProjects\DeepWriterID-v2\\data\raw\WPTT2.2-Train\576-P15.wptt,576,Test,576-P15
F:\PycharmProjects\DeepWriterID-v2\\data\raw\WPTT2.2-Train\576-P16.wptt,576,Train,576-P16
F:\PycharmProjects\DeepWriterID-v2\\data\raw\WPTT2.2-Train\576-P17.wptt,576,Train,576-P17
F:\PycharmProjects\DeepWriterID-v2\\data\raw\WPTT2.2-Train\576-P18.wptt,576,Train,576-P18
F:\PycharmProjects\DeepWriterID-v2\\data\raw\WPTT2.2-Train\577-P14.wptt,577,Train,577-P14
F:\PycharmProjects\DeepWriterID-v2\\data\raw\WPTT2.2-Train\577-P15.wptt,577,Train,577-P15
F:\PycharmProjects\DeepWriterID-v2\\data\raw\WPTT2.2-Train\577-P16.wptt,577,Test,577-P16
F:\PycharmProjects\DeepWriterID-v2\\data\raw\WPTT2.2-Train\577-P17.wptt,577,Train,577-P17
F:\PycharmProjects\DeepWriterID-v2\\data\raw\WPTT2.2-Train\577-P18.wptt,577,Train,577-P18
F:\PycharmProjects\DeepWriterID-v2\\data\raw\WPTT2.2-Train\578-P14.wptt,578,Train,578-P14
F:\PycharmProjects\DeepWriterID-v2\\data\raw\WPTT2.2-Train\578-P15.wptt,578,Train,578-P15
F:\PycharmProjects\DeepWriterID-v2\\data\raw\WPTT2.2-Train\578-P16.wptt,578,Train,578-P16
F:\PycharmProjects\DeepWriterID-v2\\data\raw\WPTT2.2-Train\578-P17.wptt,578,Test,578-P17
F:\PycharmProjects\DeepWriterID-v2\\data\raw\WPTT2.2-Train\578-P18.wptt,578,Train,578-P18
F:\PycharmProjects\DeepWriterID-v2\\data\raw\WPTT2.2-Train\579-P14.wptt,579,Test,579-P14
F:\PycharmProjects\DeepWriterID-v2\\data\raw\WPTT2.2-Train\579-P15.wptt,579,Train,579-P15
F:\PycharmProjects\DeepWriterID-v2\\data\raw\WPTT2.2-Train\579-P16.wptt,579,Train,579-P16
F:\PycharmProjects\DeepWriterID-v2\\data\raw\WPTT2.2-Train\579-P17.wptt,579,Train,579-P17
F:\PycharmProjects\DeepWriterID-v2\\data\raw\WPTT2.2-Train\579-P18.wptt,579,Train,579-P18
F:\PycharmProjects\DeepWriterID-v2\\data\raw\WPTT2.2-Train\580-P14.wptt,580,Train,580-P14
F:\PycharmProjects\DeepWriterID-v2\\data\raw\WPTT2.2-Train\580-P15.wptt,580,Train,580-P15
F:\PycharmProjects\DeepWriterID-v2\\data\raw\WPTT2.2-Train\580-P16.wptt,580,Train,580-P16
F:\PycharmProjects\DeepWriterID-v2\\data\raw\WPTT2.2-Train\580-P17.wptt,580,Train,580-P17
F:\PycharmProjects\DeepWriterID-v2\\data\raw\WPTT2.2-Train\580-P18.wptt,580,Test,580-P18
F:\PycharmProjects\DeepWriterID-v2\\data\raw\WPTT2.2-Train\581-P14.wptt,581,Train,581-P14
F:\PycharmProjects\DeepWriterID-v2\\data\raw\WPTT2.2-Train\581-P15.wptt,581,Test,581-P15
F:\PycharmProjects\DeepWriterID-v2\\data\raw\WPTT2.2-Train\581-P16.wptt,581,Train,581-P16
F:\PycharmProjects\DeepWriterID-v2\\data\raw\WPTT2.2-Train\581-P17.wptt,581,Train,581-P17
F:\PycharmProjects\DeepWriterID-v2\\data\raw\WPTT2.2-Train\581-P18.wptt,581,Train,581-P18
F:\PycharmProjects\DeepWriterID-v2\\data\raw\WPTT2.2-Train\582-P14.wptt,582,Train,582-P14
F:\PycharmProjects\DeepWriterID-v2\\data\raw\WPTT2.2-Train\582-P15.wptt,582,Train,582-P15
F:\PycharmProjects\DeepWriterID-v2\\data\raw\WPTT2.2-Train\582-P16.wptt,582,Train,582-P16
F:\PycharmProjects\DeepWriterID-v2\\data\raw\WPTT2.2-Train\582-P17.wptt,582,Train,582-P17
F:\PycharmProjects\DeepWriterID-v2\\data\raw\WPTT2.2-Train\582-P18.wptt,582,Test,582-P18
F:\PycharmProjects\DeepWriterID-v2\\data\raw\WPTT2.2-Train\583-P14.wptt,583,Train,583-P14
F:\PycharmProjects\DeepWriterID-v2\\data\raw\WPTT2.2-Train\583-P15.wptt,583,Test,583-P15
F:\PycharmProjects\DeepWriterID-v2\\data\raw\WPTT2.2-Train\583-P16.wptt,583,Train,583-P16
F:\PycharmProjects\DeepWriterID-v2\\data\raw\WPTT2.2-Train\583-P17.wptt,583,Train,583-P17
F:\PycharmProjects\DeepWriterID-v2\\data\raw\WPTT2.2-Train\583-P18.wptt,583,Train,583-P18
F:\PycharmProjects\DeepWriterID-v2\\data\raw\WPTT2.2-Train\584-P14.wptt,584,Train,584-P14
F:\PycharmProjects\DeepWriterID-v2\\data\raw\WPTT2.2-Train\584-P15.wptt,584,Train,584-P15
F:\PycharmProjects\DeepWriterID-v2\\data\raw\WPTT2.2-Train\584-P16.wptt,584,Train,584-P16
F:\PycharmProjects\DeepWriterID-v2\\data\raw\WPTT2.2-Train\584-P17.wptt,584,Train,584-P17
F:\PycharmProjects\DeepWriterID-v2\\data\raw\WPTT2.2-Train\584-P18.wptt,584,Test,584-P18
F:\PycharmProjects\DeepWriterID-v2\\data\raw\WPTT2.2-Train\585-P14.wptt,585,Train,585-P14
F:\PycharmProjects\DeepWriterID-v2\\data\raw\WPTT2.2-Train\585-P15.wptt,585,Train,585-P15
F:\PycharmProjects\DeepWriterID-v2\\data\raw\WPTT2.2-Train\585-P16.wptt,585,Test,585-P16
F:\PycharmProjects\DeepWriterID-v2\\data\raw\WPTT2.2-Train\585-P17.wptt,585,Train,585-P17
F:\PycharmProjects\DeepWriterID-v2\\data\raw\WPTT2.2-Train\585-P18.wptt,585,Train,585-P18
F:\PycharmProjects\DeepWriterID-v2\\data\raw\WPTT2.2-Train\586-P14.wptt,586,Train,586-P14
F:\PycharmProjects\DeepWriterID-v2\\data\raw\WPTT2.2-Train\586-P15.wptt,586,Train,586-P15
F:\PycharmProjects\DeepWriterID-v2\\data\raw\WPTT2.2-Train\586-P16.wptt,586,Train,586-P16
F:\PycharmProjects\DeepWriterID-v2\\data\raw\WPTT2.2-Train\586-P17.wptt,586,Train,586-P17
F:\PycharmProjects\DeepWriterID-v2\\data\raw\WPTT2.2-Train\586-P18.wptt,586,Test,586-P18
F:\PycharmProjects\DeepWriterID-v2\\data\raw\WPTT2.2-Train\587-P14.wptt,587,Train,587-P14
F:\PycharmProjects\DeepWriterID-v2\\data\raw\WPTT2.2-Train\587-P15.wptt,587,Train,587-P15
F:\PycharmProjects\DeepWriterID-v2\\data\raw\WPTT2.2-Train\587-P16.wptt,587,Train,587-P16
F:\PycharmProjects\DeepWriterID-v2\\data\raw\WPTT2.2-Train\587-P17.wptt,587,Test,587-P17
F:\PycharmProjects\DeepWriterID-v2\\data\raw\WPTT2.2-Train\587-P18.wptt,587,Train,587-P18
F:\PycharmProjects\DeepWriterID-v2\\data\raw\WPTT2.2-Train\588-P14.wptt,588,Test,588-P14
F:\PycharmProjects\DeepWriterID-v2\\data\raw\WPTT2.2-Train\588-P15.wptt,588,Train,588-P15
F:\PycharmProjects\DeepWriterID-v2\\data\raw\WPTT2.2-Train\588-P16.wptt,588,Train,588-P16
F:\PycharmProjects\DeepWriterID-v2\\data\raw\WPTT2.2-Train\588-P17.wptt,588,Train,588-P17
F:\PycharmProjects\DeepWriterID-v2\\data\raw\WPTT2.2-Train\588-P18.wptt,588,Train,588-P18
F:\PycharmProjects\DeepWriterID-v2\\data\raw\WPTT2.2-Train\589-P14.wptt,589,Test,589-P14
F:\PycharmProjects\DeepWriterID-v2\\data\raw\WPTT2.2-Train\589-P15.wptt,589,Train,589-P15
F:\PycharmProjects\DeepWriterID-v2\\data\raw\WPTT2.2-Train\589-P16.wptt,589,Train,589-P16
F:\PycharmProjects\DeepWriterID-v2\\data\raw\WPTT2.2-Train\589-P17.wptt,589,Train,589-P17
F:\PycharmProjects\DeepWriterID-v2\\data\raw\WPTT2.2-Train\589-P18.wptt,589,Train,589-P18
F:\PycharmProjects\DeepWriterID-v2\\data\raw\WPTT2.2-Train\590-P14.wptt,590,Train,590-P14
F:\PycharmProjects\DeepWriterID-v2\\data\raw\WPTT2.2-Train\590-P15.wptt,590,Train,590-P15
F:\PycharmProjects\DeepWriterID-v2\\data\raw\WPTT2.2-Train\590-P16.wptt,590,Train,590-P16
F:\PycharmProjects\DeepWriterID-v2\\data\raw\WPTT2.2-Train\590-P17.wptt,590,Train,590-P17
F:\PycharmProjects\DeepWriterID-v2\\data\raw\WPTT2.2-Train\590-P18.wptt,590,Test,590-P18
F:\PycharmProjects\DeepWriterID-v2\\data\raw\WPTT2.2-Train\591-P14.wptt,591,Train,591-P14
F:\PycharmProjects\DeepWriterID-v2\\data\raw\WPTT2.2-Train\591-P15.wptt,591,Train,591-P15
F:\PycharmProjects\DeepWriterID-v2\\data\raw\WPTT2.2-Train\591-P16.wptt,591,Train,591-P16
F:\PycharmProjects\DeepWriterID-v2\\data\raw\WPTT2.2-Train\591-P17.wptt,591,Train,591-P17
F:\PycharmProjects\DeepWriterID-v2\\data\raw\WPTT2.2-Train\591-P18.wptt,591,Test,591-P18
F:\PycharmProjects\DeepWriterID-v2\\data\raw\WPTT2.2-Train\592-P14.wptt,592,Train,592-P14
F:\PycharmProjects\DeepWriterID-v2\\data\raw\WPTT2.2-Train\592-P15.wptt,592,Train,592-P15
F:\PycharmProjects\DeepWriterID-v2\\data\raw\WPTT2.2-Train\592-P16.wptt,592,Test,592-P16
F:\PycharmProjects\DeepWriterID-v2\\data\raw\WPTT2.2-Train\592-P17.wptt,592,Train,592-P17
F:\PycharmProjects\DeepWriterID-v2\\data\raw\WPTT2.2-Train\592-P18.wptt,592,Train,592-P18
F:\PycharmProjects\DeepWriterID-v2\\data\raw\WPTT2.2-Train\593-P14.wptt,593,Train,593-P14
F:\PycharmProjects\DeepWriterID-v2\\data\raw\WPTT2.2-Train\593-P15.wptt,593,Train,593-P15
F:\PycharmProjects\DeepWriterID-v2\\data\raw\WPTT2.2-Train\593-P16.wptt,593,Test,593-P16
F:\PycharmProjects\DeepWriterID-v2\\data\raw\WPTT2.2-Train\593-P17.wptt,593,Train,593-P17
F:\PycharmProjects\DeepWriterID-v2\\data\raw\WPTT2.2-Train\593-P18.wptt,593,Train,593-P18
F:\PycharmProjects\DeepWriterID-v2\\data\raw\WPTT2.2-Train\594-P14.wptt,594,Train,594-P14
F:\PycharmProjects\DeepWriterID-v2\\data\raw\WPTT2.2-Train\594-P15.wptt,594,Train,594-P15
F:\PycharmProjects\DeepWriterID-v2\\data\raw\WPTT2.2-Train\594-P16.wptt,594,Train,594-P16
F:\PycharmProjects\DeepWriterID-v2\\data\raw\WPTT2.2-Train\594-P17.wptt,594,Test,594-P17
F:\PycharmProjects\DeepWriterID-v2\\data\raw\WPTT2.2-Train\594-P18.wptt,594,Train,594-P18
F:\PycharmProjects\DeepWriterID-v2\\data\raw\WPTT2.2-Train\595-P14.wptt,595,Train,595-P14
F:\PycharmProjects\DeepWriterID-v2\\data\raw\WPTT2.2-Train\595-P15.wptt,595,Train,595-P15
F:\PycharmProjects\DeepWriterID-v2\\data\raw\WPTT2.2-Train\595-P16.wptt,595,Test,595-P16
F:\PycharmProjects\DeepWriterID-v2\\data\raw\WPTT2.2-Train\595-P17.wptt,595,Train,595-P17
F:\PycharmProjects\DeepWriterID-v2\\data\raw\WPTT2.2-Train\595-P18.wptt,595,Train,595-P18
F:\PycharmProjects\DeepWriterID-v2\\data\raw\WPTT2.2-Train\596-P14.wptt,596,Train,596-P14
F:\PycharmProjects\DeepWriterID-v2\\data\raw\WPTT2.2-Train\596-P15.wptt,596,Test,596-P15
F:\PycharmProjects\DeepWriterID-v2\\data\raw\WPTT2.2-Train\596-P16.wptt,596,Train,596-P16
F:\PycharmProjects\DeepWriterID-v2\\data\raw\WPTT2.2-Train\596-P17.wptt,596,Train,596-P17
F:\PycharmProjects\DeepWriterID-v2\\data\raw\WPTT2.2-Train\596-P18.wptt,596,Train,596-P18
F:\PycharmProjects\DeepWriterID-v2\\data\raw\WPTT2.2-Train\597-P14.wptt,597,Test,597-P14
F:\PycharmProjects\DeepWriterID-v2\\data\raw\WPTT2.2-Train\597-P15.wptt,597,Train,597-P15
F:\PycharmProjects\DeepWriterID-v2\\data\raw\WPTT2.2-Train\597-P16.wptt,597,Train,597-P16
F:\PycharmProjects\DeepWriterID-v2\\data\raw\WPTT2.2-Train\597-P17.wptt,597,Train,597-P17
F:\PycharmProjects\DeepWriterID-v2\\data\raw\WPTT2.2-Train\597-P18.wptt,597,Train,597-P18
F:\PycharmProjects\DeepWriterID-v2\\data\raw\WPTT2.2-Train\598-P14.wptt,598,Train,598-P14
F:\PycharmProjects\DeepWriterID-v2\\data\raw\WPTT2.2-Train\598-P15.wptt,598,Train,598-P15
F:\PycharmProjects\DeepWriterID-v2\\data\raw\WPTT2.2-Train\598-P16.wptt,598,Train,598-P16
F:\PycharmProjects\DeepWriterID-v2\\data\raw\WPTT2.2-Train\598-P17.wptt,598,Test,598-P17
F:\PycharmProjects\DeepWriterID-v2\\data\raw\WPTT2.2-Train\598-P18.wptt,598,Train,598-P18
F:\PycharmProjects\DeepWriterID-v2\\data\raw\WPTT2.2-Train\599-P14.wptt,599,Train,599-P14
F:\PycharmProjects\DeepWriterID-v2\\data\raw\WPTT2.2-Train\599-P15.wptt,599,Test,599-P15
F:\PycharmProjects\DeepWriterID-v2\\data\raw\WPTT2.2-Train\599-P16.wptt,599,Train,599-P16
F:\PycharmProjects\DeepWriterID-v2\\data\raw\WPTT2.2-Train\599-P17.wptt,599,Train,599-P17
F:\PycharmProjects\DeepWriterID-v2\\data\raw\WPTT2.2-Train\599-P18.wptt,599,Train,599-P18
F:\PycharmProjects\DeepWriterID-v2\\data\raw\WPTT2.2-Train\600-P14.wptt,600,Train,600-P14
F:\PycharmProjects\DeepWriterID-v2\\data\raw\WPTT2.2-Train\600-P15.wptt,600,Train,600-P15
F:\PycharmProjects\DeepWriterID-v2\\data\raw\WPTT2.2-Train\600-P16.wptt,600,Train,600-P16
F:\PycharmProjects\DeepWriterID-v2\\data\raw\WPTT2.2-Train\600-P17.wptt,600,Test,600-P17
F:\PycharmProjects\DeepWriterID-v2\\data\raw\WPTT2.2-Train\600-P18.wptt,600,Train,600-P18
F:\PycharmProjects\DeepWriterID-v2\\data\raw\WPTT2.2-Train\613-P17.wptt,613,Train,613-P17
F:\PycharmProjects\DeepWriterID-v2\\data\raw\WPTT2.2-Train\613-P16.wptt,613,Train,613-P16
F:\PycharmProjects\DeepWriterID-v2\\data\raw\WPTT2.2-Train\613-P18.wptt,613,Train,613-P18
F:\PycharmProjects\DeepWriterID-v2\\data\raw\WPTT2.2-Train\613-P14.wptt,613,Test,613-P14
F:\PycharmProjects\DeepWriterID-v2\\data\raw\WPTT2.2-Train\613-P15.wptt,613,Train,613-P15
F:\PycharmProjects\DeepWriterID-v2\\data\raw\WPTT2.2-Train\601-P14.wptt,601,Train,601-P14
F:\PycharmProjects\DeepWriterID-v2\\data\raw\WPTT2.2-Train\601-P15.wptt,601,Test,601-P15
F:\PycharmProjects\DeepWriterID-v2\\data\raw\WPTT2.2-Train\601-P16.wptt,601,Train,601-P16
F:\PycharmProjects\DeepWriterID-v2\\data\raw\WPTT2.2-Train\601-P17.wptt,601,Train,601-P17
F:\PycharmProjects\DeepWriterID-v2\\data\raw\WPTT2.2-Train\601-P18.wptt,601,Train,601-P18
F:\PycharmProjects\DeepWriterID-v2\\data\raw\WPTT2.2-Train\614-P14.wptt,614,Train,614-P14
F:\PycharmProjects\DeepWriterID-v2\\data\raw\WPTT2.2-Train\614-P15.wptt,614,Test,614-P15
F:\PycharmProjects\DeepWriterID-v2\\data\raw\WPTT2.2-Train\614-P16.wptt,614,Train,614-P16
F:\PycharmProjects\DeepWriterID-v2\\data\raw\WPTT2.2-Train\614-P17.wptt,614,Train,614-P17
F:\PycharmProjects\DeepWriterID-v2\\data\raw\WPTT2.2-Train\614-P18.wptt,614,Train,614-P18
F:\PycharmProjects\DeepWriterID-v2\\data\raw\WPTT2.2-Train\602-P14.wptt,602,Test,602-P14
F:\PycharmProjects\DeepWriterID-v2\\data\raw\WPTT2.2-Train\602-P15.wptt,602,Train,602-P15
F:\PycharmProjects\DeepWriterID-v2\\data\raw\WPTT2.2-Train\602-P16.wptt,602,Train,602-P16
F:\PycharmProjects\DeepWriterID-v2\\data\raw\WPTT2.2-Train\602-P17.wptt,602,Train,602-P17
F:\PycharmProjects\DeepWriterID-v2\\data\raw\WPTT2.2-Train\602-P18.wptt,602,Train,602-P18
F:\PycharmProjects\DeepWriterID-v2\\data\raw\WPTT2.2-Train\615-P14.wptt,615,Test,615-P14
F:\PycharmProjects\DeepWriterID-v2\\data\raw\WPTT2.2-Train\615-P15.wptt,615,Train,615-P15
F:\PycharmProjects\DeepWriterID-v2\\data\raw\WPTT2.2-Train\615-P16.wptt,615,Train,615-P16
F:\PycharmProjects\DeepWriterID-v2\\data\raw\WPTT2.2-Train\615-P17.wptt,615,Train,615-P17
F:\PycharmProjects\DeepWriterID-v2\\data\raw\WPTT2.2-Train\615-P18.wptt,615,Train,615-P18
F:\PycharmProjects\DeepWriterID-v2\\data\raw\WPTT2.2-Train\603-P14.wptt,603,Train,603-P14
F:\PycharmProjects\DeepWriterID-v2\\data\raw\WPTT2.2-Train\603-P15.wptt,603,Train,603-P15
F:\PycharmProjects\DeepWriterID-v2\\data\raw\WPTT2.2-Train\603-P16.wptt,603,Test,603-P16
F:\PycharmProjects\DeepWriterID-v2\\data\raw\WPTT2.2-Train\603-P17.wptt,603,Train,603-P17
F:\PycharmProjects\DeepWriterID-v2\\data\raw\WPTT2.2-Train\603-P18.wptt,603,Train,603-P18
F:\PycharmProjects\DeepWriterID-v2\\data\raw\WPTT2.2-Train\616-P14.wptt,616,Train,616-P14
F:\PycharmProjects\DeepWriterID-v2\\data\raw\WPTT2.2-Train\616-P15.wptt,616,Test,616-P15
F:\PycharmProjects\DeepWriterID-v2\\data\raw\WPTT2.2-Train\616-P16.wptt,616,Train,616-P16
F:\PycharmProjects\DeepWriterID-v2\\data\raw\WPTT2.2-Train\616-P17.wptt,616,Train,616-P17
F:\PycharmProjects\DeepWriterID-v2\\data\raw\WPTT2.2-Train\616-P18.wptt,616,Train,616-P18
F:\PycharmProjects\DeepWriterID-v2\\data\raw\WPTT2.2-Train\604-P14.wptt,604,Train,604-P14
F:\PycharmProjects\DeepWriterID-v2\\data\raw\WPTT2.2-Train\604-P15.wptt,604,Train,604-P15
F:\PycharmProjects\DeepWriterID-v2\\data\raw\WPTT2.2-Train\604-P16.wptt,604,Train,604-P16
F:\PycharmProjects\DeepWriterID-v2\\data\raw\WPTT2.2-Train\604-P17.wptt,604,Test,604-P17
F:\PycharmProjects\DeepWriterID-v2\\data\raw\WPTT2.2-Train\604-P18.wptt,604,Train,604-P18
F:\PycharmProjects\DeepWriterID-v2\\data\raw\WPTT2.2-Train\617-P14.wptt,617,Train,617-P14
F:\PycharmProjects\DeepWriterID-v2\\data\raw\WPTT2.2-Train\617-P15.wptt,617,Train,617-P15
F:\PycharmProjects\DeepWriterID-v2\\data\raw\WPTT2.2-Train\617-P16.wptt,617,Test,617-P16
F:\PycharmProjects\DeepWriterID-v2\\data\raw\WPTT2.2-Train\617-P17.wptt,617,Train,617-P17
F:\PycharmProjects\DeepWriterID-v2\\data\raw\WPTT2.2-Train\617-P18.wptt,617,Train,617-P18
F:\PycharmProjects\DeepWriterID-v2\\data\raw\WPTT2.2-Train\605-P14.wptt,605,Train,605-P14
F:\PycharmProjects\DeepWriterID-v2\\data\raw\WPTT2.2-Train\605-P15.wptt,605,Train,605-P15
F:\PycharmProjects\DeepWriterID-v2\\data\raw\WPTT2.2-Train\605-P16.wptt,605,Train,605-P16
F:\PycharmProjects\DeepWriterID-v2\\data\raw\WPTT2.2-Train\605-P17.wptt,605,Test,605-P17
F:\PycharmProjects\DeepWriterID-v2\\data\raw\WPTT2.2-Train\605-P18.wptt,605,Train,605-P18
F:\PycharmProjects\DeepWriterID-v2\\data\raw\WPTT2.2-Train\618-P14.wptt,618,Train,618-P14
F:\PycharmProjects\DeepWriterID-v2\\data\raw\WPTT2.2-Train\618-P15.wptt,618,Train,618-P15
F:\PycharmProjects\DeepWriterID-v2\\data\raw\WPTT2.2-Train\618-P16.wptt,618,Train,618-P16
F:\PycharmProjects\DeepWriterID-v2\\data\raw\WPTT2.2-Train\618-P17.wptt,618,Test,618-P17
F:\PycharmProjects\DeepWriterID-v2\\data\raw\WPTT2.2-Train\618-P18.wptt,618,Train,618-P18
F:\PycharmProjects\DeepWriterID-v2\\data\raw\WPTT2.2-Train\606-P14.wptt,606,Train,606-P14
F:\PycharmProjects\DeepWriterID-v2\\data\raw\WPTT2.2-Train\606-P15.wptt,606,Train,606-P15
F:\PycharmProjects\DeepWriterID-v2\\data\raw\WPTT2.2-Train\606-P16.wptt,606,Train,606-P16
F:\PycharmProjects\DeepWriterID-v2\\data\raw\WPTT2.2-Train\606-P17.wptt,606,Train,606-P17
F:\PycharmProjects\DeepWriterID-v2\\data\raw\WPTT2.2-Train\606-P18.wptt,606,Test,606-P18
F:\PycharmProjects\DeepWriterID-v2\\data\raw\WPTT2.2-Train\619-P14.wptt,619,Train,619-P14
F:\PycharmProjects\DeepWriterID-v2\\data\raw\WPTT2.2-Train\619-P15.wptt,619,Train,619-P15
F:\PycharmProjects\DeepWriterID-v2\\data\raw\WPTT2.2-Train\619-P16.wptt,619,Train,619-P16
F:\PycharmProjects\DeepWriterID-v2\\data\raw\WPTT2.2-Train\619-P17.wptt,619,Test,619-P17
F:\PycharmProjects\DeepWriterID-v2\\data\raw\WPTT2.2-Train\619-P18.wptt,619,Train,619-P18
F:\PycharmProjects\DeepWriterID-v2\\data\raw\WPTT2.2-Train\607-P14.wptt,607,Train,607-P14
F:\PycharmProjects\DeepWriterID-v2\\data\raw\WPTT2.2-Train\607-P15.wptt,607,Train,607-P15
F:\PycharmProjects\DeepWriterID-v2\\data\raw\WPTT2.2-Train\607-P16.wptt,607,Test,607-P16
F:\PycharmProjects\DeepWriterID-v2\\data\raw\WPTT2.2-Train\607-P17.wptt,607,Train,607-P17
F:\PycharmProjects\DeepWriterID-v2\\data\raw\WPTT2.2-Train\607-P18.wptt,607,Train,607-P18
F:\PycharmProjects\DeepWriterID-v2\\data\raw\WPTT2.2-Train\620-P14.wptt,620,Train,620-P14
F:\PycharmProjects\DeepWriterID-v2\\data\raw\WPTT2.2-Train\620-P15.wptt,620,Train,620-P15
F:\PycharmProjects\DeepWriterID-v2\\data\raw\WPTT2.2-Train\620-P16.wptt,620,Test,620-P16
F:\PycharmProjects\DeepWriterID-v2\\data\raw\WPTT2.2-Train\620-P17.wptt,620,Train,620-P17
F:\PycharmProjects\DeepWriterID-v2\\data\raw\WPTT2.2-Train\620-P18.wptt,620,Train,620-P18
F:\PycharmProjects\DeepWriterID-v2\\data\raw\WPTT2.2-Train\608-P14.wptt,608,Train,608-P14
F:\PycharmProjects\DeepWriterID-v2\\data\raw\WPTT2.2-Train\608-P15.wptt,608,Train,608-P15
F:\PycharmProjects\DeepWriterID-v2\\data\raw\WPTT2.2-Train\608-P16.wptt,608,Train,608-P16
F:\PycharmProjects\DeepWriterID-v2\\data\raw\WPTT2.2-Train\608-P17.wptt,608,Train,608-P17
F:\PycharmProjects\DeepWriterID-v2\\data\raw\WPTT2.2-Train\608-P18.wptt,608,Test,608-P18
F:\PycharmProjects\DeepWriterID-v2\\data\raw\WPTT2.2-Train\621-P14.wptt,621,Train,621-P14
F:\PycharmProjects\DeepWriterID-v2\\data\raw\WPTT2.2-Train\621-P15.wptt,621,Train,621-P15
F:\PycharmProjects\DeepWriterID-v2\\data\raw\WPTT2.2-Train\621-P16.wptt,621,Train,621-P16
F:\PycharmProjects\DeepWriterID-v2\\data\raw\WPTT2.2-Train\621-P17.wptt,621,Test,621-P17
F:\PycharmProjects\DeepWriterID-v2\\data\raw\WPTT2.2-Train\621-P18.wptt,621,Train,621-P18
F:\PycharmProjects\DeepWriterID-v2\\data\raw\WPTT2.2-Train\609-P14.wptt,609,Train,609-P14
F:\PycharmProjects\DeepWriterID-v2\\data\raw\WPTT2.2-Train\609-P15.wptt,609,Train,609-P15
F:\PycharmProjects\DeepWriterID-v2\\data\raw\WPTT2.2-Train\609-P16.wptt,609,Train,609-P16
F:\PycharmProjects\DeepWriterID-v2\\data\raw\WPTT2.2-Train\609-P17.wptt,609,Train,609-P17
F:\PycharmProjects\DeepWriterID-v2\\data\raw\WPTT2.2-Train\609-P18.wptt,609,Test,609-P18
F:\PycharmProjects\DeepWriterID-v2\\data\raw\WPTT2.2-Train\622-P14.wptt,622,Train,622-P14
F:\PycharmProjects\DeepWriterID-v2\\data\raw\WPTT2.2-Train\622-P15.wptt,622,Test,622-P15
F:\PycharmProjects\DeepWriterID-v2\\data\raw\WPTT2.2-Train\622-P16.wptt,622,Train,622-P16
F:\PycharmProjects\DeepWriterID-v2\\data\raw\WPTT2.2-Train\622-P17.wptt,622,Train,622-P17
F:\PycharmProjects\DeepWriterID-v2\\data\raw\WPTT2.2-Train\622-P18.wptt,622,Train,622-P18
F:\PycharmProjects\DeepWriterID-v2\\data\raw\WPTT2.2-Train\610-P14.wptt,610,Train,610-P14
F:\PycharmProjects\DeepWriterID-v2\\data\raw\WPTT2.2-Train\610-P15.wptt,610,Test,610-P15
F:\PycharmProjects\DeepWriterID-v2\\data\raw\WPTT2.2-Train\610-P16.wptt,610,Train,610-P16
F:\PycharmProjects\DeepWriterID-v2\\data\raw\WPTT2.2-Train\610-P17.wptt,610,Train,610-P17
F:\PycharmProjects\DeepWriterID-v2\\data\raw\WPTT2.2-Train\610-P18.wptt,610,Train,610-P18
F:\PycharmProjects\DeepWriterID-v2\\data\raw\WPTT2.2-Train\623-P14.wptt,623,Train,623-P14
F:\PycharmProjects\DeepWriterID-v2\\data\raw\WPTT2.2-Train\623-P15.wptt,623,Test,623-P15
F:\PycharmProjects\DeepWriterID-v2\\data\raw\WPTT2.2-Train\623-P16.wptt,623,Train,623-P16
F:\PycharmProjects\DeepWriterID-v2\\data\raw\WPTT2.2-Train\623-P17.wptt,623,Train,623-P17
F:\PycharmProjects\DeepWriterID-v2\\data\raw\WPTT2.2-Train\623-P18.wptt,623,Train,623-P18
F:\PycharmProjects\DeepWriterID-v2\\data\raw\WPTT2.2-Train\611-P14.wptt,611,Train,611-P14
F:\PycharmProjects\DeepWriterID-v2\\data\raw\WPTT2.2-Train\611-P15.wptt,611,Train,611-P15
F:\PycharmProjects\DeepWriterID-v2\\data\raw\WPTT2.2-Train\611-P16.wptt,611,Train,611-P16
F:\PycharmProjects\DeepWriterID-v2\\data\raw\WPTT2.2-Train\611-P17.wptt,611,Test,611-P17
F:\PycharmProjects\DeepWriterID-v2\\data\raw\WPTT2.2-Train\611-P18.wptt,611,Train,611-P18
F:\PycharmProjects\DeepWriterID-v2\\data\raw\WPTT2.2-Train\624-P14.wptt,624,Train,624-P14
F:\PycharmProjects\DeepWriterID-v2\\data\raw\WPTT2.2-Train\624-P15.wptt,624,Train,624-P15
F:\PycharmProjects\DeepWriterID-v2\\data\raw\WPTT2.2-Train\624-P16.wptt,624,Test,624-P16
F:\PycharmProjects\DeepWriterID-v2\\data\raw\WPTT2.2-Train\624-P17.wptt,624,Train,624-P17
F:\PycharmProjects\DeepWriterID-v2\\data\raw\WPTT2.2-Train\624-P18.wptt,624,Train,624-P18
F:\PycharmProjects\DeepWriterID-v2\\data\raw\WPTT2.2-Train\612-P14.wptt,612,Train,612-P14
F:\PycharmProjects\DeepWriterID-v2\\data\raw\WPTT2.2-Train\612-P15.wptt,612,Test,612-P15
F:\PycharmProjects\DeepWriterID-v2\\data\raw\WPTT2.2-Train\612-P16.wptt,612,Train,612-P16
F:\PycharmProjects\DeepWriterID-v2\\data\raw\WPTT2.2-Train\612-P17.wptt,612,Train,612-P17
F:\PycharmProjects\DeepWriterID-v2\\data\raw\WPTT2.2-Train\612-P18.wptt,612,Train,612-P18
F:\PycharmProjects\DeepWriterID-v2\\data\raw\WPTT2.2-Train\654-P17.wptt,654,Train,654-P17
F:\PycharmProjects\DeepWriterID-v2\\data\raw\WPTT2.2-Train\654-P14.wptt,654,Train,654-P14
F:\PycharmProjects\DeepWriterID-v2\\data\raw\WPTT2.2-Train\654-P15.wptt,654,Train,654-P15
F:\PycharmProjects\DeepWriterID-v2\\data\raw\WPTT2.2-Train\654-P16.wptt,654,Train,654-P16
F:\PycharmProjects\DeepWriterID-v2\\data\raw\WPTT2.2-Train\654-P18.wptt,654,Test,654-P18
F:\PycharmProjects\DeepWriterID-v2\\data\raw\WPTT2.2-Train\626-P14.wptt,626,Train,626-P14
F:\PycharmProjects\DeepWriterID-v2\\data\raw\WPTT2.2-Train\626-P15.wptt,626,Test,626-P15
F:\PycharmProjects\DeepWriterID-v2\\data\raw\WPTT2.2-Train\626-P16.wptt,626,Train,626-P16
F:\PycharmProjects\DeepWriterID-v2\\data\raw\WPTT2.2-Train\626-P17.wptt,626,Train,626-P17
F:\PycharmProjects\DeepWriterID-v2\\data\raw\WPTT2.2-Train\626-P18.wptt,626,Train,626-P18
F:\PycharmProjects\DeepWriterID-v2\\data\raw\WPTT2.2-Train\640-P17.wptt,640,Train,640-P17
F:\PycharmProjects\DeepWriterID-v2\\data\raw\WPTT2.2-Train\640-P16.wptt,640,Train,640-P16
F:\PycharmProjects\DeepWriterID-v2\\data\raw\WPTT2.2-Train\640-P18.wptt,640,Train,640-P18
F:\PycharmProjects\DeepWriterID-v2\\data\raw\WPTT2.2-Train\640-P14.wptt,640,Test,640-P14
F:\PycharmProjects\DeepWriterID-v2\\data\raw\WPTT2.2-Train\640-P15.wptt,640,Train,640-P15
F:\PycharmProjects\DeepWriterID-v2\\data\raw\WPTT2.2-Train\641-P14.wptt,641,Train,641-P14
F:\PycharmProjects\DeepWriterID-v2\\data\raw\WPTT2.2-Train\641-P15.wptt,641,Train,641-P15
F:\PycharmProjects\DeepWriterID-v2\\data\raw\WPTT2.2-Train\641-P16.wptt,641,Train,641-P16
F:\PycharmProjects\DeepWriterID-v2\\data\raw\WPTT2.2-Train\641-P17.wptt,641,Test,641-P17
F:\PycharmProjects\DeepWriterID-v2\\data\raw\WPTT2.2-Train\641-P18.wptt,641,Train,641-P18
F:\PycharmProjects\DeepWriterID-v2\\data\raw\WPTT2.2-Train\627-P14.wptt,627,Train,627-P14
F:\PycharmProjects\DeepWriterID-v2\\data\raw\WPTT2.2-Train\627-P15.wptt,627,Train,627-P15
F:\PycharmProjects\DeepWriterID-v2\\data\raw\WPTT2.2-Train\627-P16.wptt,627,Test,627-P16
F:\PycharmProjects\DeepWriterID-v2\\data\raw\WPTT2.2-Train\627-P17.wptt,627,Train,627-P17
F:\PycharmProjects\DeepWriterID-v2\\data\raw\WPTT2.2-Train\627-P18.wptt,627,Train,627-P18
F:\PycharmProjects\DeepWriterID-v2\\data\raw\WPTT2.2-Train\642-P14.wptt,642,Train,642-P14
F:\PycharmProjects\DeepWriterID-v2\\data\raw\WPTT2.2-Train\642-P15.wptt,642,Train,642-P15
F:\PycharmProjects\DeepWriterID-v2\\data\raw\WPTT2.2-Train\642-P16.wptt,642,Test,642-P16
F:\PycharmProjects\DeepWriterID-v2\\data\raw\WPTT2.2-Train\642-P17.wptt,642,Train,642-P17
F:\PycharmProjects\DeepWriterID-v2\\data\raw\WPTT2.2-Train\642-P18.wptt,642,Train,642-P18
F:\PycharmProjects\DeepWriterID-v2\\data\raw\WPTT2.2-Train\628-P14.wptt,628,Train,628-P14
F:\PycharmProjects\DeepWriterID-v2\\data\raw\WPTT2.2-Train\628-P15.wptt,628,Train,628-P15
F:\PycharmProjects\DeepWriterID-v2\\data\raw\WPTT2.2-Train\628-P16.wptt,628,Train,628-P16
F:\PycharmProjects\DeepWriterID-v2\\data\raw\WPTT2.2-Train\628-P17.wptt,628,Test,628-P17
F:\PycharmProjects\DeepWriterID-v2\\data\raw\WPTT2.2-Train\628-P18.wptt,628,Train,628-P18
F:\PycharmProjects\DeepWriterID-v2\\data\raw\WPTT2.2-Train\643-P14.wptt,643,Train,643-P14
F:\PycharmProjects\DeepWriterID-v2\\data\raw\WPTT2.2-Train\643-P15.wptt,643,Train,643-P15
F:\PycharmProjects\DeepWriterID-v2\\data\raw\WPTT2.2-Train\643-P16.wptt,643,Test,643-P16
F:\PycharmProjects\DeepWriterID-v2\\data\raw\WPTT2.2-Train\643-P17.wptt,643,Train,643-P17
F:\PycharmProjects\DeepWriterID-v2\\data\raw\WPTT2.2-Train\643-P18.wptt,643,Train,643-P18
F:\PycharmProjects\DeepWriterID-v2\\data\raw\WPTT2.2-Train\629-P14.wptt,629,Train,629-P14
F:\PycharmProjects\DeepWriterID-v2\\data\raw\WPTT2.2-Train\629-P15.wptt,629,Test,629-P15
F:\PycharmProjects\DeepWriterID-v2\\data\raw\WPTT2.2-Train\629-P16.wptt,629,Train,629-P16
F:\PycharmProjects\DeepWriterID-v2\\data\raw\WPTT2.2-Train\629-P17.wptt,629,Train,629-P17
F:\PycharmProjects\DeepWriterID-v2\\data\raw\WPTT2.2-Train\629-P18.wptt,629,Train,629-P18
F:\PycharmProjects\DeepWriterID-v2\\data\raw\WPTT2.2-Train\644-P14.wptt,644,Train,644-P14
F:\PycharmProjects\DeepWriterID-v2\\data\raw\WPTT2.2-Train\644-P15.wptt,644,Train,644-P15
F:\PycharmProjects\DeepWriterID-v2\\data\raw\WPTT2.2-Train\644-P16.wptt,644,Train,644-P16
F:\PycharmProjects\DeepWriterID-v2\\data\raw\WPTT2.2-Train\644-P17.wptt,644,Test,644-P17
F:\PycharmProjects\DeepWriterID-v2\\data\raw\WPTT2.2-Train\644-P18.wptt,644,Train,644-P18
F:\PycharmProjects\DeepWriterID-v2\\data\raw\WPTT2.2-Train\630-P14.wptt,630,Train,630-P14
F:\PycharmProjects\DeepWriterID-v2\\data\raw\WPTT2.2-Train\630-P15.wptt,630,Train,630-P15
F:\PycharmProjects\DeepWriterID-v2\\data\raw\WPTT2.2-Train\630-P16.wptt,630,Test,630-P16
F:\PycharmProjects\DeepWriterID-v2\\data\raw\WPTT2.2-Train\630-P17.wptt,630,Train,630-P17
F:\PycharmProjects\DeepWriterID-v2\\data\raw\WPTT2.2-Train\630-P18.wptt,630,Train,630-P18
F:\PycharmProjects\DeepWriterID-v2\\data\raw\WPTT2.2-Train\645-P14.wptt,645,Train,645-P14
F:\PycharmProjects\DeepWriterID-v2\\data\raw\WPTT2.2-Train\645-P15.wptt,645,Train,645-P15
F:\PycharmProjects\DeepWriterID-v2\\data\raw\WPTT2.2-Train\645-P16.wptt,645,Test,645-P16
F:\PycharmProjects\DeepWriterID-v2\\data\raw\WPTT2.2-Train\645-P17.wptt,645,Train,645-P17
F:\PycharmProjects\DeepWriterID-v2\\data\raw\WPTT2.2-Train\645-P18.wptt,645,Train,645-P18
F:\PycharmProjects\DeepWriterID-v2\\data\raw\WPTT2.2-Train\631-P14.wptt,631,Train,631-P14
F:\PycharmProjects\DeepWriterID-v2\\data\raw\WPTT2.2-Train\631-P15.wptt,631,Test,631-P15
F:\PycharmProjects\DeepWriterID-v2\\data\raw\WPTT2.2-Train\631-P16.wptt,631,Train,631-P16
F:\PycharmProjects\DeepWriterID-v2\\data\raw\WPTT2.2-Train\631-P17.wptt,631,Train,631-P17
F:\PycharmProjects\DeepWriterID-v2\\data\raw\WPTT2.2-Train\631-P18.wptt,631,Train,631-P18
F:\PycharmProjects\DeepWriterID-v2\\data\raw\WPTT2.2-Train\646-P14.wptt,646,Train,646-P14
F:\PycharmProjects\DeepWriterID-v2\\data\raw\WPTT2.2-Train\646-P15.wptt,646,Train,646-P15
F:\PycharmProjects\DeepWriterID-v2\\data\raw\WPTT2.2-Train\646-P16.wptt,646,Train,646-P16
F:\PycharmProjects\DeepWriterID-v2\\data\raw\WPTT2.2-Train\646-P17.wptt,646,Test,646-P17
F:\PycharmProjects\DeepWriterID-v2\\data\raw\WPTT2.2-Train\646-P18.wptt,646,Train,646-P18
F:\PycharmProjects\DeepWriterID-v2\\data\raw\WPTT2.2-Train\632-P14.wptt,632,Train,632-P14
F:\PycharmProjects\DeepWriterID-v2\\data\raw\WPTT2.2-Train\632-P15.wptt,632,Train,632-P15
F:\PycharmProjects\DeepWriterID-v2\\data\raw\WPTT2.2-Train\632-P16.wptt,632,Train,632-P16
F:\PycharmProjects\DeepWriterID-v2\\data\raw\WPTT2.2-Train\632-P17.wptt,632,Test,632-P17
F:\PycharmProjects\DeepWriterID-v2\\data\raw\WPTT2.2-Train\632-P18.wptt,632,Train,632-P18
F:\PycharmProjects\DeepWriterID-v2\\data\raw\WPTT2.2-Train\647-P14.wptt,647,Train,647-P14
F:\PycharmProjects\DeepWriterID-v2\\data\raw\WPTT2.2-Train\647-P15.wptt,647,Train,647-P15
F:\PycharmProjects\DeepWriterID-v2\\data\raw\WPTT2.2-Train\647-P16.wptt,647,Test,647-P16
F:\PycharmProjects\DeepWriterID-v2\\data\raw\WPTT2.2-Train\647-P17.wptt,647,Train,647-P17
F:\PycharmProjects\DeepWriterID-v2\\data\raw\WPTT2.2-Train\647-P18.wptt,647,Train,647-P18
F:\PycharmProjects\DeepWriterID-v2\\data\raw\WPTT2.2-Train\633-P14.wptt,633,Train,633-P14
F:\PycharmProjects\DeepWriterID-v2\\data\raw\WPTT2.2-Train\633-P15.wptt,633,Test,633-P15
F:\PycharmProjects\DeepWriterID-v2\\data\raw\WPTT2.2-Train\633-P16.wptt,633,Train,633-P16
F:\PycharmProjects\DeepWriterID-v2\\data\raw\WPTT2.2-Train\633-P17.wptt,633,Train,633-P17
F:\PycharmProjects\DeepWriterID-v2\\data\raw\WPTT2.2-Train\633-P18.wptt,633,Train,633-P18
F:\PycharmProjects\DeepWriterID-v2\\data\raw\WPTT2.2-Train\648-P14.wptt,648,Train,648-P14
F:\PycharmProjects\DeepWriterID-v2\\data\raw\WPTT2.2-Train\648-P15.wptt,648,Train,648-P15
F:\PycharmProjects\DeepWriterID-v2\\data\raw\WPTT2.2-Train\648-P16.wptt,648,Train,648-P16
F:\PycharmProjects\DeepWriterID-v2\\data\raw\WPTT2.2-Train\648-P17.wptt,648,Test,648-P17
F:\PycharmProjects\DeepWriterID-v2\\data\raw\WPTT2.2-Train\648-P18.wptt,648,Train,648-P18
F:\PycharmProjects\DeepWriterID-v2\\data\raw\WPTT2.2-Train\634-P14.wptt,634,Train,634-P14
F:\PycharmProjects\DeepWriterID-v2\\data\raw\WPTT2.2-Train\634-P15.wptt,634,Train,634-P15
F:\PycharmProjects\DeepWriterID-v2\\data\raw\WPTT2.2-Train\634-P16.wptt,634,Train,634-P16
F:\PycharmProjects\DeepWriterID-v2\\data\raw\WPTT2.2-Train\634-P17.wptt,634,Test,634-P17
F:\PycharmProjects\DeepWriterID-v2\\data\raw\WPTT2.2-Train\634-P18.wptt,634,Train,634-P18
F:\PycharmProjects\DeepWriterID-v2\\data\raw\WPTT2.2-Train\649-P14.wptt,649,Train,649-P14
F:\PycharmProjects\DeepWriterID-v2\\data\raw\WPTT2.2-Train\649-P15.wptt,649,Train,649-P15
F:\PycharmProjects\DeepWriterID-v2\\data\raw\WPTT2.2-Train\649-P16.wptt,649,Train,649-P16
F:\PycharmProjects\DeepWriterID-v2\\data\raw\WPTT2.2-Train\649-P17.wptt,649,Train,649-P17
F:\PycharmProjects\DeepWriterID-v2\\data\raw\WPTT2.2-Train\649-P18.wptt,649,Test,649-P18
F:\PycharmProjects\DeepWriterID-v2\\data\raw\WPTT2.2-Train\635-P14.wptt,635,Test,635-P14
F:\PycharmProjects\DeepWriterID-v2\\data\raw\WPTT2.2-Train\635-P15.wptt,635,Train,635-P15
F:\PycharmProjects\DeepWriterID-v2\\data\raw\WPTT2.2-Train\635-P16.wptt,635,Train,635-P16
F:\PycharmProjects\DeepWriterID-v2\\data\raw\WPTT2.2-Train\635-P17.wptt,635,Train,635-P17
F:\PycharmProjects\DeepWriterID-v2\\data\raw\WPTT2.2-Train\635-P18.wptt,635,Train,635-P18
F:\PycharmProjects\DeepWriterID-v2\\data\raw\WPTT2.2-Train\650-P14.wptt,650,Train,650-P14
F:\PycharmProjects\DeepWriterID-v2\\data\raw\WPTT2.2-Train\650-P15.wptt,650,Train,650-P15
F:\PycharmProjects\DeepWriterID-v2\\data\raw\WPTT2.2-Train\650-P16.wptt,650,Train,650-P16
F:\PycharmProjects\DeepWriterID-v2\\data\raw\WPTT2.2-Train\650-P17.wptt,650,Train,650-P17
F:\PycharmProjects\DeepWriterID-v2\\data\raw\WPTT2.2-Train\650-P18.wptt,650,Test,650-P18
F:\PycharmProjects\DeepWriterID-v2\\data\raw\WPTT2.2-Train\636-P14.wptt,636,Train,636-P14
F:\PycharmProjects\DeepWriterID-v2\\data\raw\WPTT2.2-Train\636-P15.wptt,636,Train,636-P15
F:\PycharmProjects\DeepWriterID-v2\\data\raw\WPTT2.2-Train\636-P16.wptt,636,Train,636-P16
F:\PycharmProjects\DeepWriterID-v2\\data\raw\WPTT2.2-Train\636-P17.wptt,636,Train,636-P17
F:\PycharmProjects\DeepWriterID-v2\\data\raw\WPTT2.2-Train\636-P18.wptt,636,Test,636-P18
F:\PycharmProjects\DeepWriterID-v2\\data\raw\WPTT2.2-Train\651-P14.wptt,651,Test,651-P14
F:\PycharmProjects\DeepWriterID-v2\\data\raw\WPTT2.2-Train\651-P15.wptt,651,Train,651-P15
F:\PycharmProjects\DeepWriterID-v2\\data\raw\WPTT2.2-Train\651-P16.wptt,651,Train,651-P16
F:\PycharmProjects\DeepWriterID-v2\\data\raw\WPTT2.2-Train\651-P17.wptt,651,Train,651-P17
F:\PycharmProjects\DeepWriterID-v2\\data\raw\WPTT2.2-Train\651-P18.wptt,651,Train,651-P18
F:\PycharmProjects\DeepWriterID-v2\\data\raw\WPTT2.2-Train\637-P14.wptt,637,Train,637-P14
F:\PycharmProjects\DeepWriterID-v2\\data\raw\WPTT2.2-Train\637-P15.wptt,637,Train,637-P15
F:\PycharmProjects\DeepWriterID-v2\\data\raw\WPTT2.2-Train\637-P16.wptt,637,Train,637-P16
F:\PycharmProjects\DeepWriterID-v2\\data\raw\WPTT2.2-Train\637-P17.wptt,637,Train,637-P17
F:\PycharmProjects\DeepWriterID-v2\\data\raw\WPTT2.2-Train\637-P18.wptt,637,Test,637-P18
F:\PycharmProjects\DeepWriterID-v2\\data\raw\WPTT2.2-Train\652-P14.wptt,652,Train,652-P14
F:\PycharmProjects\DeepWriterID-v2\\data\raw\WPTT2.2-Train\652-P15.wptt,652,Train,652-P15
F:\PycharmProjects\DeepWriterID-v2\\data\raw\WPTT2.2-Train\652-P16.wptt,652,Train,652-P16
F:\PycharmProjects\DeepWriterID-v2\\data\raw\WPTT2.2-Train\652-P17.wptt,652,Test,652-P17
F:\PycharmProjects\DeepWriterID-v2\\data\raw\WPTT2.2-Train\652-P18.wptt,652,Train,652-P18
F:\PycharmProjects\DeepWriterID-v2\\data\raw\WPTT2.2-Train\638-P14.wptt,638,Train,638-P14
F:\PycharmProjects\DeepWriterID-v2\\data\raw\WPTT2.2-Train\638-P15.wptt,638,Test,638-P15
F:\PycharmProjects\DeepWriterID-v2\\data\raw\WPTT2.2-Train\638-P16.wptt,638,Train,638-P16
F:\PycharmProjects\DeepWriterID-v2\\data\raw\WPTT2.2-Train\638-P17.wptt,638,Train,638-P17
F:\PycharmProjects\DeepWriterID-v2\\data\raw\WPTT2.2-Train\638-P18.wptt,638,Train,638-P18
F:\PycharmProjects\DeepWriterID-v2\\data\raw\WPTT2.2-Train\653-P14.wptt,653,Train,653-P14
F:\PycharmProjects\DeepWriterID-v2\\data\raw\WPTT2.2-Train\653-P15.wptt,653,Test,653-P15
F:\PycharmProjects\DeepWriterID-v2\\data\raw\WPTT2.2-Train\653-P16.wptt,653,Train,653-P16
F:\PycharmProjects\DeepWriterID-v2\\data\raw\WPTT2.2-Train\653-P17.wptt,653,Train,653-P17
F:\PycharmProjects\DeepWriterID-v2\\data\raw\WPTT2.2-Train\653-P18.wptt,653,Train,653-P18
F:\PycharmProjects\DeepWriterID-v2\\data\raw\WPTT2.2-Train\639-P14.wptt,639,Train,639-P14
F:\PycharmProjects\DeepWriterID-v2\\data\raw\WPTT2.2-Train\639-P15.wptt,639,Train,639-P15
F:\PycharmProjects\DeepWriterID-v2\\data\raw\WPTT2.2-Train\639-P16.wptt,639,Test,639-P16
F:\PycharmProjects\DeepWriterID-v2\\data\raw\WPTT2.2-Train\639-P17.wptt,639,Train,639-P17
F:\PycharmProjects\DeepWriterID-v2\\data\raw\WPTT2.2-Train\639-P18.wptt,639,Train,639-P18
F:\PycharmProjects\DeepWriterID-v2\\data\raw\WPTT2.2-Train\684-P16.wptt,684,Train,684-P16
F:\PycharmProjects\DeepWriterID-v2\\data\raw\WPTT2.2-Train\684-P14.wptt,684,Test,684-P14
F:\PycharmProjects\DeepWriterID-v2\\data\raw\WPTT2.2-Train\684-P15.wptt,684,Train,684-P15
F:\PycharmProjects\DeepWriterID-v2\\data\raw\WPTT2.2-Train\684-P17.wptt,684,Train,684-P17
F:\PycharmProjects\DeepWriterID-v2\\data\raw\WPTT2.2-Train\684-P18.wptt,684,Train,684-P18
F:\PycharmProjects\DeepWriterID-v2\\data\raw\WPTT2.2-Train\669-P16.wptt,669,Test,669-P16
F:\PycharmProjects\DeepWriterID-v2\\data\raw\WPTT2.2-Train\669-P15.wptt,669,Train,669-P15
F:\PycharmProjects\DeepWriterID-v2\\data\raw\WPTT2.2-Train\669-P17.wptt,669,Train,669-P17
F:\PycharmProjects\DeepWriterID-v2\\data\raw\WPTT2.2-Train\669-P18.wptt,669,Train,669-P18
F:\PycharmProjects\DeepWriterID-v2\\data\raw\WPTT2.2-Train\669-P14.wptt,669,Train,669-P14
F:\PycharmProjects\DeepWriterID-v2\\data\raw\WPTT2.2-Train\655-P14.wptt,655,Train,655-P14
F:\PycharmProjects\DeepWriterID-v2\\data\raw\WPTT2.2-Train\655-P15.wptt,655,Train,655-P15
F:\PycharmProjects\DeepWriterID-v2\\data\raw\WPTT2.2-Train\655-P16.wptt,655,Train,655-P16
F:\PycharmProjects\DeepWriterID-v2\\data\raw\WPTT2.2-Train\655-P17.wptt,655,Train,655-P17
F:\PycharmProjects\DeepWriterID-v2\\data\raw\WPTT2.2-Train\655-P18.wptt,655,Test,655-P18
F:\PycharmProjects\DeepWriterID-v2\\data\raw\WPTT2.2-Train\670-P14.wptt,670,Train,670-P14
F:\PycharmProjects\DeepWriterID-v2\\data\raw\WPTT2.2-Train\670-P15.wptt,670,Train,670-P15
F:\PycharmProjects\DeepWriterID-v2\\data\raw\WPTT2.2-Train\670-P16.wptt,670,Test,670-P16
F:\PycharmProjects\DeepWriterID-v2\\data\raw\WPTT2.2-Train\670-P17.wptt,670,Train,670-P17
F:\PycharmProjects\DeepWriterID-v2\\data\raw\WPTT2.2-Train\670-P18.wptt,670,Train,670-P18
F:\PycharmProjects\DeepWriterID-v2\\data\raw\WPTT2.2-Train\656-P14.wptt,656,Test,656-P14
F:\PycharmProjects\DeepWriterID-v2\\data\raw\WPTT2.2-Train\656-P15.wptt,656,Train,656-P15
F:\PycharmProjects\DeepWriterID-v2\\data\raw\WPTT2.2-Train\656-P16.wptt,656,Train,656-P16
F:\PycharmProjects\DeepWriterID-v2\\data\raw\WPTT2.2-Train\656-P17.wptt,656,Train,656-P17
F:\PycharmProjects\DeepWriterID-v2\\data\raw\WPTT2.2-Train\656-P18.wptt,656,Train,656-P18
F:\PycharmProjects\DeepWriterID-v2\\data\raw\WPTT2.2-Train\672-P14.wptt,672,Train,672-P14
F:\PycharmProjects\DeepWriterID-v2\\data\raw\WPTT2.2-Train\672-P15.wptt,672,Test,672-P15
F:\PycharmProjects\DeepWriterID-v2\\data\raw\WPTT2.2-Train\672-P16.wptt,672,Train,672-P16
F:\PycharmProjects\DeepWriterID-v2\\data\raw\WPTT2.2-Train\672-P17.wptt,672,Train,672-P17
F:\PycharmProjects\DeepWriterID-v2\\data\raw\WPTT2.2-Train\672-P18.wptt,672,Train,672-P18
F:\PycharmProjects\DeepWriterID-v2\\data\raw\WPTT2.2-Train\657-P14.wptt,657,Train,657-P14
F:\PycharmProjects\DeepWriterID-v2\\data\raw\WPTT2.2-Train\657-P15.wptt,657,Train,657-P15
F:\PycharmProjects\DeepWriterID-v2\\data\raw\WPTT2.2-Train\657-P16.wptt,657,Test,657-P16
F:\PycharmProjects\DeepWriterID-v2\\data\raw\WPTT2.2-Train\657-P17.wptt,657,Train,657-P17
F:\PycharmProjects\DeepWriterID-v2\\data\raw\WPTT2.2-Train\657-P18.wptt,657,Train,657-P18
F:\PycharmProjects\DeepWriterID-v2\\data\raw\WPTT2.2-Train\673-P14.wptt,673,Train,673-P14
F:\PycharmProjects\DeepWriterID-v2\\data\raw\WPTT2.2-Train\673-P15.wptt,673,Train,673-P15
F:\PycharmProjects\DeepWriterID-v2\\data\raw\WPTT2.2-Train\673-P16.wptt,673,Train,673-P16
F:\PycharmProjects\DeepWriterID-v2\\data\raw\WPTT2.2-Train\673-P17.wptt,673,Test,673-P17
F:\PycharmProjects\DeepWriterID-v2\\data\raw\WPTT2.2-Train\673-P18.wptt,673,Train,673-P18
F:\PycharmProjects\DeepWriterID-v2\\data\raw\WPTT2.2-Train\658-P14.wptt,658,Train,658-P14
F:\PycharmProjects\DeepWriterID-v2\\data\raw\WPTT2.2-Train\658-P15.wptt,658,Test,658-P15
F:\PycharmProjects\DeepWriterID-v2\\data\raw\WPTT2.2-Train\658-P16.wptt,658,Train,658-P16
F:\PycharmProjects\DeepWriterID-v2\\data\raw\WPTT2.2-Train\658-P17.wptt,658,Train,658-P17
F:\PycharmProjects\DeepWriterID-v2\\data\raw\WPTT2.2-Train\658-P18.wptt,658,Train,658-P18
F:\PycharmProjects\DeepWriterID-v2\\data\raw\WPTT2.2-Train\674-P14.wptt,674,Train,674-P14
F:\PycharmProjects\DeepWriterID-v2\\data\raw\WPTT2.2-Train\674-P15.wptt,674,Train,674-P15
F:\PycharmProjects\DeepWriterID-v2\\data\raw\WPTT2.2-Train\674-P16.wptt,674,Train,674-P16
F:\PycharmProjects\DeepWriterID-v2\\data\raw\WPTT2.2-Train\674-P17.wptt,674,Test,674-P17
F:\PycharmProjects\DeepWriterID-v2\\data\raw\WPTT2.2-Train\674-P18.wptt,674,Train,674-P18
F:\PycharmProjects\DeepWriterID-v2\\data\raw\WPTT2.2-Train\659-P14.wptt,659,Train,659-P14
F:\PycharmProjects\DeepWriterID-v2\\data\raw\WPTT2.2-Train\659-P15.wptt,659,Train,659-P15
F:\PycharmProjects\DeepWriterID-v2\\data\raw\WPTT2.2-Train\659-P16.wptt,659,Test,659-P16
F:\PycharmProjects\DeepWriterID-v2\\data\raw\WPTT2.2-Train\659-P17.wptt,659,Train,659-P17
F:\PycharmProjects\DeepWriterID-v2\\data\raw\WPTT2.2-Train\659-P18.wptt,659,Train,659-P18
F:\PycharmProjects\DeepWriterID-v2\\data\raw\WPTT2.2-Train\675-P14.wptt,675,Test,675-P14
F:\PycharmProjects\DeepWriterID-v2\\data\raw\WPTT2.2-Train\675-P15.wptt,675,Train,675-P15
F:\PycharmProjects\DeepWriterID-v2\\data\raw\WPTT2.2-Train\675-P16.wptt,675,Train,675-P16
F:\PycharmProjects\DeepWriterID-v2\\data\raw\WPTT2.2-Train\675-P17.wptt,675,Train,675-P17
F:\PycharmProjects\DeepWriterID-v2\\data\raw\WPTT2.2-Train\675-P18.wptt,675,Train,675-P18
F:\PycharmProjects\DeepWriterID-v2\\data\raw\WPTT2.2-Train\660-P14.wptt,660,Train,660-P14
F:\PycharmProjects\DeepWriterID-v2\\data\raw\WPTT2.2-Train\660-P15.wptt,660,Train,660-P15
F:\PycharmProjects\DeepWriterID-v2\\data\raw\WPTT2.2-Train\660-P16.wptt,660,Test,660-P16
F:\PycharmProjects\DeepWriterID-v2\\data\raw\WPTT2.2-Train\660-P17.wptt,660,Train,660-P17
F:\PycharmProjects\DeepWriterID-v2\\data\raw\WPTT2.2-Train\660-P18.wptt,660,Train,660-P18
F:\PycharmProjects\DeepWriterID-v2\\data\raw\WPTT2.2-Train\676-P14.wptt,676,Test,676-P14
F:\PycharmProjects\DeepWriterID-v2\\data\raw\WPTT2.2-Train\676-P15.wptt,676,Train,676-P15
F:\PycharmProjects\DeepWriterID-v2\\data\raw\WPTT2.2-Train\676-P16.wptt,676,Train,676-P16
F:\PycharmProjects\DeepWriterID-v2\\data\raw\WPTT2.2-Train\676-P17.wptt,676,Train,676-P17
F:\PycharmProjects\DeepWriterID-v2\\data\raw\WPTT2.2-Train\676-P18.wptt,676,Train,676-P18
F:\PycharmProjects\DeepWriterID-v2\\data\raw\WPTT2.2-Train\661-P14.wptt,661,Test,661-P14
F:\PycharmProjects\DeepWriterID-v2\\data\raw\WPTT2.2-Train\661-P15.wptt,661,Train,661-P15
F:\PycharmProjects\DeepWriterID-v2\\data\raw\WPTT2.2-Train\661-P16.wptt,661,Train,661-P16
F:\PycharmProjects\DeepWriterID-v2\\data\raw\WPTT2.2-Train\661-P17.wptt,661,Train,661-P17
F:\PycharmProjects\DeepWriterID-v2\\data\raw\WPTT2.2-Train\661-P18.wptt,661,Train,661-P18
F:\PycharmProjects\DeepWriterID-v2\\data\raw\WPTT2.2-Train\677-P14.wptt,677,Train,677-P14
F:\PycharmProjects\DeepWriterID-v2\\data\raw\WPTT2.2-Train\677-P15.wptt,677,Train,677-P15
F:\PycharmProjects\DeepWriterID-v2\\data\raw\WPTT2.2-Train\677-P16.wptt,677,Train,677-P16
F:\PycharmProjects\DeepWriterID-v2\\data\raw\WPTT2.2-Train\677-P17.wptt,677,Train,677-P17
F:\PycharmProjects\DeepWriterID-v2\\data\raw\WPTT2.2-Train\677-P18.wptt,677,Test,677-P18
F:\PycharmProjects\DeepWriterID-v2\\data\raw\WPTT2.2-Train\662-P14.wptt,662,Train,662-P14
F:\PycharmProjects\DeepWriterID-v2\\data\raw\WPTT2.2-Train\662-P15.wptt,662,Train,662-P15
F:\PycharmProjects\DeepWriterID-v2\\data\raw\WPTT2.2-Train\662-P16.wptt,662,Test,662-P16
F:\PycharmProjects\DeepWriterID-v2\\data\raw\WPTT2.2-Train\662-P17.wptt,662,Train,662-P17
F:\PycharmProjects\DeepWriterID-v2\\data\raw\WPTT2.2-Train\662-P18.wptt,662,Train,662-P18
F:\PycharmProjects\DeepWriterID-v2\\data\raw\WPTT2.2-Train\678-P14.wptt,678,Train,678-P14
F:\PycharmProjects\DeepWriterID-v2\\data\raw\WPTT2.2-Train\678-P15.wptt,678,Train,678-P15
F:\PycharmProjects\DeepWriterID-v2\\data\raw\WPTT2.2-Train\678-P16.wptt,678,Train,678-P16
F:\PycharmProjects\DeepWriterID-v2\\data\raw\WPTT2.2-Train\678-P17.wptt,678,Train,678-P17
F:\PycharmProjects\DeepWriterID-v2\\data\raw\WPTT2.2-Train\678-P18.wptt,678,Test,678-P18
F:\PycharmProjects\DeepWriterID-v2\\data\raw\WPTT2.2-Train\663-P14.wptt,663,Train,663-P14
F:\PycharmProjects\DeepWriterID-v2\\data\raw\WPTT2.2-Train\663-P15.wptt,663,Train,663-P15
F:\PycharmProjects\DeepWriterID-v2\\data\raw\WPTT2.2-Train\663-P16.wptt,663,Train,663-P16
F:\PycharmProjects\DeepWriterID-v2\\data\raw\WPTT2.2-Train\663-P17.wptt,663,Test,663-P17
F:\PycharmProjects\DeepWriterID-v2\\data\raw\WPTT2.2-Train\663-P18.wptt,663,Train,663-P18
F:\PycharmProjects\DeepWriterID-v2\\data\raw\WPTT2.2-Train\679-P14.wptt,679,Train,679-P14
F:\PycharmProjects\DeepWriterID-v2\\data\raw\WPTT2.2-Train\679-P15.wptt,679,Train,679-P15
F:\PycharmProjects\DeepWriterID-v2\\data\raw\WPTT2.2-Train\679-P16.wptt,679,Train,679-P16
F:\PycharmProjects\DeepWriterID-v2\\data\raw\WPTT2.2-Train\679-P17.wptt,679,Train,679-P17
F:\PycharmProjects\DeepWriterID-v2\\data\raw\WPTT2.2-Train\679-P18.wptt,679,Test,679-P18
F:\PycharmProjects\DeepWriterID-v2\\data\raw\WPTT2.2-Train\664-P14.wptt,664,Test,664-P14
F:\PycharmProjects\DeepWriterID-v2\\data\raw\WPTT2.2-Train\664-P15.wptt,664,Train,664-P15
F:\PycharmProjects\DeepWriterID-v2\\data\raw\WPTT2.2-Train\664-P16.wptt,664,Train,664-P16
F:\PycharmProjects\DeepWriterID-v2\\data\raw\WPTT2.2-Train\664-P17.wptt,664,Train,664-P17
F:\PycharmProjects\DeepWriterID-v2\\data\raw\WPTT2.2-Train\664-P18.wptt,664,Train,664-P18
F:\PycharmProjects\DeepWriterID-v2\\data\raw\WPTT2.2-Train\680-P14.wptt,680,Test,680-P14
F:\PycharmProjects\DeepWriterID-v2\\data\raw\WPTT2.2-Train\680-P15.wptt,680,Train,680-P15
F:\PycharmProjects\DeepWriterID-v2\\data\raw\WPTT2.2-Train\680-P16.wptt,680,Train,680-P16
F:\PycharmProjects\DeepWriterID-v2\\data\raw\WPTT2.2-Train\680-P17.wptt,680,Train,680-P17
F:\PycharmProjects\DeepWriterID-v2\\data\raw\WPTT2.2-Train\680-P18.wptt,680,Train,680-P18
F:\PycharmProjects\DeepWriterID-v2\\data\raw\WPTT2.2-Train\665-P14.wptt,665,Test,665-P14
F:\PycharmProjects\DeepWriterID-v2\\data\raw\WPTT2.2-Train\665-P15.wptt,665,Train,665-P15
F:\PycharmProjects\DeepWriterID-v2\\data\raw\WPTT2.2-Train\665-P16.wptt,665,Train,665-P16
F:\PycharmProjects\DeepWriterID-v2\\data\raw\WPTT2.2-Train\665-P17.wptt,665,Train,665-P17
F:\PycharmProjects\DeepWriterID-v2\\data\raw\WPTT2.2-Train\665-P18.wptt,665,Train,665-P18
F:\PycharmProjects\DeepWriterID-v2\\data\raw\WPTT2.2-Train\681-P14.wptt,681,Train,681-P14
F:\PycharmProjects\DeepWriterID-v2\\data\raw\WPTT2.2-Train\681-P15.wptt,681,Test,681-P15
F:\PycharmProjects\DeepWriterID-v2\\data\raw\WPTT2.2-Train\681-P16.wptt,681,Train,681-P16
F:\PycharmProjects\DeepWriterID-v2\\data\raw\WPTT2.2-Train\681-P17.wptt,681,Train,681-P17
F:\PycharmProjects\DeepWriterID-v2\\data\raw\WPTT2.2-Train\681-P18.wptt,681,Train,681-P18
F:\PycharmProjects\DeepWriterID-v2\\data\raw\WPTT2.2-Train\666-P14.wptt,666,Test,666-P14
F:\PycharmProjects\DeepWriterID-v2\\data\raw\WPTT2.2-Train\666-P15.wptt,666,Train,666-P15
F:\PycharmProjects\DeepWriterID-v2\\data\raw\WPTT2.2-Train\666-P16.wptt,666,Train,666-P16
F:\PycharmProjects\DeepWriterID-v2\\data\raw\WPTT2.2-Train\666-P17.wptt,666,Train,666-P17
F:\PycharmProjects\DeepWriterID-v2\\data\raw\WPTT2.2-Train\666-P18.wptt,666,Train,666-P18
F:\PycharmProjects\DeepWriterID-v2\\data\raw\WPTT2.2-Train\682-P14.wptt,682,Train,682-P14
F:\PycharmProjects\DeepWriterID-v2\\data\raw\WPTT2.2-Train\682-P15.wptt,682,Test,682-P15
F:\PycharmProjects\DeepWriterID-v2\\data\raw\WPTT2.2-Train\682-P16.wptt,682,Train,682-P16
F:\PycharmProjects\DeepWriterID-v2\\data\raw\WPTT2.2-Train\682-P17.wptt,682,Train,682-P17
F:\PycharmProjects\DeepWriterID-v2\\data\raw\WPTT2.2-Train\682-P18.wptt,682,Train,682-P18
F:\PycharmProjects\DeepWriterID-v2\\data\raw\WPTT2.2-Train\667-P14.wptt,667,Train,667-P14
F:\PycharmProjects\DeepWriterID-v2\\data\raw\WPTT2.2-Train\667-P15.wptt,667,Train,667-P15
F:\PycharmProjects\DeepWriterID-v2\\data\raw\WPTT2.2-Train\667-P16.wptt,667,Train,667-P16
F:\PycharmProjects\DeepWriterID-v2\\data\raw\WPTT2.2-Train\667-P17.wptt,667,Test,667-P17
F:\PycharmProjects\DeepWriterID-v2\\data\raw\WPTT2.2-Train\667-P18.wptt,667,Train,667-P18
F:\PycharmProjects\DeepWriterID-v2\\data\raw\WPTT2.2-Train\683-P14.wptt,683,Train,683-P14
F:\PycharmProjects\DeepWriterID-v2\\data\raw\WPTT2.2-Train\683-P15.wptt,683,Test,683-P15
F:\PycharmProjects\DeepWriterID-v2\\data\raw\WPTT2.2-Train\683-P16.wptt,683,Train,683-P16
F:\PycharmProjects\DeepWriterID-v2\\data\raw\WPTT2.2-Train\683-P17.wptt,683,Train,683-P17
F:\PycharmProjects\DeepWriterID-v2\\data\raw\WPTT2.2-Train\683-P18.wptt,683,Train,683-P18
F:\PycharmProjects\DeepWriterID-v2\\data\raw\WPTT2.2-Train\668-P14.wptt,668,Train,668-P14
F:\PycharmProjects\DeepWriterID-v2\\data\raw\WPTT2.2-Train\668-P15.wptt,668,Train,668-P15
F:\PycharmProjects\DeepWriterID-v2\\data\raw\WPTT2.2-Train\668-P16.wptt,668,Train,668-P16
F:\PycharmProjects\DeepWriterID-v2\\data\raw\WPTT2.2-Train\668-P17.wptt,668,Train,668-P17
F:\PycharmProjects\DeepWriterID-v2\\data\raw\WPTT2.2-Train\668-P18.wptt,668,Test,668-P18
F:\PycharmProjects\DeepWriterID-v2\\data\raw\WPTT2.2-Train\713-P16.wptt,713,Train,713-P16
F:\PycharmProjects\DeepWriterID-v2\\data\raw\WPTT2.2-Train\713-P14.wptt,713,Train,713-P14
F:\PycharmProjects\DeepWriterID-v2\\data\raw\WPTT2.2-Train\713-P15.wptt,713,Test,713-P15
F:\PycharmProjects\DeepWriterID-v2\\data\raw\WPTT2.2-Train\713-P17.wptt,713,Train,713-P17
F:\PycharmProjects\DeepWriterID-v2\\data\raw\WPTT2.2-Train\713-P18.wptt,713,Train,713-P18
F:\PycharmProjects\DeepWriterID-v2\\data\raw\WPTT2.2-Train\699-P16.wptt,699,Train,699-P16
F:\PycharmProjects\DeepWriterID-v2\\data\raw\WPTT2.2-Train\699-P15.wptt,699,Train,699-P15
F:\PycharmProjects\DeepWriterID-v2\\data\raw\WPTT2.2-Train\699-P17.wptt,699,Test,699-P17
F:\PycharmProjects\DeepWriterID-v2\\data\raw\WPTT2.2-Train\699-P18.wptt,699,Train,699-P18
F:\PycharmProjects\DeepWriterID-v2\\data\raw\WPTT2.2-Train\699-P14.wptt,699,Train,699-P14
F:\PycharmProjects\DeepWriterID-v2\\data\raw\WPTT2.2-Train\685-P15.wptt,685,Train,685-P15
F:\PycharmProjects\DeepWriterID-v2\\data\raw\WPTT2.2-Train\685-P16.wptt,685,Train,685-P16
F:\PycharmProjects\DeepWriterID-v2\\data\raw\WPTT2.2-Train\685-P17.wptt,685,Test,685-P17
F:\PycharmProjects\DeepWriterID-v2\\data\raw\WPTT2.2-Train\685-P18.wptt,685,Train,685-P18
F:\PycharmProjects\DeepWriterID-v2\\data\raw\WPTT2.2-Train\700-P14.wptt,700,Test,700-P14
F:\PycharmProjects\DeepWriterID-v2\\data\raw\WPTT2.2-Train\700-P15.wptt,700,Train,700-P15
F:\PycharmProjects\DeepWriterID-v2\\data\raw\WPTT2.2-Train\700-P16.wptt,700,Train,700-P16
F:\PycharmProjects\DeepWriterID-v2\\data\raw\WPTT2.2-Train\700-P17.wptt,700,Train,700-P17
F:\PycharmProjects\DeepWriterID-v2\\data\raw\WPTT2.2-Train\700-P18.wptt,700,Train,700-P18
F:\PycharmProjects\DeepWriterID-v2\\data\raw\WPTT2.2-Train\686-P14.wptt,686,Train,686-P14
F:\PycharmProjects\DeepWriterID-v2\\data\raw\WPTT2.2-Train\686-P15.wptt,686,Train,686-P15
F:\PycharmProjects\DeepWriterID-v2\\data\raw\WPTT2.2-Train\686-P16.wptt,686,Train,686-P16
F:\PycharmProjects\DeepWriterID-v2\\data\raw\WPTT2.2-Train\686-P17.wptt,686,Test,686-P17
F:\PycharmProjects\DeepWriterID-v2\\data\raw\WPTT2.2-Train\686-P18.wptt,686,Train,686-P18
F:\PycharmProjects\DeepWriterID-v2\\data\raw\WPTT2.2-Train\701-P14.wptt,701,Train,701-P14
F:\PycharmProjects\DeepWriterID-v2\\data\raw\WPTT2.2-Train\701-P15.wptt,701,Train,701-P15
F:\PycharmProjects\DeepWriterID-v2\\data\raw\WPTT2.2-Train\701-P16.wptt,701,Train,701-P16
F:\PycharmProjects\DeepWriterID-v2\\data\raw\WPTT2.2-Train\701-P17.wptt,701,Train,701-P17
F:\PycharmProjects\DeepWriterID-v2\\data\raw\WPTT2.2-Train\701-P18.wptt,701,Test,701-P18
F:\PycharmProjects\DeepWriterID-v2\\data\raw\WPTT2.2-Train\687-P14.wptt,687,Train,687-P14
F:\PycharmProjects\DeepWriterID-v2\\data\raw\WPTT2.2-Train\687-P15.wptt,687,Train,687-P15
F:\PycharmProjects\DeepWriterID-v2\\data\raw\WPTT2.2-Train\687-P16.wptt,687,Train,687-P16
F:\PycharmProjects\DeepWriterID-v2\\data\raw\WPTT2.2-Train\687-P17.wptt,687,Test,687-P17
F:\PycharmProjects\DeepWriterID-v2\\data\raw\WPTT2.2-Train\687-P18.wptt,687,Train,687-P18
F:\PycharmProjects\DeepWriterID-v2\\data\raw\WPTT2.2-Train\702-P14.wptt,702,Train,702-P14
F:\PycharmProjects\DeepWriterID-v2\\data\raw\WPTT2.2-Train\702-P15.wptt,702,Train,702-P15
F:\PycharmProjects\DeepWriterID-v2\\data\raw\WPTT2.2-Train\702-P16.wptt,702,Train,702-P16
F:\PycharmProjects\DeepWriterID-v2\\data\raw\WPTT2.2-Train\702-P17.wptt,702,Train,702-P17
F:\PycharmProjects\DeepWriterID-v2\\data\raw\WPTT2.2-Train\702-P18.wptt,702,Test,702-P18
F:\PycharmProjects\DeepWriterID-v2\\data\raw\WPTT2.2-Train\688-P14.wptt,688,Train,688-P14
F:\PycharmProjects\DeepWriterID-v2\\data\raw\WPTT2.2-Train\688-P15.wptt,688,Train,688-P15
F:\PycharmProjects\DeepWriterID-v2\\data\raw\WPTT2.2-Train\688-P16.wptt,688,Test,688-P16
F:\PycharmProjects\DeepWriterID-v2\\data\raw\WPTT2.2-Train\688-P17.wptt,688,Train,688-P17
F:\PycharmProjects\DeepWriterID-v2\\data\raw\WPTT2.2-Train\688-P18.wptt,688,Train,688-P18
F:\PycharmProjects\DeepWriterID-v2\\data\raw\WPTT2.2-Train\703-P14.wptt,703,Train,703-P14
F:\PycharmProjects\DeepWriterID-v2\\data\raw\WPTT2.2-Train\703-P15.wptt,703,Test,703-P15
F:\PycharmProjects\DeepWriterID-v2\\data\raw\WPTT2.2-Train\703-P16.wptt,703,Train,703-P16
F:\PycharmProjects\DeepWriterID-v2\\data\raw\WPTT2.2-Train\703-P17.wptt,703,Train,703-P17
F:\PycharmProjects\DeepWriterID-v2\\data\raw\WPTT2.2-Train\703-P18.wptt,703,Train,703-P18
F:\PycharmProjects\DeepWriterID-v2\\data\raw\WPTT2.2-Train\689-P14.wptt,689,Train,689-P14
F:\PycharmProjects\DeepWriterID-v2\\data\raw\WPTT2.2-Train\689-P15.wptt,689,Test,689-P15
F:\PycharmProjects\DeepWriterID-v2\\data\raw\WPTT2.2-Train\689-P16.wptt,689,Train,689-P16
F:\PycharmProjects\DeepWriterID-v2\\data\raw\WPTT2.2-Train\689-P17.wptt,689,Train,689-P17
F:\PycharmProjects\DeepWriterID-v2\\data\raw\WPTT2.2-Train\689-P18.wptt,689,Train,689-P18
F:\PycharmProjects\DeepWriterID-v2\\data\raw\WPTT2.2-Train\704-P14.wptt,704,Train,704-P14
F:\PycharmProjects\DeepWriterID-v2\\data\raw\WPTT2.2-Train\704-P15.wptt,704,Train,704-P15
F:\PycharmProjects\DeepWriterID-v2\\data\raw\WPTT2.2-Train\704-P16.wptt,704,Train,704-P16
F:\PycharmProjects\DeepWriterID-v2\\data\raw\WPTT2.2-Train\704-P17.wptt,704,Train,704-P17
F:\PycharmProjects\DeepWriterID-v2\\data\raw\WPTT2.2-Train\704-P18.wptt,704,Test,704-P18
F:\PycharmProjects\DeepWriterID-v2\\data\raw\WPTT2.2-Train\690-P14.wptt,690,Train,690-P14
F:\PycharmProjects\DeepWriterID-v2\\data\raw\WPTT2.2-Train\690-P15.wptt,690,Test,690-P15
F:\PycharmProjects\DeepWriterID-v2\\data\raw\WPTT2.2-Train\690-P16.wptt,690,Train,690-P16
F:\PycharmProjects\DeepWriterID-v2\\data\raw\WPTT2.2-Train\690-P17.wptt,690,Train,690-P17
F:\PycharmProjects\DeepWriterID-v2\\data\raw\WPTT2.2-Train\690-P18.wptt,690,Train,690-P18
F:\PycharmProjects\DeepWriterID-v2\\data\raw\WPTT2.2-Train\705-P14.wptt,705,Train,705-P14
F:\PycharmProjects\DeepWriterID-v2\\data\raw\WPTT2.2-Train\705-P15.wptt,705,Train,705-P15
F:\PycharmProjects\DeepWriterID-v2\\data\raw\WPTT2.2-Train\705-P16.wptt,705,Train,705-P16
F:\PycharmProjects\DeepWriterID-v2\\data\raw\WPTT2.2-Train\705-P17.wptt,705,Test,705-P17
F:\PycharmProjects\DeepWriterID-v2\\data\raw\WPTT2.2-Train\705-P18.wptt,705,Train,705-P18
F:\PycharmProjects\DeepWriterID-v2\\data\raw\WPTT2.2-Train\691-P14.wptt,691,Train,691-P14
F:\PycharmProjects\DeepWriterID-v2\\data\raw\WPTT2.2-Train\691-P15.wptt,691,Train,691-P15
F:\PycharmProjects\DeepWriterID-v2\\data\raw\WPTT2.2-Train\691-P16.wptt,691,Test,691-P16
F:\PycharmProjects\DeepWriterID-v2\\data\raw\WPTT2.2-Train\691-P17.wptt,691,Train,691-P17
F:\PycharmProjects\DeepWriterID-v2\\data\raw\WPTT2.2-Train\691-P18.wptt,691,Train,691-P18
F:\PycharmProjects\DeepWriterID-v2\\data\raw\WPTT2.2-Train\706-P14.wptt,706,Train,706-P14
F:\PycharmProjects\DeepWriterID-v2\\data\raw\WPTT2.2-Train\706-P15.wptt,706,Train,706-P15
F:\PycharmProjects\DeepWriterID-v2\\data\raw\WPTT2.2-Train\706-P16.wptt,706,Train,706-P16
F:\PycharmProjects\DeepWriterID-v2\\data\raw\WPTT2.2-Train\706-P17.wptt,706,Test,706-P17
F:\PycharmProjects\DeepWriterID-v2\\data\raw\WPTT2.2-Train\706-P18.wptt,706,Train,706-P18
F:\PycharmProjects\DeepWriterID-v2\\data\raw\WPTT2.2-Train\692-P14.wptt,692,Train,692-P14
F:\PycharmProjects\DeepWriterID-v2\\data\raw\WPTT2.2-Train\692-P15.wptt,692,Train,692-P15
F:\PycharmProjects\DeepWriterID-v2\\data\raw\WPTT2.2-Train\692-P16.wptt,692,Train,692-P16
F:\PycharmProjects\DeepWriterID-v2\\data\raw\WPTT2.2-Train\692-P17.wptt,692,Train,692-P17
F:\PycharmProjects\DeepWriterID-v2\\data\raw\WPTT2.2-Train\692-P18.wptt,692,Test,692-P18
F:\PycharmProjects\DeepWriterID-v2\\data\raw\WPTT2.2-Train\707-P14.wptt,707,Train,707-P14
F:\PycharmProjects\DeepWriterID-v2\\data\raw\WPTT2.2-Train\707-P15.wptt,707,Train,707-P15
F:\PycharmProjects\DeepWriterID-v2\\data\raw\WPTT2.2-Train\707-P16.wptt,707,Train,707-P16
F:\PycharmProjects\DeepWriterID-v2\\data\raw\WPTT2.2-Train\707-P17.wptt,707,Train,707-P17
F:\PycharmProjects\DeepWriterID-v2\\data\raw\WPTT2.2-Train\707-P18.wptt,707,Test,707-P18
F:\PycharmProjects\DeepWriterID-v2\\data\raw\WPTT2.2-Train\693-P14.wptt,693,Train,693-P14
F:\PycharmProjects\DeepWriterID-v2\\data\raw\WPTT2.2-Train\693-P15.wptt,693,Train,693-P15
F:\PycharmProjects\DeepWriterID-v2\\data\raw\WPTT2.2-Train\693-P16.wptt,693,Train,693-P16
F:\PycharmProjects\DeepWriterID-v2\\data\raw\WPTT2.2-Train\693-P17.wptt,693,Train,693-P17
F:\PycharmProjects\DeepWriterID-v2\\data\raw\WPTT2.2-Train\693-P18.wptt,693,Test,693-P18
F:\PycharmProjects\DeepWriterID-v2\\data\raw\WPTT2.2-Train\708-P14.wptt,708,Test,708-P14
F:\PycharmProjects\DeepWriterID-v2\\data\raw\WPTT2.2-Train\708-P15.wptt,708,Train,708-P15
F:\PycharmProjects\DeepWriterID-v2\\data\raw\WPTT2.2-Train\708-P16.wptt,708,Train,708-P16
F:\PycharmProjects\DeepWriterID-v2\\data\raw\WPTT2.2-Train\708-P17.wptt,708,Train,708-P17
F:\PycharmProjects\DeepWriterID-v2\\data\raw\WPTT2.2-Train\708-P18.wptt,708,Train,708-P18
F:\PycharmProjects\DeepWriterID-v2\\data\raw\WPTT2.2-Train\694-P14.wptt,694,Train,694-P14
F:\PycharmProjects\DeepWriterID-v2\\data\raw\WPTT2.2-Train\694-P15.wptt,694,Test,694-P15
F:\PycharmProjects\DeepWriterID-v2\\data\raw\WPTT2.2-Train\694-P16.wptt,694,Train,694-P16
F:\PycharmProjects\DeepWriterID-v2\\data\raw\WPTT2.2-Train\694-P17.wptt,694,Train,694-P17
F:\PycharmProjects\DeepWriterID-v2\\data\raw\WPTT2.2-Train\694-P18.wptt,694,Train,694-P18
F:\PycharmProjects\DeepWriterID-v2\\data\raw\WPTT2.2-Train\709-P14.wptt,709,Train,709-P14
F:\PycharmProjects\DeepWriterID-v2\\data\raw\WPTT2.2-Train\709-P15.wptt,709,Train,709-P15
F:\PycharmProjects\DeepWriterID-v2\\data\raw\WPTT2.2-Train\709-P16.wptt,709,Test,709-P16
F:\PycharmProjects\DeepWriterID-v2\\data\raw\WPTT2.2-Train\709-P17.wptt,709,Train,709-P17
F:\PycharmProjects\DeepWriterID-v2\\data\raw\WPTT2.2-Train\709-P18.wptt,709,Train,709-P18
F:\PycharmProjects\DeepWriterID-v2\\data\raw\WPTT2.2-Train\695-P14.wptt,695,Train,695-P14
F:\PycharmProjects\DeepWriterID-v2\\data\raw\WPTT2.2-Train\695-P15.wptt,695,Train,695-P15
F:\PycharmProjects\DeepWriterID-v2\\data\raw\WPTT2.2-Train\695-P16.wptt,695,Train,695-P16
F:\PycharmProjects\DeepWriterID-v2\\data\raw\WPTT2.2-Train\695-P17.wptt,695,Train,695-P17
F:\PycharmProjects\DeepWriterID-v2\\data\raw\WPTT2.2-Train\695-P18.wptt,695,Test,695-P18
F:\PycharmProjects\DeepWriterID-v2\\data\raw\WPTT2.2-Train\710-P14.wptt,710,Train,710-P14
F:\PycharmProjects\DeepWriterID-v2\\data\raw\WPTT2.2-Train\710-P15.wptt,710,Train,710-P15
F:\PycharmProjects\DeepWriterID-v2\\data\raw\WPTT2.2-Train\710-P16.wptt,710,Test,710-P16
F:\PycharmProjects\DeepWriterID-v2\\data\raw\WPTT2.2-Train\710-P17.wptt,710,Train,710-P17
F:\PycharmProjects\DeepWriterID-v2\\data\raw\WPTT2.2-Train\710-P18.wptt,710,Train,710-P18
F:\PycharmProjects\DeepWriterID-v2\\data\raw\WPTT2.2-Train\696-P14.wptt,696,Train,696-P14
F:\PycharmProjects\DeepWriterID-v2\\data\raw\WPTT2.2-Train\696-P15.wptt,696,Train,696-P15
F:\PycharmProjects\DeepWriterID-v2\\data\raw\WPTT2.2-Train\696-P16.wptt,696,Test,696-P16
F:\PycharmProjects\DeepWriterID-v2\\data\raw\WPTT2.2-Train\696-P17.wptt,696,Train,696-P17
F:\PycharmProjects\DeepWriterID-v2\\data\raw\WPTT2.2-Train\696-P18.wptt,696,Train,696-P18
F:\PycharmProjects\DeepWriterID-v2\\data\raw\WPTT2.2-Train\711-P14.wptt,711,Train,711-P14
F:\PycharmProjects\DeepWriterID-v2\\data\raw\WPTT2.2-Train\711-P15.wptt,711,Train,711-P15
F:\PycharmProjects\DeepWriterID-v2\\data\raw\WPTT2.2-Train\711-P16.wptt,711,Test,711-P16
F:\PycharmProjects\DeepWriterID-v2\\data\raw\WPTT2.2-Train\711-P17.wptt,711,Train,711-P17
F:\PycharmProjects\DeepWriterID-v2\\data\raw\WPTT2.2-Train\711-P18.wptt,711,Train,711-P18
F:\PycharmProjects\DeepWriterID-v2\\data\raw\WPTT2.2-Train\697-P14.wptt,697,Train,697-P14
F:\PycharmProjects\DeepWriterID-v2\\data\raw\WPTT2.2-Train\697-P15.wptt,697,Test,697-P15
F:\PycharmProjects\DeepWriterID-v2\\data\raw\WPTT2.2-Train\697-P16.wptt,697,Train,697-P16
F:\PycharmProjects\DeepWriterID-v2\\data\raw\WPTT2.2-Train\697-P17.wptt,697,Train,697-P17
F:\PycharmProjects\DeepWriterID-v2\\data\raw\WPTT2.2-Train\697-P18.wptt,697,Train,697-P18
F:\PycharmProjects\DeepWriterID-v2\\data\raw\WPTT2.2-Train\712-P14.wptt,712,Train,712-P14
F:\PycharmProjects\DeepWriterID-v2\\data\raw\WPTT2.2-Train\712-P15.wptt,712,Train,712-P15
F:\PycharmProjects\DeepWriterID-v2\\data\raw\WPTT2.2-Train\712-P16.wptt,712,Train,712-P16
F:\PycharmProjects\DeepWriterID-v2\\data\raw\WPTT2.2-Train\712-P17.wptt,712,Test,712-P17
F:\PycharmProjects\DeepWriterID-v2\\data\raw\WPTT2.2-Train\712-P18.wptt,712,Train,712-P18
F:\PycharmProjects\DeepWriterID-v2\\data\raw\WPTT2.2-Train\698-P14.wptt,698,Train,698-P14
F:\PycharmProjects\DeepWriterID-v2\\data\raw\WPTT2.2-Train\698-P15.wptt,698,Train,698-P15
F:\PycharmProjects\DeepWriterID-v2\\data\raw\WPTT2.2-Train\698-P16.wptt,698,Train,698-P16
F:\PycharmProjects\DeepWriterID-v2\\data\raw\WPTT2.2-Train\698-P17.wptt,698,Train,698-P17
F:\PycharmProjects\DeepWriterID-v2\\data\raw\WPTT2.2-Train\698-P18.wptt,698,Test,698-P18
F:\PycharmProjects\DeepWriterID-v2\\data\raw\WPTT2.2-Train\728-P15.wptt,728,Train,728-P15
F:\PycharmProjects\DeepWriterID-v2\\data\raw\WPTT2.2-Train\728-P14.wptt,728,Train,728-P14
F:\PycharmProjects\DeepWriterID-v2\\data\raw\WPTT2.2-Train\728-P16.wptt,728,Train,728-P16
F:\PycharmProjects\DeepWriterID-v2\\data\raw\WPTT2.2-Train\728-P17.wptt,728,Test,728-P17
F:\PycharmProjects\DeepWriterID-v2\\data\raw\WPTT2.2-Train\728-P18.wptt,728,Train,728-P18
F:\PycharmProjects\DeepWriterID-v2\\data\raw\WPTT2.2-Train\714-P14.wptt,714,Test,714-P14
F:\PycharmProjects\DeepWriterID-v2\\data\raw\WPTT2.2-Train\714-P15.wptt,714,Train,714-P15
F:\PycharmProjects\DeepWriterID-v2\\data\raw\WPTT2.2-Train\714-P16.wptt,714,Train,714-P16
F:\PycharmProjects\DeepWriterID-v2\\data\raw\WPTT2.2-Train\714-P17.wptt,714,Train,714-P17
F:\PycharmProjects\DeepWriterID-v2\\data\raw\WPTT2.2-Train\714-P18.wptt,714,Train,714-P18
F:\PycharmProjects\DeepWriterID-v2\\data\raw\WPTT2.2-Train\729-P14.wptt,729,Test,729-P14
F:\PycharmProjects\DeepWriterID-v2\\data\raw\WPTT2.2-Train\729-P15.wptt,729,Train,729-P15
F:\PycharmProjects\DeepWriterID-v2\\data\raw\WPTT2.2-Train\729-P16.wptt,729,Train,729-P16
F:\PycharmProjects\DeepWriterID-v2\\data\raw\WPTT2.2-Train\729-P17.wptt,729,Train,729-P17
F:\PycharmProjects\DeepWriterID-v2\\data\raw\WPTT2.2-Train\729-P18.wptt,729,Train,729-P18
F:\PycharmProjects\DeepWriterID-v2\\data\raw\WPTT2.2-Train\715-P14.wptt,715,Train,715-P14
F:\PycharmProjects\DeepWriterID-v2\\data\raw\WPTT2.2-Train\715-P15.wptt,715,Train,715-P15
F:\PycharmProjects\DeepWriterID-v2\\data\raw\WPTT2.2-Train\715-P16.wptt,715,Train,715-P16
F:\PycharmProjects\DeepWriterID-v2\\data\raw\WPTT2.2-Train\715-P17.wptt,715,Train,715-P17
F:\PycharmProjects\DeepWriterID-v2\\data\raw\WPTT2.2-Train\715-P18.wptt,715,Test,715-P18
F:\PycharmProjects\DeepWriterID-v2\\data\raw\WPTT2.2-Train\730-P14.wptt,730,Train,730-P14
F:\PycharmProjects\DeepWriterID-v2\\data\raw\WPTT2.2-Train\730-P15.wptt,730,Train,730-P15
F:\PycharmProjects\DeepWriterID-v2\\data\raw\WPTT2.2-Train\730-P16.wptt,730,Test,730-P16
F:\PycharmProjects\DeepWriterID-v2\\data\raw\WPTT2.2-Train\730-P17.wptt,730,Train,730-P17
F:\PycharmProjects\DeepWriterID-v2\\data\raw\WPTT2.2-Train\730-P18.wptt,730,Train,730-P18
F:\PycharmProjects\DeepWriterID-v2\\data\raw\WPTT2.2-Train\716-P14.wptt,716,Train,716-P14
F:\PycharmProjects\DeepWriterID-v2\\data\raw\WPTT2.2-Train\716-P15.wptt,716,Train,716-P15
F:\PycharmProjects\DeepWriterID-v2\\data\raw\WPTT2.2-Train\716-P16.wptt,716,Train,716-P16
F:\PycharmProjects\DeepWriterID-v2\\data\raw\WPTT2.2-Train\716-P17.wptt,716,Train,716-P17
F:\PycharmProjects\DeepWriterID-v2\\data\raw\WPTT2.2-Train\716-P18.wptt,716,Test,716-P18
F:\PycharmProjects\DeepWriterID-v2\\data\raw\WPTT2.2-Train\731-P14.wptt,731,Train,731-P14
F:\PycharmProjects\DeepWriterID-v2\\data\raw\WPTT2.2-Train\731-P15.wptt,731,Train,731-P15
F:\PycharmProjects\DeepWriterID-v2\\data\raw\WPTT2.2-Train\731-P16.wptt,731,Test,731-P16
F:\PycharmProjects\DeepWriterID-v2\\data\raw\WPTT2.2-Train\731-P17.wptt,731,Train,731-P17
F:\PycharmProjects\DeepWriterID-v2\\data\raw\WPTT2.2-Train\731-P18.wptt,731,Train,731-P18
F:\PycharmProjects\DeepWriterID-v2\\data\raw\WPTT2.2-Train\717-P14.wptt,717,Train,717-P14
F:\PycharmProjects\DeepWriterID-v2\\data\raw\WPTT2.2-Train\717-P15.wptt,717,Train,717-P15
F:\PycharmProjects\DeepWriterID-v2\\data\raw\WPTT2.2-Train\717-P16.wptt,717,Train,717-P16
F:\PycharmProjects\DeepWriterID-v2\\data\raw\WPTT2.2-Train\717-P17.wptt,717,Test,717-P17
F:\PycharmProjects\DeepWriterID-v2\\data\raw\WPTT2.2-Train\717-P18.wptt,717,Train,717-P18
F:\PycharmProjects\DeepWriterID-v2\\data\raw\WPTT2.2-Train\732-P14.wptt,732,Test,732-P14
F:\PycharmProjects\DeepWriterID-v2\\data\raw\WPTT2.2-Train\732-P15.wptt,732,Train,732-P15
F:\PycharmProjects\DeepWriterID-v2\\data\raw\WPTT2.2-Train\732-P16.wptt,732,Train,732-P16
F:\PycharmProjects\DeepWriterID-v2\\data\raw\WPTT2.2-Train\732-P17.wptt,732,Train,732-P17
F:\PycharmProjects\DeepWriterID-v2\\data\raw\WPTT2.2-Train\732-P18.wptt,732,Train,732-P18
F:\PycharmProjects\DeepWriterID-v2\\data\raw\WPTT2.2-Train\718-P14.wptt,718,Train,718-P14
F:\PycharmProjects\DeepWriterID-v2\\data\raw\WPTT2.2-Train\718-P15.wptt,718,Train,718-P15
F:\PycharmProjects\DeepWriterID-v2\\data\raw\WPTT2.2-Train\718-P16.wptt,718,Test,718-P16
F:\PycharmProjects\DeepWriterID-v2\\data\raw\WPTT2.2-Train\718-P17.wptt,718,Train,718-P17
F:\PycharmProjects\DeepWriterID-v2\\data\raw\WPTT2.2-Train\718-P18.wptt,718,Train,718-P18
F:\PycharmProjects\DeepWriterID-v2\\data\raw\WPTT2.2-Train\733-P14.wptt,733,Train,733-P14
F:\PycharmProjects\DeepWriterID-v2\\data\raw\WPTT2.2-Train\733-P15.wptt,733,Test,733-P15
F:\PycharmProjects\DeepWriterID-v2\\data\raw\WPTT2.2-Train\733-P16.wptt,733,Train,733-P16
F:\PycharmProjects\DeepWriterID-v2\\data\raw\WPTT2.2-Train\733-P17.wptt,733,Train,733-P17
F:\PycharmProjects\DeepWriterID-v2\\data\raw\WPTT2.2-Train\733-P18.wptt,733,Train,733-P18
F:\PycharmProjects\DeepWriterID-v2\\data\raw\WPTT2.2-Train\719-P14.wptt,719,Test,719-P14
F:\PycharmProjects\DeepWriterID-v2\\data\raw\WPTT2.2-Train\719-P15.wptt,719,Train,719-P15
F:\PycharmProjects\DeepWriterID-v2\\data\raw\WPTT2.2-Train\719-P16.wptt,719,Train,719-P16
F:\PycharmProjects\DeepWriterID-v2\\data\raw\WPTT2.2-Train\719-P17.wptt,719,Train,719-P17
F:\PycharmProjects\DeepWriterID-v2\\data\raw\WPTT2.2-Train\719-P18.wptt,719,Train,719-P18
F:\PycharmProjects\DeepWriterID-v2\\data\raw\WPTT2.2-Train\734-P14.wptt,734,Test,734-P14
F:\PycharmProjects\DeepWriterID-v2\\data\raw\WPTT2.2-Train\734-P15.wptt,734,Train,734-P15
F:\PycharmProjects\DeepWriterID-v2\\data\raw\WPTT2.2-Train\734-P16.wptt,734,Train,734-P16
F:\PycharmProjects\DeepWriterID-v2\\data\raw\WPTT2.2-Train\734-P17.wptt,734,Train,734-P17
F:\PycharmProjects\DeepWriterID-v2\\data\raw\WPTT2.2-Train\734-P18.wptt,734,Train,734-P18
F:\PycharmProjects\DeepWriterID-v2\\data\raw\WPTT2.2-Train\720-P14.wptt,720,Train,720-P14
F:\PycharmProjects\DeepWriterID-v2\\data\raw\WPTT2.2-Train\720-P15.wptt,720,Test,720-P15
F:\PycharmProjects\DeepWriterID-v2\\data\raw\WPTT2.2-Train\720-P16.wptt,720,Train,720-P16
F:\PycharmProjects\DeepWriterID-v2\\data\raw\WPTT2.2-Train\720-P17.wptt,720,Train,720-P17
F:\PycharmProjects\DeepWriterID-v2\\data\raw\WPTT2.2-Train\720-P18.wptt,720,Train,720-P18
F:\PycharmProjects\DeepWriterID-v2\\data\raw\WPTT2.2-Train\735-P14.wptt,735,Test,735-P14
F:\PycharmProjects\DeepWriterID-v2\\data\raw\WPTT2.2-Train\735-P15.wptt,735,Train,735-P15
F:\PycharmProjects\DeepWriterID-v2\\data\raw\WPTT2.2-Train\735-P16.wptt,735,Train,735-P16
F:\PycharmProjects\DeepWriterID-v2\\data\raw\WPTT2.2-Train\735-P17.wptt,735,Train,735-P17
F:\PycharmProjects\DeepWriterID-v2\\data\raw\WPTT2.2-Train\735-P18.wptt,735,Train,735-P18
F:\PycharmProjects\DeepWriterID-v2\\data\raw\WPTT2.2-Train\721-P14.wptt,721,Train,721-P14
F:\PycharmProjects\DeepWriterID-v2\\data\raw\WPTT2.2-Train\721-P15.wptt,721,Test,721-P15
F:\PycharmProjects\DeepWriterID-v2\\data\raw\WPTT2.2-Train\721-P16.wptt,721,Train,721-P16
F:\PycharmProjects\DeepWriterID-v2\\data\raw\WPTT2.2-Train\721-P17.wptt,721,Train,721-P17
F:\PycharmProjects\DeepWriterID-v2\\data\raw\WPTT2.2-Train\721-P18.wptt,721,Train,721-P18
F:\PycharmProjects\DeepWriterID-v2\\data\raw\WPTT2.2-Train\736-P14.wptt,736,Train,736-P14
F:\PycharmProjects\DeepWriterID-v2\\data\raw\WPTT2.2-Train\736-P15.wptt,736,Train,736-P15
F:\PycharmProjects\DeepWriterID-v2\\data\raw\WPTT2.2-Train\736-P16.wptt,736,Test,736-P16
F:\PycharmProjects\DeepWriterID-v2\\data\raw\WPTT2.2-Train\736-P17.wptt,736,Train,736-P17
F:\PycharmProjects\DeepWriterID-v2\\data\raw\WPTT2.2-Train\736-P18.wptt,736,Train,736-P18
F:\PycharmProjects\DeepWriterID-v2\\data\raw\WPTT2.2-Train\722-P14.wptt,722,Train,722-P14
F:\PycharmProjects\DeepWriterID-v2\\data\raw\WPTT2.2-Train\722-P15.wptt,722,Train,722-P15
F:\PycharmProjects\DeepWriterID-v2\\data\raw\WPTT2.2-Train\722-P16.wptt,722,Train,722-P16
F:\PycharmProjects\DeepWriterID-v2\\data\raw\WPTT2.2-Train\722-P17.wptt,722,Train,722-P17
F:\PycharmProjects\DeepWriterID-v2\\data\raw\WPTT2.2-Train\722-P18.wptt,722,Test,722-P18
F:\PycharmProjects\DeepWriterID-v2\\data\raw\WPTT2.2-Train\737-P14.wptt,737,Test,737-P14
F:\PycharmProjects\DeepWriterID-v2\\data\raw\WPTT2.2-Train\737-P15.wptt,737,Train,737-P15
F:\PycharmProjects\DeepWriterID-v2\\data\raw\WPTT2.2-Train\737-P16.wptt,737,Train,737-P16
F:\PycharmProjects\DeepWriterID-v2\\data\raw\WPTT2.2-Train\737-P17.wptt,737,Train,737-P17
F:\PycharmProjects\DeepWriterID-v2\\data\raw\WPTT2.2-Train\737-P18.wptt,737,Train,737-P18
F:\PycharmProjects\DeepWriterID-v2\\data\raw\WPTT2.2-Train\723-P14.wptt,723,Train,723-P14
F:\PycharmProjects\DeepWriterID-v2\\data\raw\WPTT2.2-Train\723-P15.wptt,723,Train,723-P15
F:\PycharmProjects\DeepWriterID-v2\\data\raw\WPTT2.2-Train\723-P16.wptt,723,Train,723-P16
F:\PycharmProjects\DeepWriterID-v2\\data\raw\WPTT2.2-Train\723-P17.wptt,723,Train,723-P17
F:\PycharmProjects\DeepWriterID-v2\\data\raw\WPTT2.2-Train\723-P18.wptt,723,Test,723-P18
F:\PycharmProjects\DeepWriterID-v2\\data\raw\WPTT2.2-Train\738-P14.wptt,738,Train,738-P14
F:\PycharmProjects\DeepWriterID-v2\\data\raw\WPTT2.2-Train\738-P15.wptt,738,Train,738-P15
F:\PycharmProjects\DeepWriterID-v2\\data\raw\WPTT2.2-Train\738-P16.wptt,738,Train,738-P16
F:\PycharmProjects\DeepWriterID-v2\\data\raw\WPTT2.2-Train\738-P17.wptt,738,Test,738-P17
F:\PycharmProjects\DeepWriterID-v2\\data\raw\WPTT2.2-Train\738-P18.wptt,738,Train,738-P18
F:\PycharmProjects\DeepWriterID-v2\\data\raw\WPTT2.2-Train\724-P14.wptt,724,Test,724-P14
F:\PycharmProjects\DeepWriterID-v2\\data\raw\WPTT2.2-Train\724-P15.wptt,724,Train,724-P15
F:\PycharmProjects\DeepWriterID-v2\\data\raw\WPTT2.2-Train\724-P16.wptt,724,Train,724-P16
F:\PycharmProjects\DeepWriterID-v2\\data\raw\WPTT2.2-Train\724-P17.wptt,724,Train,724-P17
F:\PycharmProjects\DeepWriterID-v2\\data\raw\WPTT2.2-Train\724-P18.wptt,724,Train,724-P18
F:\PycharmProjects\DeepWriterID-v2\\data\raw\WPTT2.2-Train\739-P14.wptt,739,Train,739-P14
F:\PycharmProjects\DeepWriterID-v2\\data\raw\WPTT2.2-Train\739-P15.wptt,739,Train,739-P15
F:\PycharmProjects\DeepWriterID-v2\\data\raw\WPTT2.2-Train\739-P16.wptt,739,Train,739-P16
F:\PycharmProjects\DeepWriterID-v2\\data\raw\WPTT2.2-Train\739-P17.wptt,739,Train,739-P17
F:\PycharmProjects\DeepWriterID-v2\\data\raw\WPTT2.2-Train\739-P18.wptt,739,Test,739-P18
F:\PycharmProjects\DeepWriterID-v2\\data\raw\WPTT2.2-Train\725-P14.wptt,725,Test,725-P14
F:\PycharmProjects\DeepWriterID-v2\\data\raw\WPTT2.2-Train\725-P15.wptt,725,Train,725-P15
F:\PycharmProjects\DeepWriterID-v2\\data\raw\WPTT2.2-Train\725-P16.wptt,725,Train,725-P16
F:\PycharmProjects\DeepWriterID-v2\\data\raw\WPTT2.2-Train\725-P17.wptt,725,Train,725-P17
F:\PycharmProjects\DeepWriterID-v2\\data\raw\WPTT2.2-Train\725-P18.wptt,725,Train,725-P18
F:\PycharmProjects\DeepWriterID-v2\\data\raw\WPTT2.2-Train\740-P14.wptt,740,Train,740-P14
F:\PycharmProjects\DeepWriterID-v2\\data\raw\WPTT2.2-Train\740-P15.wptt,740,Train,740-P15
F:\PycharmProjects\DeepWriterID-v2\\data\raw\WPTT2.2-Train\740-P16.wptt,740,Test,740-P16
F:\PycharmProjects\DeepWriterID-v2\\data\raw\WPTT2.2-Train\740-P17.wptt,740,Train,740-P17
F:\PycharmProjects\DeepWriterID-v2\\data\raw\WPTT2.2-Train\740-P18.wptt,740,Train,740-P18
F:\PycharmProjects\DeepWriterID-v2\\data\raw\WPTT2.2-Train\726-P14.wptt,726,Train,726-P14
F:\PycharmProjects\DeepWriterID-v2\\data\raw\WPTT2.2-Train\726-P15.wptt,726,Train,726-P15
F:\PycharmProjects\DeepWriterID-v2\\data\raw\WPTT2.2-Train\726-P16.wptt,726,Train,726-P16
F:\PycharmProjects\DeepWriterID-v2\\data\raw\WPTT2.2-Train\726-P17.wptt,726,Train,726-P17
F:\PycharmProjects\DeepWriterID-v2\\data\raw\WPTT2.2-Train\726-P18.wptt,726,Test,726-P18
F:\PycharmProjects\DeepWriterID-v2\\data\raw\WPTT2.2-Train\727-P14.wptt,727,Train,727-P14
F:\PycharmProjects\DeepWriterID-v2\\data\raw\WPTT2.2-Train\727-P15.wptt,727,Train,727-P15
F:\PycharmProjects\DeepWriterID-v2\\data\raw\WPTT2.2-Train\727-P16.wptt,727,Train,727-P16
F:\PycharmProjects\DeepWriterID-v2\\data\raw\WPTT2.2-Train\727-P17.wptt,727,Test,727-P17
F:\PycharmProjects\DeepWriterID-v2\\data\raw\WPTT2.2-Train\727-P18.wptt,727,Train,727-P18
F:\PycharmProjects\DeepWriterID-v2\\data\raw\WPTT2.0-Test\082-P17.wptt,82,Train,082-P17
F:\PycharmProjects\DeepWriterID-v2\\data\raw\WPTT2.0-Test\082-P18.wptt,82,Train,082-P18
F:\PycharmProjects\DeepWriterID-v2\\data\raw\WPTT2.0-Test\082-P19.wptt,82,Train,082-P19
F:\PycharmProjects\DeepWriterID-v2\\data\raw\WPTT2.0-Test\082-P20.wptt,82,Train,082-P20
F:\PycharmProjects\DeepWriterID-v2\\data\raw\WPTT2.0-Test\082-P16.wptt,82,Test,082-P16
F:\PycharmProjects\DeepWriterID-v2\\data\raw\WPTT2.0-Test\006-P16.wptt,6,Test,006-P16
F:\PycharmProjects\DeepWriterID-v2\\data\raw\WPTT2.0-Test\006-P17.wptt,6,Train,006-P17
F:\PycharmProjects\DeepWriterID-v2\\data\raw\WPTT2.0-Test\006-P18.wptt,6,Train,006-P18
F:\PycharmProjects\DeepWriterID-v2\\data\raw\WPTT2.0-Test\006-P19.wptt,6,Train,006-P19
F:\PycharmProjects\DeepWriterID-v2\\data\raw\WPTT2.0-Test\006-P20.wptt,6,Train,006-P20
F:\PycharmProjects\DeepWriterID-v2\\data\raw\WPTT2.0-Test\084-P17.wptt,84,Train,084-P17
F:\PycharmProjects\DeepWriterID-v2\\data\raw\WPTT2.0-Test\084-P16.wptt,84,Train,084-P16
F:\PycharmProjects\DeepWriterID-v2\\data\raw\WPTT2.0-Test\084-P18.wptt,84,Train,084-P18
F:\PycharmProjects\DeepWriterID-v2\\data\raw\WPTT2.0-Test\084-P19.wptt,84,Test,084-P19
F:\PycharmProjects\DeepWriterID-v2\\data\raw\WPTT2.0-Test\084-P20.wptt,84,Train,084-P20
F:\PycharmProjects\DeepWriterID-v2\\data\raw\WPTT2.0-Test\013-P16.wptt,13,Train,013-P16
F:\PycharmProjects\DeepWriterID-v2\\data\raw\WPTT2.0-Test\013-P17.wptt,13,Test,013-P17
F:\PycharmProjects\DeepWriterID-v2\\data\raw\WPTT2.0-Test\013-P18.wptt,13,Train,013-P18
F:\PycharmProjects\DeepWriterID-v2\\data\raw\WPTT2.0-Test\013-P19.wptt,13,Train,013-P19
F:\PycharmProjects\DeepWriterID-v2\\data\raw\WPTT2.0-Test\013-P20.wptt,13,Train,013-P20
F:\PycharmProjects\DeepWriterID-v2\\data\raw\WPTT2.0-Test\104-P20.wptt,104,Train,104-P20
F:\PycharmProjects\DeepWriterID-v2\\data\raw\WPTT2.0-Test\104-P16.wptt,104,Test,104-P16
F:\PycharmProjects\DeepWriterID-v2\\data\raw\WPTT2.0-Test\104-P17.wptt,104,Train,104-P17
F:\PycharmProjects\DeepWriterID-v2\\data\raw\WPTT2.0-Test\104-P18.wptt,104,Train,104-P18
F:\PycharmProjects\DeepWriterID-v2\\data\raw\WPTT2.0-Test\104-P19.wptt,104,Train,104-P19
F:\PycharmProjects\DeepWriterID-v2\\data\raw\WPTT2.0-Test\108-P16.wptt,108,Train,108-P16
F:\PycharmProjects\DeepWriterID-v2\\data\raw\WPTT2.0-Test\108-P17.wptt,108,Train,108-P17
F:\PycharmProjects\DeepWriterID-v2\\data\raw\WPTT2.0-Test\108-P18.wptt,108,Train,108-P18
F:\PycharmProjects\DeepWriterID-v2\\data\raw\WPTT2.0-Test\108-P19.wptt,108,Train,108-P19
F:\PycharmProjects\DeepWriterID-v2\\data\raw\WPTT2.0-Test\108-P20.wptt,108,Test,108-P20
F:\PycharmProjects\DeepWriterID-v2\\data\raw\WPTT2.0-Test\020-P16.wptt,20,Train,020-P16
F:\PycharmProjects\DeepWriterID-v2\\data\raw\WPTT2.0-Test\020-P17.wptt,20,Train,020-P17
F:\PycharmProjects\DeepWriterID-v2\\data\raw\WPTT2.0-Test\020-P18.wptt,20,Test,020-P18
F:\PycharmProjects\DeepWriterID-v2\\data\raw\WPTT2.0-Test\020-P19.wptt,20,Train,020-P19
F:\PycharmProjects\DeepWriterID-v2\\data\raw\WPTT2.0-Test\020-P20.wptt,20,Train,020-P20
F:\PycharmProjects\DeepWriterID-v2\\data\raw\WPTT2.0-Test\111-P16.wptt,111,Test,111-P16
F:\PycharmProjects\DeepWriterID-v2\\data\raw\WPTT2.0-Test\111-P17.wptt,111,Train,111-P17
F:\PycharmProjects\DeepWriterID-v2\\data\raw\WPTT2.0-Test\111-P18.wptt,111,Train,111-P18
F:\PycharmProjects\DeepWriterID-v2\\data\raw\WPTT2.0-Test\111-P19.wptt,111,Train,111-P19
F:\PycharmProjects\DeepWriterID-v2\\data\raw\WPTT2.0-Test\111-P20.wptt,111,Train,111-P20
F:\PycharmProjects\DeepWriterID-v2\\data\raw\WPTT2.0-Test\029-P16.wptt,29,Train,029-P16
F:\PycharmProjects\DeepWriterID-v2\\data\raw\WPTT2.0-Test\029-P17.wptt,29,Train,029-P17
F:\PycharmProjects\DeepWriterID-v2\\data\raw\WPTT2.0-Test\029-P18.wptt,29,Train,029-P18
F:\PycharmProjects\DeepWriterID-v2\\data\raw\WPTT2.0-Test\029-P19.wptt,29,Test,029-P19
F:\PycharmProjects\DeepWriterID-v2\\data\raw\WPTT2.0-Test\029-P20.wptt,29,Train,029-P20
F:\PycharmProjects\DeepWriterID-v2\\data\raw\WPTT2.0-Test\113-P16.wptt,113,Train,113-P16
F:\PycharmProjects\DeepWriterID-v2\\data\raw\WPTT2.0-Test\113-P17.wptt,113,Train,113-P17
F:\PycharmProjects\DeepWriterID-v2\\data\raw\WPTT2.0-Test\113-P18.wptt,113,Train,113-P18
F:\PycharmProjects\DeepWriterID-v2\\data\raw\WPTT2.0-Test\113-P19.wptt,113,Train,113-P19
F:\PycharmProjects\DeepWriterID-v2\\data\raw\WPTT2.0-Test\113-P20.wptt,113,Test,113-P20
F:\PycharmProjects\DeepWriterID-v2\\data\raw\WPTT2.0-Test\038-P16.wptt,38,Train,038-P16
F:\PycharmProjects\DeepWriterID-v2\\data\raw\WPTT2.0-Test\038-P17.wptt,38,Train,038-P17
F:\PycharmProjects\DeepWriterID-v2\\data\raw\WPTT2.0-Test\038-P18.wptt,38,Train,038-P18
F:\PycharmProjects\DeepWriterID-v2\\data\raw\WPTT2.0-Test\038-P19.wptt,38,Test,038-P19
F:\PycharmProjects\DeepWriterID-v2\\data\raw\WPTT2.0-Test\038-P20.wptt,38,Train,038-P20
F:\PycharmProjects\DeepWriterID-v2\\data\raw\WPTT2.0-Test\121-P16.wptt,121,Test,121-P16
F:\PycharmProjects\DeepWriterID-v2\\data\raw\WPTT2.0-Test\121-P17.wptt,121,Train,121-P17
F:\PycharmProjects\DeepWriterID-v2\\data\raw\WPTT2.0-Test\121-P18.wptt,121,Train,121-P18
F:\PycharmProjects\DeepWriterID-v2\\data\raw\WPTT2.0-Test\121-P19.wptt,121,Train,121-P19
F:\PycharmProjects\DeepWriterID-v2\\data\raw\WPTT2.0-Test\121-P20.wptt,121,Train,121-P20
F:\PycharmProjects\DeepWriterID-v2\\data\raw\WPTT2.0-Test\042-P16.wptt,42,Train,042-P16
F:\PycharmProjects\DeepWriterID-v2\\data\raw\WPTT2.0-Test\042-P17.wptt,42,Train,042-P17
F:\PycharmProjects\DeepWriterID-v2\\data\raw\WPTT2.0-Test\042-P18.wptt,42,Test,042-P18
F:\PycharmProjects\DeepWriterID-v2\\data\raw\WPTT2.0-Test\042-P19.wptt,42,Train,042-P19
F:\PycharmProjects\DeepWriterID-v2\\data\raw\WPTT2.0-Test\042-P20.wptt,42,Train,042-P20
F:\PycharmProjects\DeepWriterID-v2\\data\raw\WPTT2.0-Test\124-P16.wptt,124,Test,124-P16
F:\PycharmProjects\DeepWriterID-v2\\data\raw\WPTT2.0-Test\124-P17.wptt,124,Train,124-P17
F:\PycharmProjects\DeepWriterID-v2\\data\raw\WPTT2.0-Test\124-P18.wptt,124,Train,124-P18
F:\PycharmProjects\DeepWriterID-v2\\data\raw\WPTT2.0-Test\124-P19.wptt,124,Train,124-P19
F:\PycharmProjects\DeepWriterID-v2\\data\raw\WPTT2.0-Test\124-P20.wptt,124,Train,124-P20
F:\PycharmProjects\DeepWriterID-v2\\data\raw\WPTT2.0-Test\046-P16.wptt,46,Train,046-P16
F:\PycharmProjects\DeepWriterID-v2\\data\raw\WPTT2.0-Test\046-P17.wptt,46,Train,046-P17
F:\PycharmProjects\DeepWriterID-v2\\data\raw\WPTT2.0-Test\046-P18.wptt,46,Train,046-P18
F:\PycharmProjects\DeepWriterID-v2\\data\raw\WPTT2.0-Test\046-P19.wptt,46,Train,046-P19
F:\PycharmProjects\DeepWriterID-v2\\data\raw\WPTT2.0-Test\046-P20.wptt,46,Test,046-P20
F:\PycharmProjects\DeepWriterID-v2\\data\raw\WPTT2.0-Test\125-P16.wptt,125,Train,125-P16
F:\PycharmProjects\DeepWriterID-v2\\data\raw\WPTT2.0-Test\125-P17.wptt,125,Train,125-P17
F:\PycharmProjects\DeepWriterID-v2\\data\raw\WPTT2.0-Test\125-P18.wptt,125,Train,125-P18
F:\PycharmProjects\DeepWriterID-v2\\data\raw\WPTT2.0-Test\125-P19.wptt,125,Train,125-P19
F:\PycharmProjects\DeepWriterID-v2\\data\raw\WPTT2.0-Test\125-P20.wptt,125,Test,125-P20
F:\PycharmProjects\DeepWriterID-v2\\data\raw\WPTT2.0-Test\058-P16.wptt,58,Train,058-P16
F:\PycharmProjects\DeepWriterID-v2\\data\raw\WPTT2.0-Test\058-P17.wptt,58,Train,058-P17
F:\PycharmProjects\DeepWriterID-v2\\data\raw\WPTT2.0-Test\058-P18.wptt,58,Test,058-P18
F:\PycharmProjects\DeepWriterID-v2\\data\raw\WPTT2.0-Test\058-P19.wptt,58,Train,058-P19
F:\PycharmProjects\DeepWriterID-v2\\data\raw\WPTT2.0-Test\058-P20.wptt,58,Train,058-P20
F:\PycharmProjects\DeepWriterID-v2\\data\raw\WPTT2.0-Test\132-P16.wptt,132,Train,132-P16
F:\PycharmProjects\DeepWriterID-v2\\data\raw\WPTT2.0-Test\132-P17.wptt,132,Test,132-P17
F:\PycharmProjects\DeepWriterID-v2\\data\raw\WPTT2.0-Test\132-P18.wptt,132,Train,132-P18
F:\PycharmProjects\DeepWriterID-v2\\data\raw\WPTT2.0-Test\132-P19.wptt,132,Train,132-P19
F:\PycharmProjects\DeepWriterID-v2\\data\raw\WPTT2.0-Test\132-P20.wptt,132,Train,132-P20
F:\PycharmProjects\DeepWriterID-v2\\data\raw\WPTT2.0-Test\060-P16.wptt,60,Train,060-P16
F:\PycharmProjects\DeepWriterID-v2\\data\raw\WPTT2.0-Test\060-P17.wptt,60,Test,060-P17
F:\PycharmProjects\DeepWriterID-v2\\data\raw\WPTT2.0-Test\060-P18.wptt,60,Train,060-P18
F:\PycharmProjects\DeepWriterID-v2\\data\raw\WPTT2.0-Test\060-P19.wptt,60,Train,060-P19
F:\PycharmProjects\DeepWriterID-v2\\data\raw\WPTT2.0-Test\060-P20.wptt,60,Train,060-P20
F:\PycharmProjects\DeepWriterID-v2\\data\raw\WPTT2.0-Test\136-P16.wptt,136,Train,136-P16
F:\PycharmProjects\DeepWriterID-v2\\data\raw\WPTT2.0-Test\136-P17.wptt,136,Train,136-P17
F:\PycharmProjects\DeepWriterID-v2\\data\raw\WPTT2.0-Test\136-P18.wptt,136,Train,136-P18
F:\PycharmProjects\DeepWriterID-v2\\data\raw\WPTT2.0-Test\136-P19.wptt,136,Train,136-P19
F:\PycharmProjects\DeepWriterID-v2\\data\raw\WPTT2.0-Test\136-P20.wptt,136,Test,136-P20
F:\PycharmProjects\DeepWriterID-v2\\data\raw\WPTT2.0-Test\062-P16.wptt,62,Train,062-P16
F:\PycharmProjects\DeepWriterID-v2\\data\raw\WPTT2.0-Test\062-P17.wptt,62,Train,062-P17
F:\PycharmProjects\DeepWriterID-v2\\data\raw\WPTT2.0-Test\062-P18.wptt,62,Test,062-P18
F:\PycharmProjects\DeepWriterID-v2\\data\raw\WPTT2.0-Test\062-P19.wptt,62,Train,062-P19
F:\PycharmProjects\DeepWriterID-v2\\data\raw\WPTT2.0-Test\062-P20.wptt,62,Train,062-P20
F:\PycharmProjects\DeepWriterID-v2\\data\raw\WPTT2.0-Test\147-P16.wptt,147,Train,147-P16
F:\PycharmProjects\DeepWriterID-v2\\data\raw\WPTT2.0-Test\147-P17.wptt,147,Train,147-P17
F:\PycharmProjects\DeepWriterID-v2\\data\raw\WPTT2.0-Test\147-P18.wptt,147,Test,147-P18
F:\PycharmProjects\DeepWriterID-v2\\data\raw\WPTT2.0-Test\147-P19.wptt,147,Train,147-P19
F:\PycharmProjects\DeepWriterID-v2\\data\raw\WPTT2.0-Test\147-P20.wptt,147,Train,147-P20
F:\PycharmProjects\DeepWriterID-v2\\data\raw\WPTT2.0-Test\069-P16.wptt,69,Test,069-P16
F:\PycharmProjects\DeepWriterID-v2\\data\raw\WPTT2.0-Test\069-P17.wptt,69,Train,069-P17
F:\PycharmProjects\DeepWriterID-v2\\data\raw\WPTT2.0-Test\069-P18.wptt,69,Train,069-P18
F:\PycharmProjects\DeepWriterID-v2\\data\raw\WPTT2.0-Test\069-P19.wptt,69,Train,069-P19
F:\PycharmProjects\DeepWriterID-v2\\data\raw\WPTT2.0-Test\069-P20.wptt,69,Train,069-P20
F:\PycharmProjects\DeepWriterID-v2\\data\raw\WPTT2.0-Test\150-P16.wptt,150,Train,150-P16
F:\PycharmProjects\DeepWriterID-v2\\data\raw\WPTT2.0-Test\150-P17.wptt,150,Train,150-P17
F:\PycharmProjects\DeepWriterID-v2\\data\raw\WPTT2.0-Test\150-P18.wptt,150,Train,150-P18
F:\PycharmProjects\DeepWriterID-v2\\data\raw\WPTT2.0-Test\150-P19.wptt,150,Test,150-P19
F:\PycharmProjects\DeepWriterID-v2\\data\raw\WPTT2.0-Test\150-P20.wptt,150,Train,150-P20
F:\PycharmProjects\DeepWriterID-v2\\data\raw\WPTT2.0-Test\073-P16.wptt,73,Train,073-P16
F:\PycharmProjects\DeepWriterID-v2\\data\raw\WPTT2.0-Test\073-P17.wptt,73,Test,073-P17
F:\PycharmProjects\DeepWriterID-v2\\data\raw\WPTT2.0-Test\073-P18.wptt,73,Train,073-P18
F:\PycharmProjects\DeepWriterID-v2\\data\raw\WPTT2.0-Test\073-P19.wptt,73,Train,073-P19
F:\PycharmProjects\DeepWriterID-v2\\data\raw\WPTT2.0-Test\073-P20.wptt,73,Train,073-P20
F:\PycharmProjects\DeepWriterID-v2\\data\raw\WPTT2.0-Test\153-P16.wptt,153,Train,153-P16
F:\PycharmProjects\DeepWriterID-v2\\data\raw\WPTT2.0-Test\153-P17.wptt,153,Train,153-P17
F:\PycharmProjects\DeepWriterID-v2\\data\raw\WPTT2.0-Test\153-P18.wptt,153,Train,153-P18
F:\PycharmProjects\DeepWriterID-v2\\data\raw\WPTT2.0-Test\153-P19.wptt,153,Test,153-P19
F:\PycharmProjects\DeepWriterID-v2\\data\raw\WPTT2.0-Test\153-P20.wptt,153,Train,153-P20
F:\PycharmProjects\DeepWriterID-v2\\data\raw\WPTT2.0-Test\097-P16.wptt,97,Train,097-P16
F:\PycharmProjects\DeepWriterID-v2\\data\raw\WPTT2.0-Test\097-P17.wptt,97,Train,097-P17
F:\PycharmProjects\DeepWriterID-v2\\data\raw\WPTT2.0-Test\097-P18.wptt,97,Train,097-P18
F:\PycharmProjects\DeepWriterID-v2\\data\raw\WPTT2.0-Test\097-P19.wptt,97,Test,097-P19
F:\PycharmProjects\DeepWriterID-v2\\data\raw\WPTT2.0-Test\097-P20.wptt,97,Train,097-P20
F:\PycharmProjects\DeepWriterID-v2\\data\raw\WPTT2.0-Test\156-P16.wptt,156,Train,156-P16
F:\PycharmProjects\DeepWriterID-v2\\data\raw\WPTT2.0-Test\156-P17.wptt,156,Train,156-P17
F:\PycharmProjects\DeepWriterID-v2\\data\raw\WPTT2.0-Test\156-P18.wptt,156,Train,156-P18
F:\PycharmProjects\DeepWriterID-v2\\data\raw\WPTT2.0-Test\156-P19.wptt,156,Train,156-P19
F:\PycharmProjects\DeepWriterID-v2\\data\raw\WPTT2.0-Test\156-P20.wptt,156,Test,156-P20
F:\PycharmProjects\DeepWriterID-v2\\data\raw\WPTT2.0-Test\157-P16.wptt,157,Train,157-P16
F:\PycharmProjects\DeepWriterID-v2\\data\raw\WPTT2.0-Test\157-P17.wptt,157,Test,157-P17
F:\PycharmProjects\DeepWriterID-v2\\data\raw\WPTT2.0-Test\157-P18.wptt,157,Train,157-P18
F:\PycharmProjects\DeepWriterID-v2\\data\raw\WPTT2.0-Test\157-P19.wptt,157,Train,157-P19
F:\PycharmProjects\DeepWriterID-v2\\data\raw\WPTT2.0-Test\157-P20.wptt,157,Train,157-P20
F:\PycharmProjects\DeepWriterID-v2\\data\raw\WPTT2.0-Test\158-P16.wptt,158,Test,158-P16
F:\PycharmProjects\DeepWriterID-v2\\data\raw\WPTT2.0-Test\158-P17.wptt,158,Train,158-P17
F:\PycharmProjects\DeepWriterID-v2\\data\raw\WPTT2.0-Test\158-P18.wptt,158,Train,158-P18
F:\PycharmProjects\DeepWriterID-v2\\data\raw\WPTT2.0-Test\158-P19.wptt,158,Train,158-P19
F:\PycharmProjects\DeepWriterID-v2\\data\raw\WPTT2.0-Test\158-P20.wptt,158,Train,158-P20
F:\PycharmProjects\DeepWriterID-v2\\data\raw\WPTT2.0-Test\160-P16.wptt,160,Train,160-P16
F:\PycharmProjects\DeepWriterID-v2\\data\raw\WPTT2.0-Test\160-P17.wptt,160,Train,160-P17
F:\PycharmProjects\DeepWriterID-v2\\data\raw\WPTT2.0-Test\160-P18.wptt,160,Test,160-P18
F:\PycharmProjects\DeepWriterID-v2\\data\raw\WPTT2.0-Test\160-P19.wptt,160,Train,160-P19
F:\PycharmProjects\DeepWriterID-v2\\data\raw\WPTT2.0-Test\160-P20.wptt,160,Train,160-P20
F:\PycharmProjects\DeepWriterID-v2\\data\raw\WPTT2.0-Test\168-P16.wptt,168,Test,168-P16
F:\PycharmProjects\DeepWriterID-v2\\data\raw\WPTT2.0-Test\168-P17.wptt,168,Train,168-P17
F:\PycharmProjects\DeepWriterID-v2\\data\raw\WPTT2.0-Test\168-P18.wptt,168,Train,168-P18
F:\PycharmProjects\DeepWriterID-v2\\data\raw\WPTT2.0-Test\168-P19.wptt,168,Train,168-P19
F:\PycharmProjects\DeepWriterID-v2\\data\raw\WPTT2.0-Test\168-P20.wptt,168,Train,168-P20
F:\PycharmProjects\DeepWriterID-v2\\data\raw\WPTT2.0-Test\169-P16.wptt,169,Test,169-P16
F:\PycharmProjects\DeepWriterID-v2\\data\raw\WPTT2.0-Test\169-P17.wptt,169,Train,169-P17
F:\PycharmProjects\DeepWriterID-v2\\data\raw\WPTT2.0-Test\169-P18.wptt,169,Train,169-P18
F:\PycharmProjects\DeepWriterID-v2\\data\raw\WPTT2.0-Test\169-P19.wptt,169,Train,169-P19
F:\PycharmProjects\DeepWriterID-v2\\data\raw\WPTT2.0-Test\169-P20.wptt,169,Train,169-P20
F:\PycharmProjects\DeepWriterID-v2\\data\raw\WPTT2.0-Test\172-P16.wptt,172,Train,172-P16
F:\PycharmProjects\DeepWriterID-v2\\data\raw\WPTT2.0-Test\172-P17.wptt,172,Train,172-P17
F:\PycharmProjects\DeepWriterID-v2\\data\raw\WPTT2.0-Test\172-P18.wptt,172,Train,172-P18
F:\PycharmProjects\DeepWriterID-v2\\data\raw\WPTT2.0-Test\172-P19.wptt,172,Test,172-P19
F:\PycharmProjects\DeepWriterID-v2\\data\raw\WPTT2.0-Test\172-P20.wptt,172,Train,172-P20
F:\PycharmProjects\DeepWriterID-v2\\data\raw\WPTT2.0-Test\173-P16.wptt,173,Train,173-P16
F:\PycharmProjects\DeepWriterID-v2\\data\raw\WPTT2.0-Test\173-P17.wptt,173,Test,173-P17
F:\PycharmProjects\DeepWriterID-v2\\data\raw\WPTT2.0-Test\173-P18.wptt,173,Train,173-P18
F:\PycharmProjects\DeepWriterID-v2\\data\raw\WPTT2.0-Test\173-P19.wptt,173,Train,173-P19
F:\PycharmProjects\DeepWriterID-v2\\data\raw\WPTT2.0-Test\173-P20.wptt,173,Train,173-P20
F:\PycharmProjects\DeepWriterID-v2\\data\raw\WPTT2.0-Test\181-P16.wptt,181,Train,181-P16
F:\PycharmProjects\DeepWriterID-v2\\data\raw\WPTT2.0-Test\181-P17.wptt,181,Train,181-P17
F:\PycharmProjects\DeepWriterID-v2\\data\raw\WPTT2.0-Test\181-P18.wptt,181,Train,181-P18
F:\PycharmProjects\DeepWriterID-v2\\data\raw\WPTT2.0-Test\181-P19.wptt,181,Test,181-P19
F:\PycharmProjects\DeepWriterID-v2\\data\raw\WPTT2.0-Test\181-P20.wptt,181,Train,181-P20
F:\PycharmProjects\DeepWriterID-v2\\data\raw\WPTT2.0-Test\187-P16.wptt,187,Train,187-P16
F:\PycharmProjects\DeepWriterID-v2\\data\raw\WPTT2.0-Test\187-P17.wptt,187,Test,187-P17
F:\PycharmProjects\DeepWriterID-v2\\data\raw\WPTT2.0-Test\187-P18.wptt,187,Train,187-P18
F:\PycharmProjects\DeepWriterID-v2\\data\raw\WPTT2.0-Test\187-P19.wptt,187,Train,187-P19
F:\PycharmProjects\DeepWriterID-v2\\data\raw\WPTT2.0-Test\187-P20.wptt,187,Train,187-P20
F:\PycharmProjects\DeepWriterID-v2\\data\raw\WPTT2.0-Test\189-P16.wptt,189,Train,189-P16
F:\PycharmProjects\DeepWriterID-v2\\data\raw\WPTT2.0-Test\189-P17.wptt,189,Train,189-P17
F:\PycharmProjects\DeepWriterID-v2\\data\raw\WPTT2.0-Test\189-P18.wptt,189,Test,189-P18
F:\PycharmProjects\DeepWriterID-v2\\data\raw\WPTT2.0-Test\189-P19.wptt,189,Train,189-P19
F:\PycharmProjects\DeepWriterID-v2\\data\raw\WPTT2.0-Test\189-P20.wptt,189,Train,189-P20
F:\PycharmProjects\DeepWriterID-v2\\data\raw\WPTT2.0-Test\193-P16.wptt,193,Train,193-P16
F:\PycharmProjects\DeepWriterID-v2\\data\raw\WPTT2.0-Test\193-P17.wptt,193,Train,193-P17
F:\PycharmProjects\DeepWriterID-v2\\data\raw\WPTT2.0-Test\193-P18.wptt,193,Test,193-P18
F:\PycharmProjects\DeepWriterID-v2\\data\raw\WPTT2.0-Test\193-P19.wptt,193,Train,193-P19
F:\PycharmProjects\DeepWriterID-v2\\data\raw\WPTT2.0-Test\193-P20.wptt,193,Train,193-P20
F:\PycharmProjects\DeepWriterID-v2\\data\raw\WPTT2.0-Test\194-P16.wptt,194,Train,194-P16
F:\PycharmProjects\DeepWriterID-v2\\data\raw\WPTT2.0-Test\194-P17.wptt,194,Train,194-P17
F:\PycharmProjects\DeepWriterID-v2\\data\raw\WPTT2.0-Test\194-P18.wptt,194,Train,194-P18
F:\PycharmProjects\DeepWriterID-v2\\data\raw\WPTT2.0-Test\194-P19.wptt,194,Test,194-P19
F:\PycharmProjects\DeepWriterID-v2\\data\raw\WPTT2.0-Test\194-P20.wptt,194,Train,194-P20
F:\PycharmProjects\DeepWriterID-v2\\data\raw\WPTT2.0-Test\195-P16.wptt,195,Train,195-P16
F:\PycharmProjects\DeepWriterID-v2\\data\raw\WPTT2.0-Test\195-P17.wptt,195,Train,195-P17
F:\PycharmProjects\DeepWriterID-v2\\data\raw\WPTT2.0-Test\195-P18.wptt,195,Train,195-P18
F:\PycharmProjects\DeepWriterID-v2\\data\raw\WPTT2.0-Test\195-P19.wptt,195,Test,195-P19
F:\PycharmProjects\DeepWriterID-v2\\data\raw\WPTT2.0-Test\195-P20.wptt,195,Train,195-P20
F:\PycharmProjects\DeepWriterID-v2\\data\raw\WPTT2.0-Test\202-P16.wptt,202,Train,202-P16
F:\PycharmProjects\DeepWriterID-v2\\data\raw\WPTT2.0-Test\202-P17.wptt,202,Train,202-P17
F:\PycharmProjects\DeepWriterID-v2\\data\raw\WPTT2.0-Test\202-P18.wptt,202,Train,202-P18
F:\PycharmProjects\DeepWriterID-v2\\data\raw\WPTT2.0-Test\202-P19.wptt,202,Test,202-P19
F:\PycharmProjects\DeepWriterID-v2\\data\raw\WPTT2.0-Test\202-P20.wptt,202,Train,202-P20
F:\PycharmProjects\DeepWriterID-v2\\data\raw\WPTT2.0-Test\205-P16.wptt,205,Train,205-P16
F:\PycharmProjects\DeepWriterID-v2\\data\raw\WPTT2.0-Test\205-P17.wptt,205,Train,205-P17
F:\PycharmProjects\DeepWriterID-v2\\data\raw\WPTT2.0-Test\205-P18.wptt,205,Train,205-P18
F:\PycharmProjects\DeepWriterID-v2\\data\raw\WPTT2.0-Test\205-P19.wptt,205,Train,205-P19
F:\PycharmProjects\DeepWriterID-v2\\data\raw\WPTT2.0-Test\205-P20.wptt,205,Test,205-P20
F:\PycharmProjects\DeepWriterID-v2\\data\raw\WPTT2.0-Test\213-P16.wptt,213,Train,213-P16
F:\PycharmProjects\DeepWriterID-v2\\data\raw\WPTT2.0-Test\213-P17.wptt,213,Test,213-P17
F:\PycharmProjects\DeepWriterID-v2\\data\raw\WPTT2.0-Test\213-P18.wptt,213,Train,213-P18
F:\PycharmProjects\DeepWriterID-v2\\data\raw\WPTT2.0-Test\213-P19.wptt,213,Train,213-P19
F:\PycharmProjects\DeepWriterID-v2\\data\raw\WPTT2.0-Test\213-P20.wptt,213,Train,213-P20
F:\PycharmProjects\DeepWriterID-v2\\data\raw\WPTT2.0-Test\219-P16.wptt,219,Train,219-P16
F:\PycharmProjects\DeepWriterID-v2\\data\raw\WPTT2.0-Test\219-P17.wptt,219,Train,219-P17
F:\PycharmProjects\DeepWriterID-v2\\data\raw\WPTT2.0-Test\219-P18.wptt,219,Train,219-P18
F:\PycharmProjects\DeepWriterID-v2\\data\raw\WPTT2.0-Test\219-P19.wptt,219,Train,219-P19
F:\PycharmProjects\DeepWriterID-v2\\data\raw\WPTT2.0-Test\219-P20.wptt,219,Test,219-P20
F:\PycharmProjects\DeepWriterID-v2\\data\raw\WPTT2.0-Test\226-P16.wptt,226,Train,226-P16
F:\PycharmProjects\DeepWriterID-v2\\data\raw\WPTT2.0-Test\226-P17.wptt,226,Test,226-P17
F:\PycharmProjects\DeepWriterID-v2\\data\raw\WPTT2.0-Test\226-P18.wptt,226,Train,226-P18
F:\PycharmProjects\DeepWriterID-v2\\data\raw\WPTT2.0-Test\226-P19.wptt,226,Train,226-P19
F:\PycharmProjects\DeepWriterID-v2\\data\raw\WPTT2.0-Test\226-P20.wptt,226,Train,226-P20
F:\PycharmProjects\DeepWriterID-v2\\data\raw\WPTT2.0-Test\229-P16.wptt,229,Test,229-P16
F:\PycharmProjects\DeepWriterID-v2\\data\raw\WPTT2.0-Test\229-P17.wptt,229,Train,229-P17
F:\PycharmProjects\DeepWriterID-v2\\data\raw\WPTT2.0-Test\229-P18.wptt,229,Train,229-P18
F:\PycharmProjects\DeepWriterID-v2\\data\raw\WPTT2.0-Test\229-P19.wptt,229,Train,229-P19
F:\PycharmProjects\DeepWriterID-v2\\data\raw\WPTT2.0-Test\229-P20.wptt,229,Train,229-P20
F:\PycharmProjects\DeepWriterID-v2\\data\raw\WPTT2.0-Test\235-P16.wptt,235,Train,235-P16
F:\PycharmProjects\DeepWriterID-v2\\data\raw\WPTT2.0-Test\235-P17.wptt,235,Test,235-P17
F:\PycharmProjects\DeepWriterID-v2\\data\raw\WPTT2.0-Test\235-P18.wptt,235,Train,235-P18
F:\PycharmProjects\DeepWriterID-v2\\data\raw\WPTT2.0-Test\235-P19.wptt,235,Train,235-P19
F:\PycharmProjects\DeepWriterID-v2\\data\raw\WPTT2.0-Test\235-P20.wptt,235,Train,235-P20
F:\PycharmProjects\DeepWriterID-v2\\data\raw\WPTT2.0-Test\240-P16.wptt,240,Test,240-P16
F:\PycharmProjects\DeepWriterID-v2\\data\raw\WPTT2.0-Test\240-P17.wptt,240,Train,240-P17
F:\PycharmProjects\DeepWriterID-v2\\data\raw\WPTT2.0-Test\240-P18.wptt,240,Train,240-P18
F:\PycharmProjects\DeepWriterID-v2\\data\raw\WPTT2.0-Test\240-P19.wptt,240,Train,240-P19
F:\PycharmProjects\DeepWriterID-v2\\data\raw\WPTT2.0-Test\240-P20.wptt,240,Train,240-P20
F:\PycharmProjects\DeepWriterID-v2\\data\raw\WPTT2.0-Test\241-P16.wptt,241,Train,241-P16
F:\PycharmProjects\DeepWriterID-v2\\data\raw\WPTT2.0-Test\241-P17.wptt,241,Train,241-P17
F:\PycharmProjects\DeepWriterID-v2\\data\raw\WPTT2.0-Test\241-P18.wptt,241,Train,241-P18
F:\PycharmProjects\DeepWriterID-v2\\data\raw\WPTT2.0-Test\241-P19.wptt,241,Test,241-P19
F:\PycharmProjects\DeepWriterID-v2\\data\raw\WPTT2.0-Test\241-P20.wptt,241,Train,241-P20
F:\PycharmProjects\DeepWriterID-v2\\data\raw\WPTT2.0-Test\242-P16.wptt,242,Test,242-P16
F:\PycharmProjects\DeepWriterID-v2\\data\raw\WPTT2.0-Test\242-P17.wptt,242,Train,242-P17
F:\PycharmProjects\DeepWriterID-v2\\data\raw\WPTT2.0-Test\242-P18.wptt,242,Train,242-P18
F:\PycharmProjects\DeepWriterID-v2\\data\raw\WPTT2.0-Test\242-P19.wptt,242,Train,242-P19
F:\PycharmProjects\DeepWriterID-v2\\data\raw\WPTT2.0-Test\242-P20.wptt,242,Train,242-P20
F:\PycharmProjects\DeepWriterID-v2\\data\raw\WPTT2.0-Test\246-P16.wptt,246,Train,246-P16
F:\PycharmProjects\DeepWriterID-v2\\data\raw\WPTT2.0-Test\246-P17.wptt,246,Train,246-P17
F:\PycharmProjects\DeepWriterID-v2\\data\raw\WPTT2.0-Test\246-P18.wptt,246,Train,246-P18
F:\PycharmProjects\DeepWriterID-v2\\data\raw\WPTT2.0-Test\246-P19.wptt,246,Train,246-P19
F:\PycharmProjects\DeepWriterID-v2\\data\raw\WPTT2.0-Test\246-P20.wptt,246,Test,246-P20
F:\PycharmProjects\DeepWriterID-v2\\data\raw\WPTT2.0-Test\248-P16.wptt,248,Train,248-P16
F:\PycharmProjects\DeepWriterID-v2\\data\raw\WPTT2.0-Test\248-P17.wptt,248,Train,248-P17
F:\PycharmProjects\DeepWriterID-v2\\data\raw\WPTT2.0-Test\248-P18.wptt,248,Test,248-P18
F:\PycharmProjects\DeepWriterID-v2\\data\raw\WPTT2.0-Test\248-P19.wptt,248,Train,248-P19
F:\PycharmProjects\DeepWriterID-v2\\data\raw\WPTT2.0-Test\248-P20.wptt,248,Train,248-P20
F:\PycharmProjects\DeepWriterID-v2\\data\raw\WPTT2.0-Test\250-P16.wptt,250,Train,250-P16
F:\PycharmProjects\DeepWriterID-v2\\data\raw\WPTT2.0-Test\250-P17.wptt,250,Train,250-P17
F:\PycharmProjects\DeepWriterID-v2\\data\raw\WPTT2.0-Test\250-P18.wptt,250,Test,250-P18
F:\PycharmProjects\DeepWriterID-v2\\data\raw\WPTT2.0-Test\250-P19.wptt,250,Train,250-P19
F:\PycharmProjects\DeepWriterID-v2\\data\raw\WPTT2.0-Test\250-P20.wptt,250,Train,250-P20
F:\PycharmProjects\DeepWriterID-v2\\data\raw\WPTT2.0-Test\253-P16.wptt,253,Train,253-P16
F:\PycharmProjects\DeepWriterID-v2\\data\raw\WPTT2.0-Test\253-P17.wptt,253,Train,253-P17
F:\PycharmProjects\DeepWriterID-v2\\data\raw\WPTT2.0-Test\253-P18.wptt,253,Train,253-P18
F:\PycharmProjects\DeepWriterID-v2\\data\raw\WPTT2.0-Test\253-P19.wptt,253,Test,253-P19
F:\PycharmProjects\DeepWriterID-v2\\data\raw\WPTT2.0-Test\253-P20.wptt,253,Train,253-P20
F:\PycharmProjects\DeepWriterID-v2\\data\raw\WPTT2.0-Test\254-P16.wptt,254,Test,254-P16
F:\PycharmProjects\DeepWriterID-v2\\data\raw\WPTT2.0-Test\254-P17.wptt,254,Train,254-P17
F:\PycharmProjects\DeepWriterID-v2\\data\raw\WPTT2.0-Test\254-P18.wptt,254,Train,254-P18
F:\PycharmProjects\DeepWriterID-v2\\data\raw\WPTT2.0-Test\254-P19.wptt,254,Train,254-P19
F:\PycharmProjects\DeepWriterID-v2\\data\raw\WPTT2.0-Test\254-P20.wptt,254,Train,254-P20
F:\PycharmProjects\DeepWriterID-v2\\data\raw\WPTT2.0-Test\256-P16.wptt,256,Train,256-P16
F:\PycharmProjects\DeepWriterID-v2\\data\raw\WPTT2.0-Test\256-P17.wptt,256,Test,256-P17
F:\PycharmProjects\DeepWriterID-v2\\data\raw\WPTT2.0-Test\256-P18.wptt,256,Train,256-P18
F:\PycharmProjects\DeepWriterID-v2\\data\raw\WPTT2.0-Test\256-P19.wptt,256,Train,256-P19
F:\PycharmProjects\DeepWriterID-v2\\data\raw\WPTT2.0-Test\256-P20.wptt,256,Train,256-P20
F:\PycharmProjects\DeepWriterID-v2\\data\raw\WPTT2.0-Test\265-P16.wptt,265,Test,265-P16
F:\PycharmProjects\DeepWriterID-v2\\data\raw\WPTT2.0-Test\265-P17.wptt,265,Train,265-P17
F:\PycharmProjects\DeepWriterID-v2\\data\raw\WPTT2.0-Test\265-P18.wptt,265,Train,265-P18
F:\PycharmProjects\DeepWriterID-v2\\data\raw\WPTT2.0-Test\265-P19.wptt,265,Train,265-P19
F:\PycharmProjects\DeepWriterID-v2\\data\raw\WPTT2.0-Test\265-P20.wptt,265,Train,265-P20
F:\PycharmProjects\DeepWriterID-v2\\data\raw\WPTT2.0-Test\268-P16.wptt,268,Train,268-P16
F:\PycharmProjects\DeepWriterID-v2\\data\raw\WPTT2.0-Test\268-P17.wptt,268,Train,268-P17
F:\PycharmProjects\DeepWriterID-v2\\data\raw\WPTT2.0-Test\268-P18.wptt,268,Train,268-P18
F:\PycharmProjects\DeepWriterID-v2\\data\raw\WPTT2.0-Test\268-P19.wptt,268,Train,268-P19
F:\PycharmProjects\DeepWriterID-v2\\data\raw\WPTT2.0-Test\268-P20.wptt,268,Test,268-P20
F:\PycharmProjects\DeepWriterID-v2\\data\raw\WPTT2.0-Test\276-P16.wptt,276,Train,276-P16
F:\PycharmProjects\DeepWriterID-v2\\data\raw\WPTT2.0-Test\276-P17.wptt,276,Train,276-P17
F:\PycharmProjects\DeepWriterID-v2\\data\raw\WPTT2.0-Test\276-P18.wptt,276,Train,276-P18
F:\PycharmProjects\DeepWriterID-v2\\data\raw\WPTT2.0-Test\276-P19.wptt,276,Test,276-P19
F:\PycharmProjects\DeepWriterID-v2\\data\raw\WPTT2.0-Test\276-P20.wptt,276,Train,276-P20
F:\PycharmProjects\DeepWriterID-v2\\data\raw\WPTT2.0-Test\278-P16.wptt,278,Train,278-P16
F:\PycharmProjects\DeepWriterID-v2\\data\raw\WPTT2.0-Test\278-P17.wptt,278,Train,278-P17
F:\PycharmProjects\DeepWriterID-v2\\data\raw\WPTT2.0-Test\278-P18.wptt,278,Train,278-P18
F:\PycharmProjects\DeepWriterID-v2\\data\raw\WPTT2.0-Test\278-P19.wptt,278,Train,278-P19
F:\PycharmProjects\DeepWriterID-v2\\data\raw\WPTT2.0-Test\278-P20.wptt,278,Test,278-P20
F:\PycharmProjects\DeepWriterID-v2\\data\raw\WPTT2.0-Test\282-P16.wptt,282,Train,282-P16
F:\PycharmProjects\DeepWriterID-v2\\data\raw\WPTT2.0-Test\282-P17.wptt,282,Train,282-P17
F:\PycharmProjects\DeepWriterID-v2\\data\raw\WPTT2.0-Test\282-P18.wptt,282,Train,282-P18
F:\PycharmProjects\DeepWriterID-v2\\data\raw\WPTT2.0-Test\282-P19.wptt,282,Train,282-P19
F:\PycharmProjects\DeepWriterID-v2\\data\raw\WPTT2.0-Test\282-P20.wptt,282,Test,282-P20
F:\PycharmProjects\DeepWriterID-v2\\data\raw\WPTT2.0-Test\293-P16.wptt,293,Train,293-P16
F:\PycharmProjects\DeepWriterID-v2\\data\raw\WPTT2.0-Test\293-P17.wptt,293,Test,293-P17
F:\PycharmProjects\DeepWriterID-v2\\data\raw\WPTT2.0-Test\293-P18.wptt,293,Train,293-P18
F:\PycharmProjects\DeepWriterID-v2\\data\raw\WPTT2.0-Test\293-P19.wptt,293,Train,293-P19
F:\PycharmProjects\DeepWriterID-v2\\data\raw\WPTT2.0-Test\293-P20.wptt,293,Train,293-P20
F:\PycharmProjects\DeepWriterID-v2\\data\raw\WPTT2.0-Test\297-P16.wptt,297,Train,297-P16
F:\PycharmProjects\DeepWriterID-v2\\data\raw\WPTT2.0-Test\297-P17.wptt,297,Train,297-P17
F:\PycharmProjects\DeepWriterID-v2\\data\raw\WPTT2.0-Test\297-P18.wptt,297,Test,297-P18
F:\PycharmProjects\DeepWriterID-v2\\data\raw\WPTT2.0-Test\297-P19.wptt,297,Train,297-P19
F:\PycharmProjects\DeepWriterID-v2\\data\raw\WPTT2.0-Test\297-P20.wptt,297,Train,297-P20
F:\PycharmProjects\DeepWriterID-v2\\data\raw\WPTT2.0-Test\300-P16.wptt,300,Train,300-P16
F:\PycharmProjects\DeepWriterID-v2\\data\raw\WPTT2.0-Test\300-P17.wptt,300,Test,300-P17
F:\PycharmProjects\DeepWriterID-v2\\data\raw\WPTT2.0-Test\300-P18.wptt,300,Train,300-P18
F:\PycharmProjects\DeepWriterID-v2\\data\raw\WPTT2.0-Test\300-P19.wptt,300,Train,300-P19
F:\PycharmProjects\DeepWriterID-v2\\data\raw\WPTT2.0-Test\300-P20.wptt,300,Train,300-P20
F:\PycharmProjects\DeepWriterID-v2\\data\raw\WPTT2.0-Test\302-P16.wptt,302,Train,302-P16
F:\PycharmProjects\DeepWriterID-v2\\data\raw\WPTT2.0-Test\302-P17.wptt,302,Train,302-P17
F:\PycharmProjects\DeepWriterID-v2\\data\raw\WPTT2.0-Test\302-P18.wptt,302,Train,302-P18
F:\PycharmProjects\DeepWriterID-v2\\data\raw\WPTT2.0-Test\302-P19.wptt,302,Train,302-P19
F:\PycharmProjects\DeepWriterID-v2\\data\raw\WPTT2.0-Test\302-P20.wptt,302,Test,302-P20
F:\PycharmProjects\DeepWriterID-v2\\data\raw\WPTT2.0-Test\317-P16.wptt,317,Train,317-P16
F:\PycharmProjects\DeepWriterID-v2\\data\raw\WPTT2.0-Test\317-P17.wptt,317,Train,317-P17
F:\PycharmProjects\DeepWriterID-v2\\data\raw\WPTT2.0-Test\317-P18.wptt,317,Test,317-P18
F:\PycharmProjects\DeepWriterID-v2\\data\raw\WPTT2.0-Test\317-P19.wptt,317,Train,317-P19
F:\PycharmProjects\DeepWriterID-v2\\data\raw\WPTT2.0-Test\317-P20.wptt,317,Train,317-P20
F:\PycharmProjects\DeepWriterID-v2\\data\raw\WPTT2.0-Test\326-P16.wptt,326,Train,326-P16
F:\PycharmProjects\DeepWriterID-v2\\data\raw\WPTT2.0-Test\326-P17.wptt,326,Train,326-P17
F:\PycharmProjects\DeepWriterID-v2\\data\raw\WPTT2.0-Test\326-P18.wptt,326,Train,326-P18
F:\PycharmProjects\DeepWriterID-v2\\data\raw\WPTT2.0-Test\326-P19.wptt,326,Train,326-P19
F:\PycharmProjects\DeepWriterID-v2\\data\raw\WPTT2.0-Test\326-P20.wptt,326,Test,326-P20
F:\PycharmProjects\DeepWriterID-v2\\data\raw\WPTT2.0-Test\341-P16.wptt,341,Train,341-P16
F:\PycharmProjects\DeepWriterID-v2\\data\raw\WPTT2.0-Test\341-P17.wptt,341,Test,341-P17
F:\PycharmProjects\DeepWriterID-v2\\data\raw\WPTT2.0-Test\341-P18.wptt,341,Train,341-P18
F:\PycharmProjects\DeepWriterID-v2\\data\raw\WPTT2.0-Test\341-P19.wptt,341,Train,341-P19
F:\PycharmProjects\DeepWriterID-v2\\data\raw\WPTT2.0-Test\341-P20.wptt,341,Train,341-P20
F:\PycharmProjects\DeepWriterID-v2\\data\raw\WPTT2.0-Test\345-P16.wptt,345,Train,345-P16
F:\PycharmProjects\DeepWriterID-v2\\data\raw\WPTT2.0-Test\345-P17.wptt,345,Train,345-P17
F:\PycharmProjects\DeepWriterID-v2\\data\raw\WPTT2.0-Test\345-P18.wptt,345,Test,345-P18
F:\PycharmProjects\DeepWriterID-v2\\data\raw\WPTT2.0-Test\345-P19.wptt,345,Train,345-P19
F:\PycharmProjects\DeepWriterID-v2\\data\raw\WPTT2.0-Test\345-P20.wptt,345,Train,345-P20
F:\PycharmProjects\DeepWriterID-v2\\data\raw\WPTT2.0-Test\351-P16.wptt,351,Train,351-P16
F:\PycharmProjects\DeepWriterID-v2\\data\raw\WPTT2.0-Test\351-P17.wptt,351,Test,351-P17
F:\PycharmProjects\DeepWriterID-v2\\data\raw\WPTT2.0-Test\351-P18.wptt,351,Train,351-P18
F:\PycharmProjects\DeepWriterID-v2\\data\raw\WPTT2.0-Test\351-P19.wptt,351,Train,351-P19
F:\PycharmProjects\DeepWriterID-v2\\data\raw\WPTT2.0-Test\351-P20.wptt,351,Train,351-P20
F:\PycharmProjects\DeepWriterID-v2\\data\raw\WPTT2.0-Test\361-P16.wptt,361,Train,361-P16
F:\PycharmProjects\DeepWriterID-v2\\data\raw\WPTT2.0-Test\361-P17.wptt,361,Train,361-P17
F:\PycharmProjects\DeepWriterID-v2\\data\raw\WPTT2.0-Test\361-P18.wptt,361,Train,361-P18
F:\PycharmProjects\DeepWriterID-v2\\data\raw\WPTT2.0-Test\361-P19.wptt,361,Test,361-P19
F:\PycharmProjects\DeepWriterID-v2\\data\raw\WPTT2.0-Test\361-P20.wptt,361,Train,361-P20
F:\PycharmProjects\DeepWriterID-v2\\data\raw\WPTT2.0-Test\371-P16.wptt,371,Train,371-P16
F:\PycharmProjects\DeepWriterID-v2\\data\raw\WPTT2.0-Test\371-P17.wptt,371,Train,371-P17
F:\PycharmProjects\DeepWriterID-v2\\data\raw\WPTT2.0-Test\371-P18.wptt,371,Train,371-P18
F:\PycharmProjects\DeepWriterID-v2\\data\raw\WPTT2.0-Test\371-P19.wptt,371,Train,371-P19
F:\PycharmProjects\DeepWriterID-v2\\data\raw\WPTT2.0-Test\371-P20.wptt,371,Test,371-P20
F:\PycharmProjects\DeepWriterID-v2\\data\raw\WPTT2.0-Test\376-P16.wptt,376,Train,376-P16
F:\PycharmProjects\DeepWriterID-v2\\data\raw\WPTT2.0-Test\376-P17.wptt,376,Train,376-P17
F:\PycharmProjects\DeepWriterID-v2\\data\raw\WPTT2.0-Test\376-P18.wptt,376,Train,376-P18
F:\PycharmProjects\DeepWriterID-v2\\data\raw\WPTT2.0-Test\376-P19.wptt,376,Train,376-P19
F:\PycharmProjects\DeepWriterID-v2\\data\raw\WPTT2.0-Test\376-P20.wptt,376,Test,376-P20
F:\PycharmProjects\DeepWriterID-v2\\data\raw\WPTT2.0-Test\377-P16.wptt,377,Train,377-P16
F:\PycharmProjects\DeepWriterID-v2\\data\raw\WPTT2.0-Test\377-P17.wptt,377,Train,377-P17
F:\PycharmProjects\DeepWriterID-v2\\data\raw\WPTT2.0-Test\377-P18.wptt,377,Test,377-P18
F:\PycharmProjects\DeepWriterID-v2\\data\raw\WPTT2.0-Test\377-P19.wptt,377,Train,377-P19
F:\PycharmProjects\DeepWriterID-v2\\data\raw\WPTT2.0-Test\377-P20.wptt,377,Train,377-P20
F:\PycharmProjects\DeepWriterID-v2\\data\raw\WPTT2.0-Test\382-P16.wptt,382,Train,382-P16
F:\PycharmProjects\DeepWriterID-v2\\data\raw\WPTT2.0-Test\382-P17.wptt,382,Train,382-P17
F:\PycharmProjects\DeepWriterID-v2\\data\raw\WPTT2.0-Test\382-P18.wptt,382,Train,382-P18
F:\PycharmProjects\DeepWriterID-v2\\data\raw\WPTT2.0-Test\382-P19.wptt,382,Train,382-P19
F:\PycharmProjects\DeepWriterID-v2\\data\raw\WPTT2.0-Test\382-P20.wptt,382,Test,382-P20
F:\PycharmProjects\DeepWriterID-v2\\data\raw\WPTT2.0-Test\386-P16.wptt,386,Train,386-P16
F:\PycharmProjects\DeepWriterID-v2\\data\raw\WPTT2.0-Test\386-P17.wptt,386,Test,386-P17
F:\PycharmProjects\DeepWriterID-v2\\data\raw\WPTT2.0-Test\386-P18.wptt,386,Train,386-P18
F:\PycharmProjects\DeepWriterID-v2\\data\raw\WPTT2.0-Test\386-P19.wptt,386,Train,386-P19
F:\PycharmProjects\DeepWriterID-v2\\data\raw\WPTT2.0-Test\386-P20.wptt,386,Train,386-P20
F:\PycharmProjects\DeepWriterID-v2\\data\raw\WPTT2.0-Test\391-P16.wptt,391,Train,391-P16
F:\PycharmProjects\DeepWriterID-v2\\data\raw\WPTT2.0-Test\391-P17.wptt,391,Train,391-P17
F:\PycharmProjects\DeepWriterID-v2\\data\raw\WPTT2.0-Test\391-P18.wptt,391,Train,391-P18
F:\PycharmProjects\DeepWriterID-v2\\data\raw\WPTT2.0-Test\391-P19.wptt,391,Test,391-P19
F:\PycharmProjects\DeepWriterID-v2\\data\raw\WPTT2.0-Test\391-P20.wptt,391,Train,391-P20
F:\PycharmProjects\DeepWriterID-v2\\data\raw\WPTT2.0-Test\394-P14.wptt,394,Test,394-P14
F:\PycharmProjects\DeepWriterID-v2\\data\raw\WPTT2.0-Test\394-P15.wptt,394,Train,394-P15
F:\PycharmProjects\DeepWriterID-v2\\data\raw\WPTT2.0-Test\394-P18.wptt,394,Train,394-P18
F:\PycharmProjects\DeepWriterID-v2\\data\raw\WPTT2.0-Test\394-P19.wptt,394,Train,394-P19
F:\PycharmProjects\DeepWriterID-v2\\data\raw\WPTT2.0-Test\394-P20.wptt,394,Train,394-P20
F:\PycharmProjects\DeepWriterID-v2\\data\raw\WPTT2.0-Test\396-P16.wptt,396,Train,396-P16
F:\PycharmProjects\DeepWriterID-v2\\data\raw\WPTT2.0-Test\396-P17.wptt,396,Train,396-P17
F:\PycharmProjects\DeepWriterID-v2\\data\raw\WPTT2.0-Test\396-P18.wptt,396,Test,396-P18
F:\PycharmProjects\DeepWriterID-v2\\data\raw\WPTT2.0-Test\396-P19.wptt,396,Train,396-P19
F:\PycharmProjects\DeepWriterID-v2\\data\raw\WPTT2.0-Test\396-P20.wptt,396,Train,396-P20
F:\PycharmProjects\DeepWriterID-v2\\data\raw\WPTT2.0-Test\398-P16.wptt,398,Train,398-P16
F:\PycharmProjects\DeepWriterID-v2\\data\raw\WPTT2.0-Test\398-P17.wptt,398,Test,398-P17
F:\PycharmProjects\DeepWriterID-v2\\data\raw\WPTT2.0-Test\398-P18.wptt,398,Train,398-P18
F:\PycharmProjects\DeepWriterID-v2\\data\raw\WPTT2.0-Test\398-P19.wptt,398,Train,398-P19
F:\PycharmProjects\DeepWriterID-v2\\data\raw\WPTT2.0-Test\398-P20.wptt,398,Train,398-P20
F:\PycharmProjects\DeepWriterID-v2\\data\raw\WPTT2.0-Test\400-P16.wptt,400,Train,400-P16
F:\PycharmProjects\DeepWriterID-v2\\data\raw\WPTT2.0-Test\400-P17.wptt,400,Train,400-P17
F:\PycharmProjects\DeepWriterID-v2\\data\raw\WPTT2.0-Test\400-P18.wptt,400,Test,400-P18
F:\PycharmProjects\DeepWriterID-v2\\data\raw\WPTT2.0-Test\400-P19.wptt,400,Train,400-P19
F:\PycharmProjects\DeepWriterID-v2\\data\raw\WPTT2.0-Test\400-P20.wptt,400,Train,400-P20
F:\PycharmProjects\DeepWriterID-v2\\data\raw\WPTT2.0-Test\410-P16.wptt,410,Test,410-P16
F:\PycharmProjects\DeepWriterID-v2\\data\raw\WPTT2.0-Test\410-P17.wptt,410,Train,410-P17
F:\PycharmProjects\DeepWriterID-v2\\data\raw\WPTT2.0-Test\410-P18.wptt,410,Train,410-P18
F:\PycharmProjects\DeepWriterID-v2\\data\raw\WPTT2.0-Test\410-P19.wptt,410,Train,410-P19
F:\PycharmProjects\DeepWriterID-v2\\data\raw\WPTT2.0-Test\410-P20.wptt,410,Train,410-P20
F:\PycharmProjects\DeepWriterID-v2\\data\raw\WPTT2.0-Test\419-P16.wptt,419,Test,419-P16
F:\PycharmProjects\DeepWriterID-v2\\data\raw\WPTT2.0-Test\419-P17.wptt,419,Train,419-P17
F:\PycharmProjects\DeepWriterID-v2\\data\raw\WPTT2.0-Test\419-P18.wptt,419,Train,419-P18
F:\PycharmProjects\DeepWriterID-v2\\data\raw\WPTT2.0-Test\419-P19.wptt,419,Train,419-P19
F:\PycharmProjects\DeepWriterID-v2\\data\raw\WPTT2.0-Test\419-P20.wptt,419,Train,419-P20
F:\PycharmProjects\DeepWriterID-v2\\data\raw\WPTT2.1-Test\1250-P20.wptt,1250,Train,1250-P20
F:\PycharmProjects\DeepWriterID-v2\\data\raw\WPTT2.1-Test\1250-P16.wptt,1250,Train,1250-P16
F:\PycharmProjects\DeepWriterID-v2\\data\raw\WPTT2.1-Test\1250-P17.wptt,1250,Train,1250-P17
F:\PycharmProjects\DeepWriterID-v2\\data\raw\WPTT2.1-Test\1250-P18.wptt,1250,Train,1250-P18
F:\PycharmProjects\DeepWriterID-v2\\data\raw\WPTT2.1-Test\1250-P19.wptt,1250,Test,1250-P19
F:\PycharmProjects\DeepWriterID-v2\\data\raw\WPTT2.1-Test\1241-P16.wptt,1241,Test,1241-P16
F:\PycharmProjects\DeepWriterID-v2\\data\raw\WPTT2.1-Test\1241-P17.wptt,1241,Train,1241-P17
F:\PycharmProjects\DeepWriterID-v2\\data\raw\WPTT2.1-Test\1241-P18.wptt,1241,Train,1241-P18
F:\PycharmProjects\DeepWriterID-v2\\data\raw\WPTT2.1-Test\1241-P19.wptt,1241,Train,1241-P19
F:\PycharmProjects\DeepWriterID-v2\\data\raw\WPTT2.1-Test\1241-P20.wptt,1241,Train,1241-P20
F:\PycharmProjects\DeepWriterID-v2\\data\raw\WPTT2.1-Test\1251-P17.wptt,1251,Train,1251-P17
F:\PycharmProjects\DeepWriterID-v2\\data\raw\WPTT2.1-Test\1251-P16.wptt,1251,Train,1251-P16
F:\PycharmProjects\DeepWriterID-v2\\data\raw\WPTT2.1-Test\1251-P18.wptt,1251,Train,1251-P18
F:\PycharmProjects\DeepWriterID-v2\\data\raw\WPTT2.1-Test\1251-P19.wptt,1251,Train,1251-P19
F:\PycharmProjects\DeepWriterID-v2\\data\raw\WPTT2.1-Test\1251-P20.wptt,1251,Test,1251-P20
F:\PycharmProjects\DeepWriterID-v2\\data\raw\WPTT2.1-Test\1242-P16.wptt,1242,Train,1242-P16
F:\PycharmProjects\DeepWriterID-v2\\data\raw\WPTT2.1-Test\1242-P17.wptt,1242,Test,1242-P17
F:\PycharmProjects\DeepWriterID-v2\\data\raw\WPTT2.1-Test\1242-P18.wptt,1242,Train,1242-P18
F:\PycharmProjects\DeepWriterID-v2\\data\raw\WPTT2.1-Test\1242-P19.wptt,1242,Train,1242-P19
F:\PycharmProjects\DeepWriterID-v2\\data\raw\WPTT2.1-Test\1242-P20.wptt,1242,Train,1242-P20
F:\PycharmProjects\DeepWriterID-v2\\data\raw\WPTT2.1-Test\1253-P17.wptt,1253,Train,1253-P17
F:\PycharmProjects\DeepWriterID-v2\\data\raw\WPTT2.1-Test\1253-P18.wptt,1253,Train,1253-P18
F:\PycharmProjects\DeepWriterID-v2\\data\raw\WPTT2.1-Test\1253-P19.wptt,1253,Train,1253-P19
F:\PycharmProjects\DeepWriterID-v2\\data\raw\WPTT2.1-Test\1253-P20.wptt,1253,Test,1253-P20
F:\PycharmProjects\DeepWriterID-v2\\data\raw\WPTT2.1-Test\1253-P16.wptt,1253,Train,1253-P16
F:\PycharmProjects\DeepWriterID-v2\\data\raw\WPTT2.1-Test\1254-P16.wptt,1254,Train,1254-P16
F:\PycharmProjects\DeepWriterID-v2\\data\raw\WPTT2.1-Test\1254-P17.wptt,1254,Test,1254-P17
F:\PycharmProjects\DeepWriterID-v2\\data\raw\WPTT2.1-Test\1254-P18.wptt,1254,Train,1254-P18
F:\PycharmProjects\DeepWriterID-v2\\data\raw\WPTT2.1-Test\1254-P19.wptt,1254,Train,1254-P19
F:\PycharmProjects\DeepWriterID-v2\\data\raw\WPTT2.1-Test\1254-P20.wptt,1254,Train,1254-P20
F:\PycharmProjects\DeepWriterID-v2\\data\raw\WPTT2.1-Test\1243-P16.wptt,1243,Train,1243-P16
F:\PycharmProjects\DeepWriterID-v2\\data\raw\WPTT2.1-Test\1243-P17.wptt,1243,Test,1243-P17
F:\PycharmProjects\DeepWriterID-v2\\data\raw\WPTT2.1-Test\1243-P18.wptt,1243,Train,1243-P18
F:\PycharmProjects\DeepWriterID-v2\\data\raw\WPTT2.1-Test\1243-P19.wptt,1243,Train,1243-P19
F:\PycharmProjects\DeepWriterID-v2\\data\raw\WPTT2.1-Test\1243-P20.wptt,1243,Train,1243-P20
F:\PycharmProjects\DeepWriterID-v2\\data\raw\WPTT2.1-Test\1255-P16.wptt,1255,Train,1255-P16
F:\PycharmProjects\DeepWriterID-v2\\data\raw\WPTT2.1-Test\1255-P17.wptt,1255,Train,1255-P17
F:\PycharmProjects\DeepWriterID-v2\\data\raw\WPTT2.1-Test\1255-P18.wptt,1255,Train,1255-P18
F:\PycharmProjects\DeepWriterID-v2\\data\raw\WPTT2.1-Test\1255-P19.wptt,1255,Train,1255-P19
F:\PycharmProjects\DeepWriterID-v2\\data\raw\WPTT2.1-Test\1255-P20.wptt,1255,Test,1255-P20
F:\PycharmProjects\DeepWriterID-v2\\data\raw\WPTT2.1-Test\1244-P16.wptt,1244,Train,1244-P16
F:\PycharmProjects\DeepWriterID-v2\\data\raw\WPTT2.1-Test\1244-P17.wptt,1244,Train,1244-P17
F:\PycharmProjects\DeepWriterID-v2\\data\raw\WPTT2.1-Test\1244-P18.wptt,1244,Test,1244-P18
F:\PycharmProjects\DeepWriterID-v2\\data\raw\WPTT2.1-Test\1244-P19.wptt,1244,Train,1244-P19
F:\PycharmProjects\DeepWriterID-v2\\data\raw\WPTT2.1-Test\1244-P20.wptt,1244,Train,1244-P20
F:\PycharmProjects\DeepWriterID-v2\\data\raw\WPTT2.1-Test\1256-P16.wptt,1256,Train,1256-P16
F:\PycharmProjects\DeepWriterID-v2\\data\raw\WPTT2.1-Test\1256-P18.wptt,1256,Train,1256-P18
F:\PycharmProjects\DeepWriterID-v2\\data\raw\WPTT2.1-Test\1256-P19.wptt,1256,Train,1256-P19
F:\PycharmProjects\DeepWriterID-v2\\data\raw\WPTT2.1-Test\1256-P20.wptt,1256,Test,1256-P20
F:\PycharmProjects\DeepWriterID-v2\\data\raw\WPTT2.1-Test\1256-P21.wptt,1256,Train,1256-P21
F:\PycharmProjects\DeepWriterID-v2\\data\raw\WPTT2.1-Test\1245-P16.wptt,1245,Train,1245-P16
F:\PycharmProjects\DeepWriterID-v2\\data\raw\WPTT2.1-Test\1245-P17.wptt,1245,Train,1245-P17
F:\PycharmProjects\DeepWriterID-v2\\data\raw\WPTT2.1-Test\1245-P18.wptt,1245,Train,1245-P18
F:\PycharmProjects\DeepWriterID-v2\\data\raw\WPTT2.1-Test\1245-P19.wptt,1245,Train,1245-P19
F:\PycharmProjects\DeepWriterID-v2\\data\raw\WPTT2.1-Test\1245-P20.wptt,1245,Test,1245-P20
F:\PycharmProjects\DeepWriterID-v2\\data\raw\WPTT2.1-Test\1257-P16.wptt,1257,Test,1257-P16
F:\PycharmProjects\DeepWriterID-v2\\data\raw\WPTT2.1-Test\1257-P17.wptt,1257,Train,1257-P17
F:\PycharmProjects\DeepWriterID-v2\\data\raw\WPTT2.1-Test\1257-P18.wptt,1257,Train,1257-P18
F:\PycharmProjects\DeepWriterID-v2\\data\raw\WPTT2.1-Test\1257-P19.wptt,1257,Train,1257-P19
F:\PycharmProjects\DeepWriterID-v2\\data\raw\WPTT2.1-Test\1257-P20.wptt,1257,Train,1257-P20
F:\PycharmProjects\DeepWriterID-v2\\data\raw\WPTT2.1-Test\1246-P10.wptt,1246,Train,1246-P10
F:\PycharmProjects\DeepWriterID-v2\\data\raw\WPTT2.1-Test\1246-P11.wptt,1246,Train,1246-P11
F:\PycharmProjects\DeepWriterID-v2\\data\raw\WPTT2.1-Test\1246-P12.wptt,1246,Train,1246-P12
F:\PycharmProjects\DeepWriterID-v2\\data\raw\WPTT2.1-Test\1246-P13.wptt,1246,Train,1246-P13
F:\PycharmProjects\DeepWriterID-v2\\data\raw\WPTT2.1-Test\1246-P14.wptt,1246,Test,1246-P14
F:\PycharmProjects\DeepWriterID-v2\\data\raw\WPTT2.1-Test\1258-P16.wptt,1258,Train,1258-P16
F:\PycharmProjects\DeepWriterID-v2\\data\raw\WPTT2.1-Test\1258-P17.wptt,1258,Test,1258-P17
F:\PycharmProjects\DeepWriterID-v2\\data\raw\WPTT2.1-Test\1258-P18.wptt,1258,Train,1258-P18
F:\PycharmProjects\DeepWriterID-v2\\data\raw\WPTT2.1-Test\1258-P19.wptt,1258,Train,1258-P19
F:\PycharmProjects\DeepWriterID-v2\\data\raw\WPTT2.1-Test\1258-P20.wptt,1258,Train,1258-P20
F:\PycharmProjects\DeepWriterID-v2\\data\raw\WPTT2.1-Test\1247-P16.wptt,1247,Test,1247-P16
F:\PycharmProjects\DeepWriterID-v2\\data\raw\WPTT2.1-Test\1247-P17.wptt,1247,Train,1247-P17
F:\PycharmProjects\DeepWriterID-v2\\data\raw\WPTT2.1-Test\1247-P18.wptt,1247,Train,1247-P18
F:\PycharmProjects\DeepWriterID-v2\\data\raw\WPTT2.1-Test\1247-P19.wptt,1247,Train,1247-P19
F:\PycharmProjects\DeepWriterID-v2\\data\raw\WPTT2.1-Test\1247-P20.wptt,1247,Train,1247-P20
F:\PycharmProjects\DeepWriterID-v2\\data\raw\WPTT2.1-Test\1259-P16.wptt,1259,Train,1259-P16
F:\PycharmProjects\DeepWriterID-v2\\data\raw\WPTT2.1-Test\1259-P17.wptt,1259,Train,1259-P17
F:\PycharmProjects\DeepWriterID-v2\\data\raw\WPTT2.1-Test\1259-P18.wptt,1259,Train,1259-P18
F:\PycharmProjects\DeepWriterID-v2\\data\raw\WPTT2.1-Test\1259-P19.wptt,1259,Train,1259-P19
F:\PycharmProjects\DeepWriterID-v2\\data\raw\WPTT2.1-Test\1259-P20.wptt,1259,Test,1259-P20
F:\PycharmProjects\DeepWriterID-v2\\data\raw\WPTT2.1-Test\1248-P16.wptt,1248,Test,1248-P16
F:\PycharmProjects\DeepWriterID-v2\\data\raw\WPTT2.1-Test\1248-P17.wptt,1248,Train,1248-P17
F:\PycharmProjects\DeepWriterID-v2\\data\raw\WPTT2.1-Test\1248-P18.wptt,1248,Train,1248-P18
F:\PycharmProjects\DeepWriterID-v2\\data\raw\WPTT2.1-Test\1248-P19.wptt,1248,Train,1248-P19
F:\PycharmProjects\DeepWriterID-v2\\data\raw\WPTT2.1-Test\1248-P20.wptt,1248,Train,1248-P20
F:\PycharmProjects\DeepWriterID-v2\\data\raw\WPTT2.1-Test\1260-P16.wptt,1260,Train,1260-P16
F:\PycharmProjects\DeepWriterID-v2\\data\raw\WPTT2.1-Test\1260-P17.wptt,1260,Test,1260-P17
F:\PycharmProjects\DeepWriterID-v2\\data\raw\WPTT2.1-Test\1260-P18.wptt,1260,Train,1260-P18
F:\PycharmProjects\DeepWriterID-v2\\data\raw\WPTT2.1-Test\1260-P19.wptt,1260,Train,1260-P19
F:\PycharmProjects\DeepWriterID-v2\\data\raw\WPTT2.1-Test\1260-P20.wptt,1260,Train,1260-P20
F:\PycharmProjects\DeepWriterID-v2\\data\raw\WPTT2.1-Test\1249-P16.wptt,1249,Train,1249-P16
F:\PycharmProjects\DeepWriterID-v2\\data\raw\WPTT2.1-Test\1249-P17.wptt,1249,Train,1249-P17
F:\PycharmProjects\DeepWriterID-v2\\data\raw\WPTT2.1-Test\1249-P18.wptt,1249,Test,1249-P18
F:\PycharmProjects\DeepWriterID-v2\\data\raw\WPTT2.1-Test\1249-P19.wptt,1249,Train,1249-P19
F:\PycharmProjects\DeepWriterID-v2\\data\raw\WPTT2.1-Test\1249-P21.wptt,1249,Train,1249-P21
F:\PycharmProjects\DeepWriterID-v2\\data\raw\WPTT2.1-Test\1261-P16.wptt,1261,Train,1261-P16
F:\PycharmProjects\DeepWriterID-v2\\data\raw\WPTT2.1-Test\1261-P17.wptt,1261,Train,1261-P17
F:\PycharmProjects\DeepWriterID-v2\\data\raw\WPTT2.1-Test\1261-P18.wptt,1261,Test,1261-P18
F:\PycharmProjects\DeepWriterID-v2\\data\raw\WPTT2.1-Test\1261-P19.wptt,1261,Train,1261-P19
F:\PycharmProjects\DeepWriterID-v2\\data\raw\WPTT2.1-Test\1261-P20.wptt,1261,Train,1261-P20
F:\PycharmProjects\DeepWriterID-v2\\data\raw\WPTT2.1-Test\1252-P16.wptt,1252,Test,1252-P16
F:\PycharmProjects\DeepWriterID-v2\\data\raw\WPTT2.1-Test\1252-P17.wptt,1252,Train,1252-P17
F:\PycharmProjects\DeepWriterID-v2\\data\raw\WPTT2.1-Test\1252-P18.wptt,1252,Train,1252-P18
F:\PycharmProjects\DeepWriterID-v2\\data\raw\WPTT2.1-Test\1252-P19.wptt,1252,Train,1252-P19
F:\PycharmProjects\DeepWriterID-v2\\data\raw\WPTT2.1-Test\1252-P20.wptt,1252,Train,1252-P20
F:\PycharmProjects\DeepWriterID-v2\\data\raw\WPTT2.1-Test\1262-P16.wptt,1262,Train,1262-P16
F:\PycharmProjects\DeepWriterID-v2\\data\raw\WPTT2.1-Test\1262-P17.wptt,1262,Train,1262-P17
F:\PycharmProjects\DeepWriterID-v2\\data\raw\WPTT2.1-Test\1262-P18.wptt,1262,Train,1262-P18
F:\PycharmProjects\DeepWriterID-v2\\data\raw\WPTT2.1-Test\1262-P19.wptt,1262,Test,1262-P19
F:\PycharmProjects\DeepWriterID-v2\\data\raw\WPTT2.1-Test\1262-P20.wptt,1262,Train,1262-P20
F:\PycharmProjects\DeepWriterID-v2\\data\raw\WPTT2.1-Test\1263-P16.wptt,1263,Train,1263-P16
F:\PycharmProjects\DeepWriterID-v2\\data\raw\WPTT2.1-Test\1263-P17.wptt,1263,Train,1263-P17
F:\PycharmProjects\DeepWriterID-v2\\data\raw\WPTT2.1-Test\1263-P18.wptt,1263,Train,1263-P18
F:\PycharmProjects\DeepWriterID-v2\\data\raw\WPTT2.1-Test\1263-P19.wptt,1263,Train,1263-P19
F:\PycharmProjects\DeepWriterID-v2\\data\raw\WPTT2.1-Test\1263-P20.wptt,1263,Test,1263-P20
F:\PycharmProjects\DeepWriterID-v2\\data\raw\WPTT2.1-Test\1264-P16.wptt,1264,Train,1264-P16
F:\PycharmProjects\DeepWriterID-v2\\data\raw\WPTT2.1-Test\1264-P17.wptt,1264,Train,1264-P17
F:\PycharmProjects\DeepWriterID-v2\\data\raw\WPTT2.1-Test\1264-P18.wptt,1264,Train,1264-P18
F:\PycharmProjects\DeepWriterID-v2\\data\raw\WPTT2.1-Test\1264-P19.wptt,1264,Test,1264-P19
F:\PycharmProjects\DeepWriterID-v2\\data\raw\WPTT2.1-Test\1264-P20.wptt,1264,Train,1264-P20
F:\PycharmProjects\DeepWriterID-v2\\data\raw\WPTT2.1-Test\1265-P16.wptt,1265,Test,1265-P16
F:\PycharmProjects\DeepWriterID-v2\\data\raw\WPTT2.1-Test\1265-P17.wptt,1265,Train,1265-P17
F:\PycharmProjects\DeepWriterID-v2\\data\raw\WPTT2.1-Test\1265-P18.wptt,1265,Train,1265-P18
F:\PycharmProjects\DeepWriterID-v2\\data\raw\WPTT2.1-Test\1265-P19.wptt,1265,Train,1265-P19
F:\PycharmProjects\DeepWriterID-v2\\data\raw\WPTT2.1-Test\1265-P20.wptt,1265,Train,1265-P20
F:\PycharmProjects\DeepWriterID-v2\\data\raw\WPTT2.1-Test\1266-P16.wptt,1266,Test,1266-P16
F:\PycharmProjects\DeepWriterID-v2\\data\raw\WPTT2.1-Test\1266-P17.wptt,1266,Train,1266-P17
F:\PycharmProjects\DeepWriterID-v2\\data\raw\WPTT2.1-Test\1266-P18.wptt,1266,Train,1266-P18
F:\PycharmProjects\DeepWriterID-v2\\data\raw\WPTT2.1-Test\1266-P19.wptt,1266,Train,1266-P19
F:\PycharmProjects\DeepWriterID-v2\\data\raw\WPTT2.1-Test\1266-P20.wptt,1266,Train,1266-P20
F:\PycharmProjects\DeepWriterID-v2\\data\raw\WPTT2.1-Test\1267-P16.wptt,1267,Train,1267-P16
F:\PycharmProjects\DeepWriterID-v2\\data\raw\WPTT2.1-Test\1267-P17.wptt,1267,Test,1267-P17
F:\PycharmProjects\DeepWriterID-v2\\data\raw\WPTT2.1-Test\1267-P18.wptt,1267,Train,1267-P18
F:\PycharmProjects\DeepWriterID-v2\\data\raw\WPTT2.1-Test\1267-P19.wptt,1267,Train,1267-P19
F:\PycharmProjects\DeepWriterID-v2\\data\raw\WPTT2.1-Test\1267-P20.wptt,1267,Train,1267-P20
F:\PycharmProjects\DeepWriterID-v2\\data\raw\WPTT2.1-Test\1268-P16.wptt,1268,Train,1268-P16
F:\PycharmProjects\DeepWriterID-v2\\data\raw\WPTT2.1-Test\1268-P17.wptt,1268,Test,1268-P17
F:\PycharmProjects\DeepWriterID-v2\\data\raw\WPTT2.1-Test\1268-P18.wptt,1268,Train,1268-P18
F:\PycharmProjects\DeepWriterID-v2\\data\raw\WPTT2.1-Test\1268-P19.wptt,1268,Train,1268-P19
F:\PycharmProjects\DeepWriterID-v2\\data\raw\WPTT2.1-Test\1268-P20.wptt,1268,Train,1268-P20
F:\PycharmProjects\DeepWriterID-v2\\data\raw\WPTT2.1-Test\1269-P16.wptt,1269,Train,1269-P16
F:\PycharmProjects\DeepWriterID-v2\\data\raw\WPTT2.1-Test\1269-P17.wptt,1269,Test,1269-P17
F:\PycharmProjects\DeepWriterID-v2\\data\raw\WPTT2.1-Test\1269-P18.wptt,1269,Train,1269-P18
F:\PycharmProjects\DeepWriterID-v2\\data\raw\WPTT2.1-Test\1269-P19.wptt,1269,Train,1269-P19
F:\PycharmProjects\DeepWriterID-v2\\data\raw\WPTT2.1-Test\1269-P20.wptt,1269,Train,1269-P20
F:\PycharmProjects\DeepWriterID-v2\\data\raw\WPTT2.1-Test\1270-P16.wptt,1270,Train,1270-P16
F:\PycharmProjects\DeepWriterID-v2\\data\raw\WPTT2.1-Test\1270-P17.wptt,1270,Train,1270-P17
F:\PycharmProjects\DeepWriterID-v2\\data\raw\WPTT2.1-Test\1270-P18.wptt,1270,Test,1270-P18
F:\PycharmProjects\DeepWriterID-v2\\data\raw\WPTT2.1-Test\1270-P19.wptt,1270,Train,1270-P19
F:\PycharmProjects\DeepWriterID-v2\\data\raw\WPTT2.1-Test\1270-P20.wptt,1270,Train,1270-P20
F:\PycharmProjects\DeepWriterID-v2\\data\raw\WPTT2.1-Test\1271-P16.wptt,1271,Test,1271-P16
F:\PycharmProjects\DeepWriterID-v2\\data\raw\WPTT2.1-Test\1271-P17.wptt,1271,Train,1271-P17
F:\PycharmProjects\DeepWriterID-v2\\data\raw\WPTT2.1-Test\1271-P18.wptt,1271,Train,1271-P18
F:\PycharmProjects\DeepWriterID-v2\\data\raw\WPTT2.1-Test\1271-P19.wptt,1271,Train,1271-P19
F:\PycharmProjects\DeepWriterID-v2\\data\raw\WPTT2.1-Test\1271-P20.wptt,1271,Train,1271-P20
F:\PycharmProjects\DeepWriterID-v2\\data\raw\WPTT2.1-Test\1272-P16.wptt,1272,Test,1272-P16
F:\PycharmProjects\DeepWriterID-v2\\data\raw\WPTT2.1-Test\1272-P17.wptt,1272,Train,1272-P17
F:\PycharmProjects\DeepWriterID-v2\\data\raw\WPTT2.1-Test\1272-P18.wptt,1272,Train,1272-P18
F:\PycharmProjects\DeepWriterID-v2\\data\raw\WPTT2.1-Test\1272-P19.wptt,1272,Train,1272-P19
F:\PycharmProjects\DeepWriterID-v2\\data\raw\WPTT2.1-Test\1272-P20.wptt,1272,Train,1272-P20
F:\PycharmProjects\DeepWriterID-v2\\data\raw\WPTT2.1-Test\1273-P16.wptt,1273,Test,1273-P16
F:\PycharmProjects\DeepWriterID-v2\\data\raw\WPTT2.1-Test\1273-P17.wptt,1273,Train,1273-P17
F:\PycharmProjects\DeepWriterID-v2\\data\raw\WPTT2.1-Test\1273-P18.wptt,1273,Train,1273-P18
F:\PycharmProjects\DeepWriterID-v2\\data\raw\WPTT2.1-Test\1273-P19.wptt,1273,Train,1273-P19
F:\PycharmProjects\DeepWriterID-v2\\data\raw\WPTT2.1-Test\1273-P20.wptt,1273,Train,1273-P20
F:\PycharmProjects\DeepWriterID-v2\\data\raw\WPTT2.1-Test\1274-P16.wptt,1274,Train,1274-P16
F:\PycharmProjects\DeepWriterID-v2\\data\raw\WPTT2.1-Test\1274-P17.wptt,1274,Train,1274-P17
F:\PycharmProjects\DeepWriterID-v2\\data\raw\WPTT2.1-Test\1274-P18.wptt,1274,Train,1274-P18
F:\PycharmProjects\DeepWriterID-v2\\data\raw\WPTT2.1-Test\1274-P19.wptt,1274,Train,1274-P19
F:\PycharmProjects\DeepWriterID-v2\\data\raw\WPTT2.1-Test\1274-P20.wptt,1274,Test,1274-P20
F:\PycharmProjects\DeepWriterID-v2\\data\raw\WPTT2.1-Test\1275-P16.wptt,1275,Test,1275-P16
F:\PycharmProjects\DeepWriterID-v2\\data\raw\WPTT2.1-Test\1275-P17.wptt,1275,Train,1275-P17
F:\PycharmProjects\DeepWriterID-v2\\data\raw\WPTT2.1-Test\1275-P18.wptt,1275,Train,1275-P18
F:\PycharmProjects\DeepWriterID-v2\\data\raw\WPTT2.1-Test\1275-P19.wptt,1275,Train,1275-P19
F:\PycharmProjects\DeepWriterID-v2\\data\raw\WPTT2.1-Test\1275-P20.wptt,1275,Train,1275-P20
F:\PycharmProjects\DeepWriterID-v2\\data\raw\WPTT2.1-Test\1276-P16.wptt,1276,Train,1276-P16
F:\PycharmProjects\DeepWriterID-v2\\data\raw\WPTT2.1-Test\1276-P17.wptt,1276,Test,1276-P17
F:\PycharmProjects\DeepWriterID-v2\\data\raw\WPTT2.1-Test\1276-P18.wptt,1276,Train,1276-P18
F:\PycharmProjects\DeepWriterID-v2\\data\raw\WPTT2.1-Test\1276-P19.wptt,1276,Train,1276-P19
F:\PycharmProjects\DeepWriterID-v2\\data\raw\WPTT2.1-Test\1276-P20.wptt,1276,Train,1276-P20
F:\PycharmProjects\DeepWriterID-v2\\data\raw\WPTT2.1-Test\1277-P16.wptt,1277,Train,1277-P16
F:\PycharmProjects\DeepWriterID-v2\\data\raw\WPTT2.1-Test\1277-P17.wptt,1277,Test,1277-P17
F:\PycharmProjects\DeepWriterID-v2\\data\raw\WPTT2.1-Test\1277-P18.wptt,1277,Train,1277-P18
F:\PycharmProjects\DeepWriterID-v2\\data\raw\WPTT2.1-Test\1277-P19.wptt,1277,Train,1277-P19
F:\PycharmProjects\DeepWriterID-v2\\data\raw\WPTT2.1-Test\1277-P20.wptt,1277,Train,1277-P20
F:\PycharmProjects\DeepWriterID-v2\\data\raw\WPTT2.1-Test\1278-P16.wptt,1278,Train,1278-P16
F:\PycharmProjects\DeepWriterID-v2\\data\raw\WPTT2.1-Test\1278-P17.wptt,1278,Train,1278-P17
F:\PycharmProjects\DeepWriterID-v2\\data\raw\WPTT2.1-Test\1278-P18.wptt,1278,Train,1278-P18
F:\PycharmProjects\DeepWriterID-v2\\data\raw\WPTT2.1-Test\1278-P19.wptt,1278,Test,1278-P19
F:\PycharmProjects\DeepWriterID-v2\\data\raw\WPTT2.1-Test\1278-P20.wptt,1278,Train,1278-P20
F:\PycharmProjects\DeepWriterID-v2\\data\raw\WPTT2.1-Test\1279-P16.wptt,1279,Train,1279-P16
F:\PycharmProjects\DeepWriterID-v2\\data\raw\WPTT2.1-Test\1279-P17.wptt,1279,Train,1279-P17
F:\PycharmProjects\DeepWriterID-v2\\data\raw\WPTT2.1-Test\1279-P18.wptt,1279,Train,1279-P18
F:\PycharmProjects\DeepWriterID-v2\\data\raw\WPTT2.1-Test\1279-P19.wptt,1279,Train,1279-P19
F:\PycharmProjects\DeepWriterID-v2\\data\raw\WPTT2.1-Test\1279-P20.wptt,1279,Test,1279-P20
F:\PycharmProjects\DeepWriterID-v2\\data\raw\WPTT2.1-Test\1280-P16.wptt,1280,Train,1280-P16
F:\PycharmProjects\DeepWriterID-v2\\data\raw\WPTT2.1-Test\1280-P17.wptt,1280,Train,1280-P17
F:\PycharmProjects\DeepWriterID-v2\\data\raw\WPTT2.1-Test\1280-P18.wptt,1280,Train,1280-P18
F:\PycharmProjects\DeepWriterID-v2\\data\raw\WPTT2.1-Test\1280-P19.wptt,1280,Test,1280-P19
F:\PycharmProjects\DeepWriterID-v2\\data\raw\WPTT2.1-Test\1280-P20.wptt,1280,Train,1280-P20
F:\PycharmProjects\DeepWriterID-v2\\data\raw\WPTT2.1-Test\1281-P16.wptt,1281,Train,1281-P16
F:\PycharmProjects\DeepWriterID-v2\\data\raw\WPTT2.1-Test\1281-P17.wptt,1281,Train,1281-P17
F:\PycharmProjects\DeepWriterID-v2\\data\raw\WPTT2.1-Test\1281-P18.wptt,1281,Train,1281-P18
F:\PycharmProjects\DeepWriterID-v2\\data\raw\WPTT2.1-Test\1281-P19.wptt,1281,Test,1281-P19
F:\PycharmProjects\DeepWriterID-v2\\data\raw\WPTT2.1-Test\1281-P20.wptt,1281,Train,1281-P20
F:\PycharmProjects\DeepWriterID-v2\\data\raw\WPTT2.1-Test\1282-P16.wptt,1282,Train,1282-P16
F:\PycharmProjects\DeepWriterID-v2\\data\raw\WPTT2.1-Test\1282-P17.wptt,1282,Test,1282-P17
F:\PycharmProjects\DeepWriterID-v2\\data\raw\WPTT2.1-Test\1282-P18.wptt,1282,Train,1282-P18
F:\PycharmProjects\DeepWriterID-v2\\data\raw\WPTT2.1-Test\1282-P19.wptt,1282,Train,1282-P19
F:\PycharmProjects\DeepWriterID-v2\\data\raw\WPTT2.1-Test\1282-P20.wptt,1282,Train,1282-P20
F:\PycharmProjects\DeepWriterID-v2\\data\raw\WPTT2.1-Test\1283-P16.wptt,1283,Train,1283-P16
F:\PycharmProjects\DeepWriterID-v2\\data\raw\WPTT2.1-Test\1283-P17.wptt,1283,Train,1283-P17
F:\PycharmProjects\DeepWriterID-v2\\data\raw\WPTT2.1-Test\1283-P18.wptt,1283,Train,1283-P18
F:\PycharmProjects\DeepWriterID-v2\\data\raw\WPTT2.1-Test\1283-P19.wptt,1283,Train,1283-P19
F:\PycharmProjects\DeepWriterID-v2\\data\raw\WPTT2.1-Test\1283-P20.wptt,1283,Test,1283-P20
F:\PycharmProjects\DeepWriterID-v2\\data\raw\WPTT2.1-Test\1284-P12.wptt,1284,Train,1284-P12
F:\PycharmProjects\DeepWriterID-v2\\data\raw\WPTT2.1-Test\1284-P13.wptt,1284,Train,1284-P13
F:\PycharmProjects\DeepWriterID-v2\\data\raw\WPTT2.1-Test\1284-P14.wptt,1284,Train,1284-P14
F:\PycharmProjects\DeepWriterID-v2\\data\raw\WPTT2.1-Test\1284-P19.wptt,1284,Train,1284-P19
F:\PycharmProjects\DeepWriterID-v2\\data\raw\WPTT2.1-Test\1284-P20.wptt,1284,Test,1284-P20
F:\PycharmProjects\DeepWriterID-v2\\data\raw\WPTT2.1-Test\1285-P16.wptt,1285,Train,1285-P16
F:\PycharmProjects\DeepWriterID-v2\\data\raw\WPTT2.1-Test\1285-P17.wptt,1285,Train,1285-P17
F:\PycharmProjects\DeepWriterID-v2\\data\raw\WPTT2.1-Test\1285-P18.wptt,1285,Train,1285-P18
F:\PycharmProjects\DeepWriterID-v2\\data\raw\WPTT2.1-Test\1285-P19.wptt,1285,Train,1285-P19
F:\PycharmProjects\DeepWriterID-v2\\data\raw\WPTT2.1-Test\1285-P20.wptt,1285,Test,1285-P20
F:\PycharmProjects\DeepWriterID-v2\\data\raw\WPTT2.1-Test\1286-P16.wptt,1286,Train,1286-P16
F:\PycharmProjects\DeepWriterID-v2\\data\raw\WPTT2.1-Test\1286-P17.wptt,1286,Train,1286-P17
F:\PycharmProjects\DeepWriterID-v2\\data\raw\WPTT2.1-Test\1286-P18.wptt,1286,Train,1286-P18
F:\PycharmProjects\DeepWriterID-v2\\data\raw\WPTT2.1-Test\1286-P19.wptt,1286,Test,1286-P19
F:\PycharmProjects\DeepWriterID-v2\\data\raw\WPTT2.1-Test\1286-P20.wptt,1286,Train,1286-P20
F:\PycharmProjects\DeepWriterID-v2\\data\raw\WPTT2.1-Test\1287-P16.wptt,1287,Train,1287-P16
F:\PycharmProjects\DeepWriterID-v2\\data\raw\WPTT2.1-Test\1287-P17.wptt,1287,Test,1287-P17
F:\PycharmProjects\DeepWriterID-v2\\data\raw\WPTT2.1-Test\1287-P18.wptt,1287,Train,1287-P18
F:\PycharmProjects\DeepWriterID-v2\\data\raw\WPTT2.1-Test\1287-P19.wptt,1287,Train,1287-P19
F:\PycharmProjects\DeepWriterID-v2\\data\raw\WPTT2.1-Test\1287-P20.wptt,1287,Train,1287-P20
F:\PycharmProjects\DeepWriterID-v2\\data\raw\WPTT2.1-Test\1288-P16.wptt,1288,Test,1288-P16
F:\PycharmProjects\DeepWriterID-v2\\data\raw\WPTT2.1-Test\1288-P17.wptt,1288,Train,1288-P17
F:\PycharmProjects\DeepWriterID-v2\\data\raw\WPTT2.1-Test\1288-P18.wptt,1288,Train,1288-P18
F:\PycharmProjects\DeepWriterID-v2\\data\raw\WPTT2.1-Test\1288-P19.wptt,1288,Train,1288-P19
F:\PycharmProjects\DeepWriterID-v2\\data\raw\WPTT2.1-Test\1288-P20.wptt,1288,Train,1288-P20
F:\PycharmProjects\DeepWriterID-v2\\data\raw\WPTT2.1-Test\1289-P16.wptt,1289,Train,1289-P16
F:\PycharmProjects\DeepWriterID-v2\\data\raw\WPTT2.1-Test\1289-P17.wptt,1289,Train,1289-P17
F:\PycharmProjects\DeepWriterID-v2\\data\raw\WPTT2.1-Test\1289-P18.wptt,1289,Train,1289-P18
F:\PycharmProjects\DeepWriterID-v2\\data\raw\WPTT2.1-Test\1289-P19.wptt,1289,Test,1289-P19
F:\PycharmProjects\DeepWriterID-v2\\data\raw\WPTT2.1-Test\1289-P20.wptt,1289,Train,1289-P20
F:\PycharmProjects\DeepWriterID-v2\\data\raw\WPTT2.1-Test\1290-P16.wptt,1290,Test,1290-P16
F:\PycharmProjects\DeepWriterID-v2\\data\raw\WPTT2.1-Test\1290-P17.wptt,1290,Train,1290-P17
F:\PycharmProjects\DeepWriterID-v2\\data\raw\WPTT2.1-Test\1290-P18.wptt,1290,Train,1290-P18
F:\PycharmProjects\DeepWriterID-v2\\data\raw\WPTT2.1-Test\1290-P19.wptt,1290,Train,1290-P19
F:\PycharmProjects\DeepWriterID-v2\\data\raw\WPTT2.1-Test\1290-P20.wptt,1290,Train,1290-P20
F:\PycharmProjects\DeepWriterID-v2\\data\raw\WPTT2.1-Test\1291-P16.wptt,1291,Train,1291-P16
F:\PycharmProjects\DeepWriterID-v2\\data\raw\WPTT2.1-Test\1291-P17.wptt,1291,Train,1291-P17
F:\PycharmProjects\DeepWriterID-v2\\data\raw\WPTT2.1-Test\1291-P18.wptt,1291,Train,1291-P18
F:\PycharmProjects\DeepWriterID-v2\\data\raw\WPTT2.1-Test\1291-P19.wptt,1291,Train,1291-P19
F:\PycharmProjects\DeepWriterID-v2\\data\raw\WPTT2.1-Test\1291-P20.wptt,1291,Test,1291-P20
F:\PycharmProjects\DeepWriterID-v2\\data\raw\WPTT2.1-Test\1292-P16.wptt,1292,Train,1292-P16
F:\PycharmProjects\DeepWriterID-v2\\data\raw\WPTT2.1-Test\1292-P17.wptt,1292,Train,1292-P17
F:\PycharmProjects\DeepWriterID-v2\\data\raw\WPTT2.1-Test\1292-P18.wptt,1292,Train,1292-P18
F:\PycharmProjects\DeepWriterID-v2\\data\raw\WPTT2.1-Test\1292-P19.wptt,1292,Train,1292-P19
F:\PycharmProjects\DeepWriterID-v2\\data\raw\WPTT2.1-Test\1292-P20.wptt,1292,Test,1292-P20
F:\PycharmProjects\DeepWriterID-v2\\data\raw\WPTT2.1-Test\1293-P16.wptt,1293,Train,1293-P16
F:\PycharmProjects\DeepWriterID-v2\\data\raw\WPTT2.1-Test\1293-P17.wptt,1293,Train,1293-P17
F:\PycharmProjects\DeepWriterID-v2\\data\raw\WPTT2.1-Test\1293-P18.wptt,1293,Train,1293-P18
F:\PycharmProjects\DeepWriterID-v2\\data\raw\WPTT2.1-Test\1293-P19.wptt,1293,Test,1293-P19
F:\PycharmProjects\DeepWriterID-v2\\data\raw\WPTT2.1-Test\1293-P20.wptt,1293,Train,1293-P20
F:\PycharmProjects\DeepWriterID-v2\\data\raw\WPTT2.1-Test\1294-P16.wptt,1294,Train,1294-P16
F:\PycharmProjects\DeepWriterID-v2\\data\raw\WPTT2.1-Test\1294-P17.wptt,1294,Train,1294-P17
F:\PycharmProjects\DeepWriterID-v2\\data\raw\WPTT2.1-Test\1294-P18.wptt,1294,Train,1294-P18
F:\PycharmProjects\DeepWriterID-v2\\data\raw\WPTT2.1-Test\1294-P19.wptt,1294,Train,1294-P19
F:\PycharmProjects\DeepWriterID-v2\\data\raw\WPTT2.1-Test\1294-P20.wptt,1294,Test,1294-P20
F:\PycharmProjects\DeepWriterID-v2\\data\raw\WPTT2.1-Test\1295-P16.wptt,1295,Train,1295-P16
F:\PycharmProjects\DeepWriterID-v2\\data\raw\WPTT2.1-Test\1295-P17.wptt,1295,Train,1295-P17
F:\PycharmProjects\DeepWriterID-v2\\data\raw\WPTT2.1-Test\1295-P18.wptt,1295,Test,1295-P18
F:\PycharmProjects\DeepWriterID-v2\\data\raw\WPTT2.1-Test\1295-P19.wptt,1295,Train,1295-P19
F:\PycharmProjects\DeepWriterID-v2\\data\raw\WPTT2.1-Test\1295-P20.wptt,1295,Train,1295-P20
F:\PycharmProjects\DeepWriterID-v2\\data\raw\WPTT2.1-Test\1296-P16.wptt,1296,Train,1296-P16
F:\PycharmProjects\DeepWriterID-v2\\data\raw\WPTT2.1-Test\1296-P17.wptt,1296,Train,1296-P17
F:\PycharmProjects\DeepWriterID-v2\\data\raw\WPTT2.1-Test\1296-P18.wptt,1296,Test,1296-P18
F:\PycharmProjects\DeepWriterID-v2\\data\raw\WPTT2.1-Test\1296-P19.wptt,1296,Train,1296-P19
F:\PycharmProjects\DeepWriterID-v2\\data\raw\WPTT2.1-Test\1296-P20.wptt,1296,Train,1296-P20
F:\PycharmProjects\DeepWriterID-v2\\data\raw\WPTT2.1-Test\1297-P16.wptt,1297,Train,1297-P16
F:\PycharmProjects\DeepWriterID-v2\\data\raw\WPTT2.1-Test\1297-P17.wptt,1297,Train,1297-P17
F:\PycharmProjects\DeepWriterID-v2\\data\raw\WPTT2.1-Test\1297-P18.wptt,1297,Train,1297-P18
F:\PycharmProjects\DeepWriterID-v2\\data\raw\WPTT2.1-Test\1297-P19.wptt,1297,Test,1297-P19
F:\PycharmProjects\DeepWriterID-v2\\data\raw\WPTT2.1-Test\1297-P20.wptt,1297,Train,1297-P20
F:\PycharmProjects\DeepWriterID-v2\\data\raw\WPTT2.1-Test\1298-P16.wptt,1298,Train,1298-P16
F:\PycharmProjects\DeepWriterID-v2\\data\raw\WPTT2.1-Test\1298-P17.wptt,1298,Test,1298-P17
F:\PycharmProjects\DeepWriterID-v2\\data\raw\WPTT2.1-Test\1298-P18.wptt,1298,Train,1298-P18
F:\PycharmProjects\DeepWriterID-v2\\data\raw\WPTT2.1-Test\1298-P19.wptt,1298,Train,1298-P19
F:\PycharmProjects\DeepWriterID-v2\\data\raw\WPTT2.1-Test\1298-P20.wptt,1298,Train,1298-P20
F:\PycharmProjects\DeepWriterID-v2\\data\raw\WPTT2.1-Test\1299-P16.wptt,1299,Train,1299-P16
F:\PycharmProjects\DeepWriterID-v2\\data\raw\WPTT2.1-Test\1299-P17.wptt,1299,Train,1299-P17
F:\PycharmProjects\DeepWriterID-v2\\data\raw\WPTT2.1-Test\1299-P18.wptt,1299,Test,1299-P18
F:\PycharmProjects\DeepWriterID-v2\\data\raw\WPTT2.1-Test\1299-P19.wptt,1299,Train,1299-P19
F:\PycharmProjects\DeepWriterID-v2\\data\raw\WPTT2.1-Test\1299-P20.wptt,1299,Train,1299-P20
F:\PycharmProjects\DeepWriterID-v2\\data\raw\WPTT2.1-Test\1300-P16.wptt,1300,Train,1300-P16
F:\PycharmProjects\DeepWriterID-v2\\data\raw\WPTT2.1-Test\1300-P17.wptt,1300,Train,1300-P17
F:\PycharmProjects\DeepWriterID-v2\\data\raw\WPTT2.1-Test\1300-P18.wptt,1300,Test,1300-P18
F:\PycharmProjects\DeepWriterID-v2\\data\raw\WPTT2.1-Test\1300-P19.wptt,1300,Train,1300-P19
F:\PycharmProjects\DeepWriterID-v2\\data\raw\WPTT2.1-Test\1300-P20.wptt,1300,Train,1300-P20
F:\PycharmProjects\DeepWriterID-v2\\data\raw\WPTT2.2-Test\753-P15.wptt,753,Train,753-P15
F:\PycharmProjects\DeepWriterID-v2\\data\raw\WPTT2.2-Test\753-P16.wptt,753,Test,753-P16
F:\PycharmProjects\DeepWriterID-v2\\data\raw\WPTT2.2-Test\753-P17.wptt,753,Train,753-P17
F:\PycharmProjects\DeepWriterID-v2\\data\raw\WPTT2.2-Test\753-P18.wptt,753,Train,753-P18
F:\PycharmProjects\DeepWriterID-v2\\data\raw\WPTT2.2-Test\753-P14.wptt,753,Train,753-P14
F:\PycharmProjects\DeepWriterID-v2\\data\raw\WPTT2.2-Test\741-P14.wptt,741,Train,741-P14
F:\PycharmProjects\DeepWriterID-v2\\data\raw\WPTT2.2-Test\741-P15.wptt,741,Train,741-P15
F:\PycharmProjects\DeepWriterID-v2\\data\raw\WPTT2.2-Test\741-P16.wptt,741,Test,741-P16
F:\PycharmProjects\DeepWriterID-v2\\data\raw\WPTT2.2-Test\741-P17.wptt,741,Train,741-P17
F:\PycharmProjects\DeepWriterID-v2\\data\raw\WPTT2.2-Test\741-P18.wptt,741,Train,741-P18
F:\PycharmProjects\DeepWriterID-v2\\data\raw\WPTT2.2-Test\754-P15.wptt,754,Train,754-P15
F:\PycharmProjects\DeepWriterID-v2\\data\raw\WPTT2.2-Test\754-P14.wptt,754,Train,754-P14
F:\PycharmProjects\DeepWriterID-v2\\data\raw\WPTT2.2-Test\754-P16.wptt,754,Train,754-P16
F:\PycharmProjects\DeepWriterID-v2\\data\raw\WPTT2.2-Test\754-P17.wptt,754,Train,754-P17
F:\PycharmProjects\DeepWriterID-v2\\data\raw\WPTT2.2-Test\754-P18.wptt,754,Test,754-P18
F:\PycharmProjects\DeepWriterID-v2\\data\raw\WPTT2.2-Test\742-P14.wptt,742,Train,742-P14
F:\PycharmProjects\DeepWriterID-v2\\data\raw\WPTT2.2-Test\742-P15.wptt,742,Train,742-P15
F:\PycharmProjects\DeepWriterID-v2\\data\raw\WPTT2.2-Test\742-P16.wptt,742,Test,742-P16
F:\PycharmProjects\DeepWriterID-v2\\data\raw\WPTT2.2-Test\742-P17.wptt,742,Train,742-P17
F:\PycharmProjects\DeepWriterID-v2\\data\raw\WPTT2.2-Test\742-P18.wptt,742,Train,742-P18
F:\PycharmProjects\DeepWriterID-v2\\data\raw\WPTT2.2-Test\756-P18.wptt,756,Train,756-P18
F:\PycharmProjects\DeepWriterID-v2\\data\raw\WPTT2.2-Test\756-P14.wptt,756,Test,756-P14
F:\PycharmProjects\DeepWriterID-v2\\data\raw\WPTT2.2-Test\756-P15.wptt,756,Train,756-P15
F:\PycharmProjects\DeepWriterID-v2\\data\raw\WPTT2.2-Test\756-P16.wptt,756,Train,756-P16
F:\PycharmProjects\DeepWriterID-v2\\data\raw\WPTT2.2-Test\756-P17.wptt,756,Train,756-P17
F:\PycharmProjects\DeepWriterID-v2\\data\raw\WPTT2.2-Test\757-P14.wptt,757,Train,757-P14
F:\PycharmProjects\DeepWriterID-v2\\data\raw\WPTT2.2-Test\757-P15.wptt,757,Train,757-P15
F:\PycharmProjects\DeepWriterID-v2\\data\raw\WPTT2.2-Test\757-P16.wptt,757,Train,757-P16
F:\PycharmProjects\DeepWriterID-v2\\data\raw\WPTT2.2-Test\757-P17.wptt,757,Train,757-P17
F:\PycharmProjects\DeepWriterID-v2\\data\raw\WPTT2.2-Test\757-P18.wptt,757,Test,757-P18
F:\PycharmProjects\DeepWriterID-v2\\data\raw\WPTT2.2-Test\743-P14.wptt,743,Train,743-P14
F:\PycharmProjects\DeepWriterID-v2\\data\raw\WPTT2.2-Test\743-P15.wptt,743,Test,743-P15
F:\PycharmProjects\DeepWriterID-v2\\data\raw\WPTT2.2-Test\743-P16.wptt,743,Train,743-P16
F:\PycharmProjects\DeepWriterID-v2\\data\raw\WPTT2.2-Test\743-P17.wptt,743,Train,743-P17
F:\PycharmProjects\DeepWriterID-v2\\data\raw\WPTT2.2-Test\743-P18.wptt,743,Train,743-P18
F:\PycharmProjects\DeepWriterID-v2\\data\raw\WPTT2.2-Test\758-P14.wptt,758,Train,758-P14
F:\PycharmProjects\DeepWriterID-v2\\data\raw\WPTT2.2-Test\758-P15.wptt,758,Train,758-P15
F:\PycharmProjects\DeepWriterID-v2\\data\raw\WPTT2.2-Test\758-P16.wptt,758,Train,758-P16
F:\PycharmProjects\DeepWriterID-v2\\data\raw\WPTT2.2-Test\758-P17.wptt,758,Test,758-P17
F:\PycharmProjects\DeepWriterID-v2\\data\raw\WPTT2.2-Test\758-P18.wptt,758,Train,758-P18
F:\PycharmProjects\DeepWriterID-v2\\data\raw\WPTT2.2-Test\744-P14.wptt,744,Train,744-P14
F:\PycharmProjects\DeepWriterID-v2\\data\raw\WPTT2.2-Test\744-P15.wptt,744,Train,744-P15
F:\PycharmProjects\DeepWriterID-v2\\data\raw\WPTT2.2-Test\744-P16.wptt,744,Train,744-P16
F:\PycharmProjects\DeepWriterID-v2\\data\raw\WPTT2.2-Test\744-P17.wptt,744,Test,744-P17
F:\PycharmProjects\DeepWriterID-v2\\data\raw\WPTT2.2-Test\744-P18.wptt,744,Train,744-P18
F:\PycharmProjects\DeepWriterID-v2\\data\raw\WPTT2.2-Test\759-P14.wptt,759,Train,759-P14
F:\PycharmProjects\DeepWriterID-v2\\data\raw\WPTT2.2-Test\759-P15.wptt,759,Train,759-P15
F:\PycharmProjects\DeepWriterID-v2\\data\raw\WPTT2.2-Test\759-P16.wptt,759,Train,759-P16
F:\PycharmProjects\DeepWriterID-v2\\data\raw\WPTT2.2-Test\759-P17.wptt,759,Test,759-P17
F:\PycharmProjects\DeepWriterID-v2\\data\raw\WPTT2.2-Test\759-P18.wptt,759,Train,759-P18
F:\PycharmProjects\DeepWriterID-v2\\data\raw\WPTT2.2-Test\745-P14.wptt,745,Train,745-P14
F:\PycharmProjects\DeepWriterID-v2\\data\raw\WPTT2.2-Test\745-P15.wptt,745,Train,745-P15
F:\PycharmProjects\DeepWriterID-v2\\data\raw\WPTT2.2-Test\745-P16.wptt,745,Train,745-P16
F:\PycharmProjects\DeepWriterID-v2\\data\raw\WPTT2.2-Test\745-P17.wptt,745,Test,745-P17
F:\PycharmProjects\DeepWriterID-v2\\data\raw\WPTT2.2-Test\745-P18.wptt,745,Train,745-P18
F:\PycharmProjects\DeepWriterID-v2\\data\raw\WPTT2.2-Test\760-P14.wptt,760,Train,760-P14
F:\PycharmProjects\DeepWriterID-v2\\data\raw\WPTT2.2-Test\760-P15.wptt,760,Train,760-P15
F:\PycharmProjects\DeepWriterID-v2\\data\raw\WPTT2.2-Test\760-P16.wptt,760,Train,760-P16
F:\PycharmProjects\DeepWriterID-v2\\data\raw\WPTT2.2-Test\760-P17.wptt,760,Test,760-P17
F:\PycharmProjects\DeepWriterID-v2\\data\raw\WPTT2.2-Test\760-P18.wptt,760,Train,760-P18
F:\PycharmProjects\DeepWriterID-v2\\data\raw\WPTT2.2-Test\746-P14.wptt,746,Train,746-P14
F:\PycharmProjects\DeepWriterID-v2\\data\raw\WPTT2.2-Test\746-P15.wptt,746,Train,746-P15
F:\PycharmProjects\DeepWriterID-v2\\data\raw\WPTT2.2-Test\746-P16.wptt,746,Test,746-P16
F:\PycharmProjects\DeepWriterID-v2\\data\raw\WPTT2.2-Test\746-P17.wptt,746,Train,746-P17
F:\PycharmProjects\DeepWriterID-v2\\data\raw\WPTT2.2-Test\746-P18.wptt,746,Train,746-P18
F:\PycharmProjects\DeepWriterID-v2\\data\raw\WPTT2.2-Test\761-P14.wptt,761,Test,761-P14
F:\PycharmProjects\DeepWriterID-v2\\data\raw\WPTT2.2-Test\761-P15.wptt,761,Train,761-P15
F:\PycharmProjects\DeepWriterID-v2\\data\raw\WPTT2.2-Test\761-P16.wptt,761,Train,761-P16
F:\PycharmProjects\DeepWriterID-v2\\data\raw\WPTT2.2-Test\761-P17.wptt,761,Train,761-P17
F:\PycharmProjects\DeepWriterID-v2\\data\raw\WPTT2.2-Test\761-P18.wptt,761,Train,761-P18
F:\PycharmProjects\DeepWriterID-v2\\data\raw\WPTT2.2-Test\747-P14.wptt,747,Train,747-P14
F:\PycharmProjects\DeepWriterID-v2\\data\raw\WPTT2.2-Test\747-P15.wptt,747,Train,747-P15
F:\PycharmProjects\DeepWriterID-v2\\data\raw\WPTT2.2-Test\747-P16.wptt,747,Train,747-P16
F:\PycharmProjects\DeepWriterID-v2\\data\raw\WPTT2.2-Test\747-P17.wptt,747,Train,747-P17
F:\PycharmProjects\DeepWriterID-v2\\data\raw\WPTT2.2-Test\747-P18.wptt,747,Test,747-P18
F:\PycharmProjects\DeepWriterID-v2\\data\raw\WPTT2.2-Test\762-P14.wptt,762,Train,762-P14
F:\PycharmProjects\DeepWriterID-v2\\data\raw\WPTT2.2-Test\762-P15.wptt,762,Train,762-P15
F:\PycharmProjects\DeepWriterID-v2\\data\raw\WPTT2.2-Test\762-P16.wptt,762,Train,762-P16
F:\PycharmProjects\DeepWriterID-v2\\data\raw\WPTT2.2-Test\762-P17.wptt,762,Test,762-P17
F:\PycharmProjects\DeepWriterID-v2\\data\raw\WPTT2.2-Test\762-P18.wptt,762,Train,762-P18
F:\PycharmProjects\DeepWriterID-v2\\data\raw\WPTT2.2-Test\748-P14.wptt,748,Train,748-P14
F:\PycharmProjects\DeepWriterID-v2\\data\raw\WPTT2.2-Test\748-P15.wptt,748,Test,748-P15
F:\PycharmProjects\DeepWriterID-v2\\data\raw\WPTT2.2-Test\748-P16.wptt,748,Train,748-P16
F:\PycharmProjects\DeepWriterID-v2\\data\raw\WPTT2.2-Test\748-P17.wptt,748,Train,748-P17
F:\PycharmProjects\DeepWriterID-v2\\data\raw\WPTT2.2-Test\748-P18.wptt,748,Train,748-P18
F:\PycharmProjects\DeepWriterID-v2\\data\raw\WPTT2.2-Test\763-P14.wptt,763,Train,763-P14
F:\PycharmProjects\DeepWriterID-v2\\data\raw\WPTT2.2-Test\763-P15.wptt,763,Train,763-P15
F:\PycharmProjects\DeepWriterID-v2\\data\raw\WPTT2.2-Test\763-P16.wptt,763,Train,763-P16
F:\PycharmProjects\DeepWriterID-v2\\data\raw\WPTT2.2-Test\763-P17.wptt,763,Train,763-P17
F:\PycharmProjects\DeepWriterID-v2\\data\raw\WPTT2.2-Test\763-P18.wptt,763,Test,763-P18
F:\PycharmProjects\DeepWriterID-v2\\data\raw\WPTT2.2-Test\749-P14.wptt,749,Train,749-P14
F:\PycharmProjects\DeepWriterID-v2\\data\raw\WPTT2.2-Test\749-P15.wptt,749,Train,749-P15
F:\PycharmProjects\DeepWriterID-v2\\data\raw\WPTT2.2-Test\749-P16.wptt,749,Train,749-P16
F:\PycharmProjects\DeepWriterID-v2\\data\raw\WPTT2.2-Test\749-P17.wptt,749,Train,749-P17
F:\PycharmProjects\DeepWriterID-v2\\data\raw\WPTT2.2-Test\749-P18.wptt,749,Test,749-P18
F:\PycharmProjects\DeepWriterID-v2\\data\raw\WPTT2.2-Test\764-P14.wptt,764,Train,764-P14
F:\PycharmProjects\DeepWriterID-v2\\data\raw\WPTT2.2-Test\764-P15.wptt,764,Train,764-P15
F:\PycharmProjects\DeepWriterID-v2\\data\raw\WPTT2.2-Test\764-P16.wptt,764,Test,764-P16
F:\PycharmProjects\DeepWriterID-v2\\data\raw\WPTT2.2-Test\764-P17.wptt,764,Train,764-P17
F:\PycharmProjects\DeepWriterID-v2\\data\raw\WPTT2.2-Test\764-P18.wptt,764,Train,764-P18
F:\PycharmProjects\DeepWriterID-v2\\data\raw\WPTT2.2-Test\750-P14.wptt,750,Train,750-P14
F:\PycharmProjects\DeepWriterID-v2\\data\raw\WPTT2.2-Test\750-P15.wptt,750,Train,750-P15
F:\PycharmProjects\DeepWriterID-v2\\data\raw\WPTT2.2-Test\750-P16.wptt,750,Train,750-P16
F:\PycharmProjects\DeepWriterID-v2\\data\raw\WPTT2.2-Test\750-P17.wptt,750,Train,750-P17
F:\PycharmProjects\DeepWriterID-v2\\data\raw\WPTT2.2-Test\750-P18.wptt,750,Test,750-P18
F:\PycharmProjects\DeepWriterID-v2\\data\raw\WPTT2.2-Test\765-P14.wptt,765,Train,765-P14
F:\PycharmProjects\DeepWriterID-v2\\data\raw\WPTT2.2-Test\765-P15.wptt,765,Train,765-P15
F:\PycharmProjects\DeepWriterID-v2\\data\raw\WPTT2.2-Test\765-P16.wptt,765,Test,765-P16
F:\PycharmProjects\DeepWriterID-v2\\data\raw\WPTT2.2-Test\765-P17.wptt,765,Train,765-P17
F:\PycharmProjects\DeepWriterID-v2\\data\raw\WPTT2.2-Test\765-P18.wptt,765,Train,765-P18
F:\PycharmProjects\DeepWriterID-v2\\data\raw\WPTT2.2-Test\751-P14.wptt,751,Train,751-P14
F:\PycharmProjects\DeepWriterID-v2\\data\raw\WPTT2.2-Test\751-P15.wptt,751,Train,751-P15
F:\PycharmProjects\DeepWriterID-v2\\data\raw\WPTT2.2-Test\751-P16.wptt,751,Train,751-P16
F:\PycharmProjects\DeepWriterID-v2\\data\raw\WPTT2.2-Test\751-P17.wptt,751,Train,751-P17
F:\PycharmProjects\DeepWriterID-v2\\data\raw\WPTT2.2-Test\751-P18.wptt,751,Test,751-P18
F:\PycharmProjects\DeepWriterID-v2\\data\raw\WPTT2.2-Test\766-P14.wptt,766,Train,766-P14
F:\PycharmProjects\DeepWriterID-v2\\data\raw\WPTT2.2-Test\766-P15.wptt,766,Test,766-P15
F:\PycharmProjects\DeepWriterID-v2\\data\raw\WPTT2.2-Test\766-P16.wptt,766,Train,766-P16
F:\PycharmProjects\DeepWriterID-v2\\data\raw\WPTT2.2-Test\766-P17.wptt,766,Train,766-P17
F:\PycharmProjects\DeepWriterID-v2\\data\raw\WPTT2.2-Test\766-P18.wptt,766,Train,766-P18
F:\PycharmProjects\DeepWriterID-v2\\data\raw\WPTT2.2-Test\752-P14.wptt,752,Test,752-P14
F:\PycharmProjects\DeepWriterID-v2\\data\raw\WPTT2.2-Test\752-P15.wptt,752,Train,752-P15
F:\PycharmProjects\DeepWriterID-v2\\data\raw\WPTT2.2-Test\752-P16.wptt,752,Train,752-P16
F:\PycharmProjects\DeepWriterID-v2\\data\raw\WPTT2.2-Test\752-P17.wptt,752,Train,752-P17
F:\PycharmProjects\DeepWriterID-v2\\data\raw\WPTT2.2-Test\752-P18.wptt,752,Train,752-P18
F:\PycharmProjects\DeepWriterID-v2\\data\raw\WPTT2.2-Test\767-P14.wptt,767,Test,767-P14
F:\PycharmProjects\DeepWriterID-v2\\data\raw\WPTT2.2-Test\767-P15.wptt,767,Train,767-P15
F:\PycharmProjects\DeepWriterID-v2\\data\raw\WPTT2.2-Test\767-P16.wptt,767,Train,767-P16
F:\PycharmProjects\DeepWriterID-v2\\data\raw\WPTT2.2-Test\767-P17.wptt,767,Train,767-P17
F:\PycharmProjects\DeepWriterID-v2\\data\raw\WPTT2.2-Test\767-P18.wptt,767,Train,767-P18
F:\PycharmProjects\DeepWriterID-v2\\data\raw\WPTT2.2-Test\755-P14.wptt,755,Train,755-P14
F:\PycharmProjects\DeepWriterID-v2\\data\raw\WPTT2.2-Test\755-P15.wptt,755,Train,755-P15
F:\PycharmProjects\DeepWriterID-v2\\data\raw\WPTT2.2-Test\755-P16.wptt,755,Train,755-P16
F:\PycharmProjects\DeepWriterID-v2\\data\raw\WPTT2.2-Test\755-P17.wptt,755,Test,755-P17
F:\PycharmProjects\DeepWriterID-v2\\data\raw\WPTT2.2-Test\755-P18.wptt,755,Train,755-P18
F:\PycharmProjects\DeepWriterID-v2\\data\raw\WPTT2.2-Test\768-P14.wptt,768,Train,768-P14
F:\PycharmProjects\DeepWriterID-v2\\data\raw\WPTT2.2-Test\768-P15.wptt,768,Train,768-P15
F:\PycharmProjects\DeepWriterID-v2\\data\raw\WPTT2.2-Test\768-P16.wptt,768,Test,768-P16
F:\PycharmProjects\DeepWriterID-v2\\data\raw\WPTT2.2-Test\768-P17.wptt,768,Train,768-P17
F:\PycharmProjects\DeepWriterID-v2\\data\raw\WPTT2.2-Test\768-P18.wptt,768,Train,768-P18
F:\PycharmProjects\DeepWriterID-v2\\data\raw\WPTT2.2-Test\769-P14.wptt,769,Test,769-P14
F:\PycharmProjects\DeepWriterID-v2\\data\raw\WPTT2.2-Test\769-P15.wptt,769,Train,769-P15
F:\PycharmProjects\DeepWriterID-v2\\data\raw\WPTT2.2-Test\769-P16.wptt,769,Train,769-P16
F:\PycharmProjects\DeepWriterID-v2\\data\raw\WPTT2.2-Test\769-P17.wptt,769,Train,769-P17
F:\PycharmProjects\DeepWriterID-v2\\data\raw\WPTT2.2-Test\769-P18.wptt,769,Train,769-P18
F:\PycharmProjects\DeepWriterID-v2\\data\raw\WPTT2.2-Test\770-P14.wptt,770,Train,770-P14
F:\PycharmProjects\DeepWriterID-v2\\data\raw\WPTT2.2-Test\770-P15.wptt,770,Test,770-P15
F:\PycharmProjects\DeepWriterID-v2\\data\raw\WPTT2.2-Test\770-P16.wptt,770,Train,770-P16
F:\PycharmProjects\DeepWriterID-v2\\data\raw\WPTT2.2-Test\770-P17.wptt,770,Train,770-P17
F:\PycharmProjects\DeepWriterID-v2\\data\raw\WPTT2.2-Test\770-P18.wptt,770,Train,770-P18
F:\PycharmProjects\DeepWriterID-v2\\data\raw\WPTT2.2-Test\771-P14.wptt,771,Test,771-P14
F:\PycharmProjects\DeepWriterID-v2\\data\raw\WPTT2.2-Test\771-P15.wptt,771,Train,771-P15
F:\PycharmProjects\DeepWriterID-v2\\data\raw\WPTT2.2-Test\771-P16.wptt,771,Train,771-P16
F:\PycharmProjects\DeepWriterID-v2\\data\raw\WPTT2.2-Test\771-P17.wptt,771,Train,771-P17
F:\PycharmProjects\DeepWriterID-v2\\data\raw\WPTT2.2-Test\771-P18.wptt,771,Train,771-P18
F:\PycharmProjects\DeepWriterID-v2\\data\raw\WPTT2.2-Test\772-P14.wptt,772,Train,772-P14
F:\PycharmProjects\DeepWriterID-v2\\data\raw\WPTT2.2-Test\772-P15.wptt,772,Train,772-P15
F:\PycharmProjects\DeepWriterID-v2\\data\raw\WPTT2.2-Test\772-P16.wptt,772,Train,772-P16
F:\PycharmProjects\DeepWriterID-v2\\data\raw\WPTT2.2-Test\772-P17.wptt,772,Train,772-P17
F:\PycharmProjects\DeepWriterID-v2\\data\raw\WPTT2.2-Test\772-P18.wptt,772,Test,772-P18
F:\PycharmProjects\DeepWriterID-v2\\data\raw\WPTT2.2-Test\773-P14.wptt,773,Test,773-P14
F:\PycharmProjects\DeepWriterID-v2\\data\raw\WPTT2.2-Test\773-P15.wptt,773,Train,773-P15
F:\PycharmProjects\DeepWriterID-v2\\data\raw\WPTT2.2-Test\773-P16.wptt,773,Train,773-P16
F:\PycharmProjects\DeepWriterID-v2\\data\raw\WPTT2.2-Test\773-P17.wptt,773,Train,773-P17
F:\PycharmProjects\DeepWriterID-v2\\data\raw\WPTT2.2-Test\773-P18.wptt,773,Train,773-P18
F:\PycharmProjects\DeepWriterID-v2\\data\raw\WPTT2.2-Test\774-P14.wptt,774,Test,774-P14
F:\PycharmProjects\DeepWriterID-v2\\data\raw\WPTT2.2-Test\774-P15.wptt,774,Train,774-P15
F:\PycharmProjects\DeepWriterID-v2\\data\raw\WPTT2.2-Test\774-P16.wptt,774,Train,774-P16
F:\PycharmProjects\DeepWriterID-v2\\data\raw\WPTT2.2-Test\774-P17.wptt,774,Train,774-P17
F:\PycharmProjects\DeepWriterID-v2\\data\raw\WPTT2.2-Test\774-P18.wptt,774,Train,774-P18
F:\PycharmProjects\DeepWriterID-v2\\data\raw\WPTT2.2-Test\775-P14.wptt,775,Train,775-P14
F:\PycharmProjects\DeepWriterID-v2\\data\raw\WPTT2.2-Test\775-P15.wptt,775,Train,775-P15
F:\PycharmProjects\DeepWriterID-v2\\data\raw\WPTT2.2-Test\775-P16.wptt,775,Train,775-P16
F:\PycharmProjects\DeepWriterID-v2\\data\raw\WPTT2.2-Test\775-P17.wptt,775,Test,775-P17
F:\PycharmProjects\DeepWriterID-v2\\data\raw\WPTT2.2-Test\775-P18.wptt,775,Train,775-P18
F:\PycharmProjects\DeepWriterID-v2\\data\raw\WPTT2.2-Test\776-P14.wptt,776,Test,776-P14
F:\PycharmProjects\DeepWriterID-v2\\data\raw\WPTT2.2-Test\776-P15.wptt,776,Train,776-P15
F:\PycharmProjects\DeepWriterID-v2\\data\raw\WPTT2.2-Test\776-P16.wptt,776,Train,776-P16
F:\PycharmProjects\DeepWriterID-v2\\data\raw\WPTT2.2-Test\776-P17.wptt,776,Train,776-P17
F:\PycharmProjects\DeepWriterID-v2\\data\raw\WPTT2.2-Test\776-P18.wptt,776,Train,776-P18
F:\PycharmProjects\DeepWriterID-v2\\data\raw\WPTT2.2-Test\777-P14.wptt,777,Train,777-P14
F:\PycharmProjects\DeepWriterID-v2\\data\raw\WPTT2.2-Test\777-P15.wptt,777,Train,777-P15
F:\PycharmProjects\DeepWriterID-v2\\data\raw\WPTT2.2-Test\777-P16.wptt,777,Test,777-P16
F:\PycharmProjects\DeepWriterID-v2\\data\raw\WPTT2.2-Test\777-P17.wptt,777,Train,777-P17
F:\PycharmProjects\DeepWriterID-v2\\data\raw\WPTT2.2-Test\777-P18.wptt,777,Train,777-P18
F:\PycharmProjects\DeepWriterID-v2\\data\raw\WPTT2.2-Test\778-P14.wptt,778,Train,778-P14
F:\PycharmProjects\DeepWriterID-v2\\data\raw\WPTT2.2-Test\778-P15.wptt,778,Train,778-P15
F:\PycharmProjects\DeepWriterID-v2\\data\raw\WPTT2.2-Test\778-P16.wptt,778,Test,778-P16
F:\PycharmProjects\DeepWriterID-v2\\data\raw\WPTT2.2-Test\778-P17.wptt,778,Train,778-P17
F:\PycharmProjects\DeepWriterID-v2\\data\raw\WPTT2.2-Test\778-P18.wptt,778,Train,778-P18
F:\PycharmProjects\DeepWriterID-v2\\data\raw\WPTT2.2-Test\779-P14.wptt,779,Train,779-P14
F:\PycharmProjects\DeepWriterID-v2\\data\raw\WPTT2.2-Test\779-P15.wptt,779,Test,779-P15
F:\PycharmProjects\DeepWriterID-v2\\data\raw\WPTT2.2-Test\779-P16.wptt,779,Train,779-P16
F:\PycharmProjects\DeepWriterID-v2\\data\raw\WPTT2.2-Test\779-P17.wptt,779,Train,779-P17
F:\PycharmProjects\DeepWriterID-v2\\data\raw\WPTT2.2-Test\779-P18.wptt,779,Train,779-P18
F:\PycharmProjects\DeepWriterID-v2\\data\raw\WPTT2.2-Test\780-P14.wptt,780,Train,780-P14
F:\PycharmProjects\DeepWriterID-v2\\data\raw\WPTT2.2-Test\780-P15.wptt,780,Train,780-P15
F:\PycharmProjects\DeepWriterID-v2\\data\raw\WPTT2.2-Test\780-P16.wptt,780,Train,780-P16
F:\PycharmProjects\DeepWriterID-v2\\data\raw\WPTT2.2-Test\780-P17.wptt,780,Test,780-P17
F:\PycharmProjects\DeepWriterID-v2\\data\raw\WPTT2.2-Test\780-P18.wptt,780,Train,780-P18
F:\PycharmProjects\DeepWriterID-v2\\data\raw\WPTT2.2-Test\781-P14.wptt,781,Train,781-P14
F:\PycharmProjects\DeepWriterID-v2\\data\raw\WPTT2.2-Test\781-P15.wptt,781,Test,781-P15
F:\PycharmProjects\DeepWriterID-v2\\data\raw\WPTT2.2-Test\781-P16.wptt,781,Train,781-P16
F:\PycharmProjects\DeepWriterID-v2\\data\raw\WPTT2.2-Test\781-P17.wptt,781,Train,781-P17
F:\PycharmProjects\DeepWriterID-v2\\data\raw\WPTT2.2-Test\781-P18.wptt,781,Train,781-P18
F:\PycharmProjects\DeepWriterID-v2\\data\raw\WPTT2.2-Test\782-P14.wptt,782,Train,782-P14
F:\PycharmProjects\DeepWriterID-v2\\data\raw\WPTT2.2-Test\782-P15.wptt,782,Train,782-P15
F:\PycharmProjects\DeepWriterID-v2\\data\raw\WPTT2.2-Test\782-P16.wptt,782,Train,782-P16
F:\PycharmProjects\DeepWriterID-v2\\data\raw\WPTT2.2-Test\782-P17.wptt,782,Train,782-P17
F:\PycharmProjects\DeepWriterID-v2\\data\raw\WPTT2.2-Test\782-P18.wptt,782,Test,782-P18
F:\PycharmProjects\DeepWriterID-v2\\data\raw\WPTT2.2-Test\783-P14.wptt,783,Train,783-P14
F:\PycharmProjects\DeepWriterID-v2\\data\raw\WPTT2.2-Test\783-P15.wptt,783,Train,783-P15
F:\PycharmProjects\DeepWriterID-v2\\data\raw\WPTT2.2-Test\783-P16.wptt,783,Train,783-P16
F:\PycharmProjects\DeepWriterID-v2\\data\raw\WPTT2.2-Test\783-P17.wptt,783,Test,783-P17
F:\PycharmProjects\DeepWriterID-v2\\data\raw\WPTT2.2-Test\783-P18.wptt,783,Train,783-P18
F:\PycharmProjects\DeepWriterID-v2\\data\raw\WPTT2.2-Test\784-P14.wptt,784,Test,784-P14
F:\PycharmProjects\DeepWriterID-v2\\data\raw\WPTT2.2-Test\784-P15.wptt,784,Train,784-P15
F:\PycharmProjects\DeepWriterID-v2\\data\raw\WPTT2.2-Test\784-P16.wptt,784,Train,784-P16
F:\PycharmProjects\DeepWriterID-v2\\data\raw\WPTT2.2-Test\784-P17.wptt,784,Train,784-P17
F:\PycharmProjects\DeepWriterID-v2\\data\raw\WPTT2.2-Test\784-P18.wptt,784,Train,784-P18
F:\PycharmProjects\DeepWriterID-v2\\data\raw\WPTT2.2-Test\785-P14.wptt,785,Test,785-P14
F:\PycharmProjects\DeepWriterID-v2\\data\raw\WPTT2.2-Test\785-P15.wptt,785,Train,785-P15
F:\PycharmProjects\DeepWriterID-v2\\data\raw\WPTT2.2-Test\785-P16.wptt,785,Train,785-P16
F:\PycharmProjects\DeepWriterID-v2\\data\raw\WPTT2.2-Test\785-P17.wptt,785,Train,785-P17
F:\PycharmProjects\DeepWriterID-v2\\data\raw\WPTT2.2-Test\785-P18.wptt,785,Train,785-P18
F:\PycharmProjects\DeepWriterID-v2\\data\raw\WPTT2.2-Test\786-P14.wptt,786,Test,786-P14
F:\PycharmProjects\DeepWriterID-v2\\data\raw\WPTT2.2-Test\786-P15.wptt,786,Train,786-P15
F:\PycharmProjects\DeepWriterID-v2\\data\raw\WPTT2.2-Test\786-P16.wptt,786,Train,786-P16
F:\PycharmProjects\DeepWriterID-v2\\data\raw\WPTT2.2-Test\786-P17.wptt,786,Train,786-P17
F:\PycharmProjects\DeepWriterID-v2\\data\raw\WPTT2.2-Test\786-P18.wptt,786,Train,786-P18
F:\PycharmProjects\DeepWriterID-v2\\data\raw\WPTT2.2-Test\787-P14.wptt,787,Train,787-P14
F:\PycharmProjects\DeepWriterID-v2\\data\raw\WPTT2.2-Test\787-P15.wptt,787,Train,787-P15
F:\PycharmProjects\DeepWriterID-v2\\data\raw\WPTT2.2-Test\787-P16.wptt,787,Test,787-P16
F:\PycharmProjects\DeepWriterID-v2\\data\raw\WPTT2.2-Test\787-P17.wptt,787,Train,787-P17
F:\PycharmProjects\DeepWriterID-v2\\data\raw\WPTT2.2-Test\787-P18.wptt,787,Train,787-P18
F:\PycharmProjects\DeepWriterID-v2\\data\raw\WPTT2.2-Test\788-P14.wptt,788,Train,788-P14
F:\PycharmProjects\DeepWriterID-v2\\data\raw\WPTT2.2-Test\788-P15.wptt,788,Train,788-P15
F:\PycharmProjects\DeepWriterID-v2\\data\raw\WPTT2.2-Test\788-P16.wptt,788,Train,788-P16
F:\PycharmProjects\DeepWriterID-v2\\data\raw\WPTT2.2-Test\788-P17.wptt,788,Test,788-P17
F:\PycharmProjects\DeepWriterID-v2\\data\raw\WPTT2.2-Test\788-P18.wptt,788,Train,788-P18
F:\PycharmProjects\DeepWriterID-v2\\data\raw\WPTT2.2-Test\789-P14.wptt,789,Train,789-P14
F:\PycharmProjects\DeepWriterID-v2\\data\raw\WPTT2.2-Test\789-P15.wptt,789,Train,789-P15
F:\PycharmProjects\DeepWriterID-v2\\data\raw\WPTT2.2-Test\789-P16.wptt,789,Test,789-P16
F:\PycharmProjects\DeepWriterID-v2\\data\raw\WPTT2.2-Test\789-P17.wptt,789,Train,789-P17
F:\PycharmProjects\DeepWriterID-v2\\data\raw\WPTT2.2-Test\789-P18.wptt,789,Train,789-P18
F:\PycharmProjects\DeepWriterID-v2\\data\raw\WPTT2.2-Test\790-P14.wptt,790,Train,790-P14
F:\PycharmProjects\DeepWriterID-v2\\data\raw\WPTT2.2-Test\790-P15.wptt,790,Train,790-P15
F:\PycharmProjects\DeepWriterID-v2\\data\raw\WPTT2.2-Test\790-P16.wptt,790,Train,790-P16
F:\PycharmProjects\DeepWriterID-v2\\data\raw\WPTT2.2-Test\790-P17.wptt,790,Test,790-P17
F:\PycharmProjects\DeepWriterID-v2\\data\raw\WPTT2.2-Test\790-P18.wptt,790,Train,790-P18
F:\PycharmProjects\DeepWriterID-v2\\data\raw\WPTT2.2-Test\791-P14.wptt,791,Train,791-P14
F:\PycharmProjects\DeepWriterID-v2\\data\raw\WPTT2.2-Test\791-P15.wptt,791,Train,791-P15
F:\PycharmProjects\DeepWriterID-v2\\data\raw\WPTT2.2-Test\791-P16.wptt,791,Test,791-P16
F:\PycharmProjects\DeepWriterID-v2\\data\raw\WPTT2.2-Test\791-P17.wptt,791,Train,791-P17
F:\PycharmProjects\DeepWriterID-v2\\data\raw\WPTT2.2-Test\791-P18.wptt,791,Train,791-P18
F:\PycharmProjects\DeepWriterID-v2\\data\raw\WPTT2.2-Test\792-P14.wptt,792,Train,792-P14
F:\PycharmProjects\DeepWriterID-v2\\data\raw\WPTT2.2-Test\792-P15.wptt,792,Train,792-P15
F:\PycharmProjects\DeepWriterID-v2\\data\raw\WPTT2.2-Test\792-P16.wptt,792,Train,792-P16
F:\PycharmProjects\DeepWriterID-v2\\data\raw\WPTT2.2-Test\792-P17.wptt,792,Test,792-P17
F:\PycharmProjects\DeepWriterID-v2\\data\raw\WPTT2.2-Test\792-P18.wptt,792,Train,792-P18
F:\PycharmProjects\DeepWriterID-v2\\data\raw\WPTT2.2-Test\793-P14.wptt,793,Train,793-P14
F:\PycharmProjects\DeepWriterID-v2\\data\raw\WPTT2.2-Test\793-P15.wptt,793,Train,793-P15
F:\PycharmProjects\DeepWriterID-v2\\data\raw\WPTT2.2-Test\793-P16.wptt,793,Train,793-P16
F:\PycharmProjects\DeepWriterID-v2\\data\raw\WPTT2.2-Test\793-P17.wptt,793,Train,793-P17
F:\PycharmProjects\DeepWriterID-v2\\data\raw\WPTT2.2-Test\793-P18.wptt,793,Test,793-P18
F:\PycharmProjects\DeepWriterID-v2\\data\raw\WPTT2.2-Test\794-P14.wptt,794,Train,794-P14
F:\PycharmProjects\DeepWriterID-v2\\data\raw\WPTT2.2-Test\794-P15.wptt,794,Train,794-P15
F:\PycharmProjects\DeepWriterID-v2\\data\raw\WPTT2.2-Test\794-P16.wptt,794,Test,794-P16
F:\PycharmProjects\DeepWriterID-v2\\data\raw\WPTT2.2-Test\794-P17.wptt,794,Train,794-P17
F:\PycharmProjects\DeepWriterID-v2\\data\raw\WPTT2.2-Test\794-P18.wptt,794,Train,794-P18
F:\PycharmProjects\DeepWriterID-v2\\data\raw\WPTT2.2-Test\795-P14.wptt,795,Test,795-P14
F:\PycharmProjects\DeepWriterID-v2\\data\raw\WPTT2.2-Test\795-P15.wptt,795,Train,795-P15
F:\PycharmProjects\DeepWriterID-v2\\data\raw\WPTT2.2-Test\795-P16.wptt,795,Train,795-P16
F:\PycharmProjects\DeepWriterID-v2\\data\raw\WPTT2.2-Test\795-P17.wptt,795,Train,795-P17
F:\PycharmProjects\DeepWriterID-v2\\data\raw\WPTT2.2-Test\795-P18.wptt,795,Train,795-P18
F:\PycharmProjects\DeepWriterID-v2\\data\raw\WPTT2.2-Test\796-P14.wptt,796,Train,796-P14
F:\PycharmProjects\DeepWriterID-v2\\data\raw\WPTT2.2-Test\796-P15.wptt,796,Train,796-P15
F:\PycharmProjects\DeepWriterID-v2\\data\raw\WPTT2.2-Test\796-P16.wptt,796,Train,796-P16
F:\PycharmProjects\DeepWriterID-v2\\data\raw\WPTT2.2-Test\796-P17.wptt,796,Test,796-P17
F:\PycharmProjects\DeepWriterID-v2\\data\raw\WPTT2.2-Test\796-P18.wptt,796,Train,796-P18
F:\PycharmProjects\DeepWriterID-v2\\data\raw\WPTT2.2-Test\797-P14.wptt,797,Train,797-P14
F:\PycharmProjects\DeepWriterID-v2\\data\raw\WPTT2.2-Test\797-P15.wptt,797,Test,797-P15
F:\PycharmProjects\DeepWriterID-v2\\data\raw\WPTT2.2-Test\797-P16.wptt,797,Train,797-P16
F:\PycharmProjects\DeepWriterID-v2\\data\raw\WPTT2.2-Test\797-P17.wptt,797,Train,797-P17
F:\PycharmProjects\DeepWriterID-v2\\data\raw\WPTT2.2-Test\797-P18.wptt,797,Train,797-P18
F:\PycharmProjects\DeepWriterID-v2\\data\raw\WPTT2.2-Test\798-P14.wptt,798,Train,798-P14
F:\PycharmProjects\DeepWriterID-v2\\data\raw\WPTT2.2-Test\798-P15.wptt,798,Train,798-P15
F:\PycharmProjects\DeepWriterID-v2\\data\raw\WPTT2.2-Test\798-P16.wptt,798,Train,798-P16
F:\PycharmProjects\DeepWriterID-v2\\data\raw\WPTT2.2-Test\798-P17.wptt,798,Train,798-P17
F:\PycharmProjects\DeepWriterID-v2\\data\raw\WPTT2.2-Test\798-P18.wptt,798,Test,798-P18
F:\PycharmProjects\DeepWriterID-v2\\data\raw\WPTT2.2-Test\799-P14.wptt,799,Test,799-P14
F:\PycharmProjects\DeepWriterID-v2\\data\raw\WPTT2.2-Test\799-P15.wptt,799,Train,799-P15
F:\PycharmProjects\DeepWriterID-v2\\data\raw\WPTT2.2-Test\799-P16.wptt,799,Train,799-P16
F:\PycharmProjects\DeepWriterID-v2\\data\raw\WPTT2.2-Test\799-P17.wptt,799,Train,799-P17
F:\PycharmProjects\DeepWriterID-v2\\data\raw\WPTT2.2-Test\799-P18.wptt,799,Train,799-P18
F:\PycharmProjects\DeepWriterID-v2\\data\raw\WPTT2.2-Test\800-P14.wptt,800,Train,800-P14
F:\PycharmProjects\DeepWriterID-v2\\data\raw\WPTT2.2-Test\800-P15.wptt,800,Train,800-P15
F:\PycharmProjects\DeepWriterID-v2\\data\raw\WPTT2.2-Test\800-P16.wptt,800,Train,800-P16
F:\PycharmProjects\DeepWriterID-v2\\data\raw\WPTT2.2-Test\800-P17.wptt,800,Test,800-P17
F:\PycharmProjects\DeepWriterID-v2\\data\raw\WPTT2.2-Test\800-P18.wptt,800,Train,800-P18
